trace,c,policy,window,hit
lifecycle,71,ARC,0,59.919999999999995
lifecycle,71,ARC,1,58.37
lifecycle,71,ARC,2,52.019999999999996
lifecycle,71,ARC,3,52.42
lifecycle,71,ARC,4,54.37
lifecycle,71,ARC,5,60.62
lifecycle,71,ARC,6,51.72
lifecycle,71,ARC,7,52.49
lifecycle,71,ARC,8,45.85
lifecycle,71,ARC,9,56.98
lifecycle,71,ARC,10,51.67
lifecycle,71,ARC,11,50.05
lifecycle,71,ARC,12,45.42
lifecycle,71,ARC,13,44.67
lifecycle,71,ARC,14,45.45
lifecycle,71,ARC,15,44.74
lifecycle,71,ARC,16,47.010000000000005
lifecycle,71,ARC,17,45.08
lifecycle,71,ARC,18,42.39
lifecycle,71,ARC,19,38.48
lifecycle,71,ARC,20,40.47
lifecycle,71,ARC,21,41.08
lifecycle,71,ARC,22,42.84
lifecycle,71,ARC,23,47.61
lifecycle,71,ARC,24,49.76
lifecycle,71,ARC,25,50.129999999999995
lifecycle,71,ARC,26,41.589999999999996
lifecycle,71,ARC,27,44.5
lifecycle,71,ARC,28,35.86
lifecycle,71,ARC,29,47.760000000000005
lifecycle,71,ARC,30,59.96
lifecycle,71,ARC,31,40.8
lifecycle,71,ARC,32,45.32
lifecycle,71,ARC,33,63.239999999999995
lifecycle,71,ARC,34,39.97
lifecycle,71,ARC,35,41.71
lifecycle,71,ARC,36,46.67
lifecycle,71,ARC,37,73.52
lifecycle,71,ARC,38,60.38
lifecycle,71,ARC,39,47.620000000000005
lifecycle,71,ARC,40,49.17
lifecycle,71,ARC,41,54.14
lifecycle,71,ARC,42,55.169999999999995
lifecycle,71,ARC,43,65.83
lifecycle,71,ARC,44,59.01
lifecycle,71,ARC,45,46.83
lifecycle,71,ARC,46,47.07
lifecycle,71,ARC,47,51.349999999999994
lifecycle,71,ARC,48,52.82
lifecycle,71,ARC,49,50.260000000000005
lifecycle,71,ARC,50,44.56
lifecycle,71,ARC,51,46.52
lifecycle,71,ARC,52,57.440000000000005
lifecycle,71,ARC,53,51.44
lifecycle,71,ARC,54,50.43
lifecycle,71,ARC,55,50.27
lifecycle,71,ARC,56,56.10000000000001
lifecycle,71,ARC,57,37.04
lifecycle,71,ARC,58,42.29
lifecycle,71,ARC,59,47.4
lifecycle,71,ARC,60,44.5
lifecycle,71,ARC,61,56.55
lifecycle,71,ARC,62,42.63
lifecycle,71,ARC,63,35.04
lifecycle,71,ARC,64,65.03999999999999
lifecycle,71,ARC,65,52.05
lifecycle,71,ARC,66,48.13
lifecycle,71,ARC,67,45.22
lifecycle,71,ARC,68,52.75
lifecycle,71,ARC,69,49.29
lifecycle,71,ARC,70,51.17
lifecycle,71,ARC,71,59.35
lifecycle,71,ARC,72,64.41
lifecycle,71,ARC,73,62.94
lifecycle,71,ARC,74,52.18000000000001
lifecycle,71,ARC,75,56.11000000000001
lifecycle,71,ARC,76,70.49
lifecycle,71,ARC,77,56.36
lifecycle,71,ARC,78,54.169999999999995
lifecycle,71,ARC,79,42.9
lifecycle,71,ARC,80,47.63
lifecycle,71,ARC,81,47.589999999999996
lifecycle,71,ARC,82,56.15
lifecycle,71,ARC,83,55.38999999999999
lifecycle,71,ARC,84,68.88
lifecycle,71,ARC,85,65.2
lifecycle,71,ARC,86,46.25
lifecycle,71,ARC,87,50.260000000000005
lifecycle,71,ARC,88,45.09
lifecycle,71,ARC,89,37.93
lifecycle,71,ARC,90,40.94
lifecycle,71,ARC,91,42.559999999999995
lifecycle,71,ARC,92,37.84
lifecycle,71,ARC,93,63.449999999999996
lifecycle,71,ARC,94,69.63000000000001
lifecycle,71,ARC,95,54.50000000000001
lifecycle,71,ARC,96,59.209999999999994
lifecycle,71,ARC,97,67.83
lifecycle,71,ARC,98,43.59
lifecycle,71,ARC,99,50.31
lifecycle,71,TIDE,0,60.36
lifecycle,71,TIDE,1,59.4
lifecycle,71,TIDE,2,52.910000000000004
lifecycle,71,TIDE,3,53.06999999999999
lifecycle,71,TIDE,4,54.769999999999996
lifecycle,71,TIDE,5,61.19
lifecycle,71,TIDE,6,52.5
lifecycle,71,TIDE,7,53.15
lifecycle,71,TIDE,8,46.87
lifecycle,71,TIDE,9,57.589999999999996
lifecycle,71,TIDE,10,52.28
lifecycle,71,TIDE,11,51.01
lifecycle,71,TIDE,12,46.03
lifecycle,71,TIDE,13,45.72
lifecycle,71,TIDE,14,46.47
lifecycle,71,TIDE,15,45.92
lifecycle,71,TIDE,16,47.82
lifecycle,71,TIDE,17,45.93
lifecycle,71,TIDE,18,43.43
lifecycle,71,TIDE,19,39.04
lifecycle,71,TIDE,20,41.44
lifecycle,71,TIDE,21,42.19
lifecycle,71,TIDE,22,43.61
lifecycle,71,TIDE,23,48.47
lifecycle,71,TIDE,24,50.519999999999996
lifecycle,71,TIDE,25,50.73
lifecycle,71,TIDE,26,42.66
lifecycle,71,TIDE,27,45.72
lifecycle,71,TIDE,28,36.870000000000005
lifecycle,71,TIDE,29,48.32
lifecycle,71,TIDE,30,60.529999999999994
lifecycle,71,TIDE,31,41.89
lifecycle,71,TIDE,32,46.23
lifecycle,71,TIDE,33,63.68000000000001
lifecycle,71,TIDE,34,40.93
lifecycle,71,TIDE,35,42.91
lifecycle,71,TIDE,36,47.980000000000004
lifecycle,71,TIDE,37,74.03999999999999
lifecycle,71,TIDE,38,61.129999999999995
lifecycle,71,TIDE,39,48.61
lifecycle,71,TIDE,40,49.9
lifecycle,71,TIDE,41,55.02
lifecycle,71,TIDE,42,55.879999999999995
lifecycle,71,TIDE,43,66.31
lifecycle,71,TIDE,44,59.51
lifecycle,71,TIDE,45,48.36
lifecycle,71,TIDE,46,48.0
lifecycle,71,TIDE,47,52.339999999999996
lifecycle,71,TIDE,48,53.86
lifecycle,71,TIDE,49,51.21
lifecycle,71,TIDE,50,45.68
lifecycle,71,TIDE,51,48.02
lifecycle,71,TIDE,52,58.18
lifecycle,71,TIDE,53,52.64
lifecycle,71,TIDE,54,51.690000000000005
lifecycle,71,TIDE,55,50.83
lifecycle,71,TIDE,56,56.85
lifecycle,71,TIDE,57,38.279999999999994
lifecycle,71,TIDE,58,43.519999999999996
lifecycle,71,TIDE,59,48.17
lifecycle,71,TIDE,60,45.06
lifecycle,71,TIDE,61,56.699999999999996
lifecycle,71,TIDE,62,43.95
lifecycle,71,TIDE,63,36.199999999999996
lifecycle,71,TIDE,64,65.56
lifecycle,71,TIDE,65,52.76
lifecycle,71,TIDE,66,49.01
lifecycle,71,TIDE,67,46.45
lifecycle,71,TIDE,68,53.6
lifecycle,71,TIDE,69,50.470000000000006
lifecycle,71,TIDE,70,51.77
lifecycle,71,TIDE,71,60.34
lifecycle,71,TIDE,72,65.21000000000001
lifecycle,71,TIDE,73,63.59
lifecycle,71,TIDE,74,53.09
lifecycle,71,TIDE,75,56.769999999999996
lifecycle,71,TIDE,76,71.17999999999999
lifecycle,71,TIDE,77,56.89999999999999
lifecycle,71,TIDE,78,54.61
lifecycle,71,TIDE,79,44.07
lifecycle,71,TIDE,80,48.68
lifecycle,71,TIDE,81,48.61
lifecycle,71,TIDE,82,56.720000000000006
lifecycle,71,TIDE,83,56.06
lifecycle,71,TIDE,84,69.14
lifecycle,71,TIDE,85,65.99000000000001
lifecycle,71,TIDE,86,47.12
lifecycle,71,TIDE,87,51.61
lifecycle,71,TIDE,88,45.48
lifecycle,71,TIDE,89,39.33
lifecycle,71,TIDE,90,42.18
lifecycle,71,TIDE,91,43.6
lifecycle,71,TIDE,92,39.019999999999996
lifecycle,71,TIDE,93,64.03
lifecycle,71,TIDE,94,70.54
lifecycle,71,TIDE,95,55.279999999999994
lifecycle,71,TIDE,96,60.099999999999994
lifecycle,71,TIDE,97,68.31
lifecycle,71,TIDE,98,45.2
lifecycle,71,TIDE,99,51.13999999999999
lifecycle,708,ARC,0,87.36
lifecycle,708,ARC,1,87.0
lifecycle,708,ARC,2,81.72
lifecycle,708,ARC,3,79.96
lifecycle,708,ARC,4,79.12
lifecycle,708,ARC,5,83.33
lifecycle,708,ARC,6,78.57
lifecycle,708,ARC,7,77.62
lifecycle,708,ARC,8,74.3
lifecycle,708,ARC,9,79.54
lifecycle,708,ARC,10,76.82
lifecycle,708,ARC,11,74.36
lifecycle,708,ARC,12,72.43
lifecycle,708,ARC,13,72.34
lifecycle,708,ARC,14,73.64
lifecycle,708,ARC,15,73.9
lifecycle,708,ARC,16,74.14
lifecycle,708,ARC,17,72.59
lifecycle,708,ARC,18,72.8
lifecycle,708,ARC,19,70.23
lifecycle,708,ARC,20,72.11
lifecycle,708,ARC,21,72.0
lifecycle,708,ARC,22,70.77
lifecycle,708,ARC,23,73.85000000000001
lifecycle,708,ARC,24,73.83
lifecycle,708,ARC,25,76.42
lifecycle,708,ARC,26,73.02
lifecycle,708,ARC,27,73.63
lifecycle,708,ARC,28,68.89
lifecycle,708,ARC,29,74.07000000000001
lifecycle,708,ARC,30,80.58
lifecycle,708,ARC,31,72.13000000000001
lifecycle,708,ARC,32,74.53
lifecycle,708,ARC,33,82.36
lifecycle,708,ARC,34,72.21
lifecycle,708,ARC,35,71.52
lifecycle,708,ARC,36,74.58
lifecycle,708,ARC,37,88.03999999999999
lifecycle,708,ARC,38,81.6
lifecycle,708,ARC,39,75.42
lifecycle,708,ARC,40,75.27000000000001
lifecycle,708,ARC,41,78.05
lifecycle,708,ARC,42,78.97
lifecycle,708,ARC,43,83.44
lifecycle,708,ARC,44,80.03
lifecycle,708,ARC,45,75.91
lifecycle,708,ARC,46,74.83
lifecycle,708,ARC,47,76.85
lifecycle,708,ARC,48,77.49000000000001
lifecycle,708,ARC,49,75.47
lifecycle,708,ARC,50,72.56
lifecycle,708,ARC,51,75.22
lifecycle,708,ARC,52,80.66
lifecycle,708,ARC,53,77.47
lifecycle,708,ARC,54,76.37
lifecycle,708,ARC,55,75.28
lifecycle,708,ARC,56,78.93
lifecycle,708,ARC,57,68.51
lifecycle,708,ARC,58,71.65
lifecycle,708,ARC,59,74.72
lifecycle,708,ARC,60,73.58
lifecycle,708,ARC,61,78.22
lifecycle,708,ARC,62,72.09
lifecycle,708,ARC,63,68.69
lifecycle,708,ARC,64,83.54
lifecycle,708,ARC,65,77.71000000000001
lifecycle,708,ARC,66,75.08
lifecycle,708,ARC,67,73.29
lifecycle,708,ARC,68,77.2
lifecycle,708,ARC,69,76.05
lifecycle,708,ARC,70,76.3
lifecycle,708,ARC,71,80.34
lifecycle,708,ARC,72,83.57
lifecycle,708,ARC,73,82.84
lifecycle,708,ARC,74,77.74
lifecycle,708,ARC,75,79.24
lifecycle,708,ARC,76,86.58
lifecycle,708,ARC,77,80.17
lifecycle,708,ARC,78,78.13
lifecycle,708,ARC,79,73.05
lifecycle,708,ARC,80,74.92999999999999
lifecycle,708,ARC,81,74.58
lifecycle,708,ARC,82,77.83
lifecycle,708,ARC,83,76.75
lifecycle,708,ARC,84,85.0
lifecycle,708,ARC,85,83.32000000000001
lifecycle,708,ARC,86,73.78
lifecycle,708,ARC,87,77.38000000000001
lifecycle,708,ARC,88,73.2
lifecycle,708,ARC,89,70.50999999999999
lifecycle,708,ARC,90,71.98
lifecycle,708,ARC,91,73.00999999999999
lifecycle,708,ARC,92,69.56
lifecycle,708,ARC,93,82.25
lifecycle,708,ARC,94,85.75
lifecycle,708,ARC,95,79.0
lifecycle,708,ARC,96,80.94
lifecycle,708,ARC,97,85.08
lifecycle,708,ARC,98,73.42999999999999
lifecycle,708,ARC,99,75.32
lifecycle,708,TIDE,0,87.36
lifecycle,708,TIDE,1,87.05000000000001
lifecycle,708,TIDE,2,81.77
lifecycle,708,TIDE,3,80.02
lifecycle,708,TIDE,4,78.89
lifecycle,708,TIDE,5,83.21
lifecycle,708,TIDE,6,78.85
lifecycle,708,TIDE,7,78.06
lifecycle,708,TIDE,8,74.82
lifecycle,708,TIDE,9,79.62
lifecycle,708,TIDE,10,77.23
lifecycle,708,TIDE,11,74.74
lifecycle,708,TIDE,12,72.97
lifecycle,708,TIDE,13,72.34
lifecycle,708,TIDE,14,74.03
lifecycle,708,TIDE,15,74.22
lifecycle,708,TIDE,16,74.63
lifecycle,708,TIDE,17,72.28
lifecycle,708,TIDE,18,73.0
lifecycle,708,TIDE,19,70.67999999999999
lifecycle,708,TIDE,20,72.53
lifecycle,708,TIDE,21,72.66
lifecycle,708,TIDE,22,71.50999999999999
lifecycle,708,TIDE,23,74.45
lifecycle,708,TIDE,24,74.36
lifecycle,708,TIDE,25,76.98
lifecycle,708,TIDE,26,73.37
lifecycle,708,TIDE,27,73.89
lifecycle,708,TIDE,28,69.42
lifecycle,708,TIDE,29,74.75
lifecycle,708,TIDE,30,81.07
lifecycle,708,TIDE,31,72.54
lifecycle,708,TIDE,32,74.99
lifecycle,708,TIDE,33,82.19999999999999
lifecycle,708,TIDE,34,73.11999999999999
lifecycle,708,TIDE,35,71.78999999999999
lifecycle,708,TIDE,36,74.98
lifecycle,708,TIDE,37,88.11
lifecycle,708,TIDE,38,81.87
lifecycle,708,TIDE,39,75.76
lifecycle,708,TIDE,40,75.99000000000001
lifecycle,708,TIDE,41,78.45
lifecycle,708,TIDE,42,79.38
lifecycle,708,TIDE,43,83.86
lifecycle,708,TIDE,44,80.88
lifecycle,708,TIDE,45,76.0
lifecycle,708,TIDE,46,75.26
lifecycle,708,TIDE,47,77.64
lifecycle,708,TIDE,48,77.61
lifecycle,708,TIDE,49,75.87
lifecycle,708,TIDE,50,73.28
lifecycle,708,TIDE,51,75.61
lifecycle,708,TIDE,52,81.38
lifecycle,708,TIDE,53,77.59
lifecycle,708,TIDE,54,76.75
lifecycle,708,TIDE,55,75.64999999999999
lifecycle,708,TIDE,56,79.36999999999999
lifecycle,708,TIDE,57,69.39
lifecycle,708,TIDE,58,71.99
lifecycle,708,TIDE,59,74.96000000000001
lifecycle,708,TIDE,60,73.56
lifecycle,708,TIDE,61,78.59
lifecycle,708,TIDE,62,72.84
lifecycle,708,TIDE,63,69.46
lifecycle,708,TIDE,64,83.84
lifecycle,708,TIDE,65,78.2
lifecycle,708,TIDE,66,75.4
lifecycle,708,TIDE,67,74.3
lifecycle,708,TIDE,68,77.29
lifecycle,708,TIDE,69,76.75999999999999
lifecycle,708,TIDE,70,76.64999999999999
lifecycle,708,TIDE,71,80.27
lifecycle,708,TIDE,72,84.05
lifecycle,708,TIDE,73,82.56
lifecycle,708,TIDE,74,78.49000000000001
lifecycle,708,TIDE,75,79.75999999999999
lifecycle,708,TIDE,76,86.92
lifecycle,708,TIDE,77,80.39
lifecycle,708,TIDE,78,78.01
lifecycle,708,TIDE,79,72.94
lifecycle,708,TIDE,80,75.62
lifecycle,708,TIDE,81,75.51
lifecycle,708,TIDE,82,78.25999999999999
lifecycle,708,TIDE,83,77.07000000000001
lifecycle,708,TIDE,84,85.27
lifecycle,708,TIDE,85,84.02
lifecycle,708,TIDE,86,74.71
lifecycle,708,TIDE,87,78.06
lifecycle,708,TIDE,88,73.82
lifecycle,708,TIDE,89,71.15
lifecycle,708,TIDE,90,72.50999999999999
lifecycle,708,TIDE,91,73.6
lifecycle,708,TIDE,92,70.46
lifecycle,708,TIDE,93,82.85
lifecycle,708,TIDE,94,86.13
lifecycle,708,TIDE,95,79.5
lifecycle,708,TIDE,96,81.78999999999999
lifecycle,708,TIDE,97,85.3
lifecycle,708,TIDE,98,74.47
lifecycle,708,TIDE,99,75.85
lifecycle,7084,ARC,0,88.59
lifecycle,7084,ARC,1,91.57
lifecycle,7084,ARC,2,91.51
lifecycle,7084,ARC,3,91.96
lifecycle,7084,ARC,4,92.5
lifecycle,7084,ARC,5,93.97999999999999
lifecycle,7084,ARC,6,92.67999999999999
lifecycle,7084,ARC,7,92.65
lifecycle,7084,ARC,8,91.85
lifecycle,7084,ARC,9,91.97999999999999
lifecycle,7084,ARC,10,92.16
lifecycle,7084,ARC,11,92.03
lifecycle,7084,ARC,12,91.36
lifecycle,7084,ARC,13,91.51
lifecycle,7084,ARC,14,92.10000000000001
lifecycle,7084,ARC,15,91.92
lifecycle,7084,ARC,16,92.15
lifecycle,7084,ARC,17,91.81
lifecycle,7084,ARC,18,91.67
lifecycle,7084,ARC,19,90.84
lifecycle,7084,ARC,20,91.67999999999999
lifecycle,7084,ARC,21,91.53999999999999
lifecycle,7084,ARC,22,91.07
lifecycle,7084,ARC,23,91.72
lifecycle,7084,ARC,24,92.58999999999999
lifecycle,7084,ARC,25,92.75999999999999
lifecycle,7084,ARC,26,91.99000000000001
lifecycle,7084,ARC,27,91.81
lifecycle,7084,ARC,28,90.53
lifecycle,7084,ARC,29,92.45
lifecycle,7084,ARC,30,94.22
lifecycle,7084,ARC,31,91.79
lifecycle,7084,ARC,32,92.24
lifecycle,7084,ARC,33,94.67
lifecycle,7084,ARC,34,91.69
lifecycle,7084,ARC,35,91.47999999999999
lifecycle,7084,ARC,36,92.67
lifecycle,7084,ARC,37,96.28
lifecycle,7084,ARC,38,94.5
lifecycle,7084,ARC,39,92.36
lifecycle,7084,ARC,40,92.80000000000001
lifecycle,7084,ARC,41,93.16
lifecycle,7084,ARC,42,93.81
lifecycle,7084,ARC,43,94.92
lifecycle,7084,ARC,44,94.28
lifecycle,7084,ARC,45,92.67
lifecycle,7084,ARC,46,92.34
lifecycle,7084,ARC,47,92.74
lifecycle,7084,ARC,48,93.33
lifecycle,7084,ARC,49,92.63
lifecycle,7084,ARC,50,91.71000000000001
lifecycle,7084,ARC,51,92.47
lifecycle,7084,ARC,52,94.27
lifecycle,7084,ARC,53,92.92
lifecycle,7084,ARC,54,92.56
lifecycle,7084,ARC,55,92.95
lifecycle,7084,ARC,56,93.49
lifecycle,7084,ARC,57,90.13
lifecycle,7084,ARC,58,91.35
lifecycle,7084,ARC,59,92.16
lifecycle,7084,ARC,60,91.69
lifecycle,7084,ARC,61,93.46
lifecycle,7084,ARC,62,91.14999999999999
lifecycle,7084,ARC,63,90.49000000000001
lifecycle,7084,ARC,64,95.05
lifecycle,7084,ARC,65,93.36
lifecycle,7084,ARC,66,92.53
lifecycle,7084,ARC,67,92.23
lifecycle,7084,ARC,68,92.97
lifecycle,7084,ARC,69,92.71000000000001
lifecycle,7084,ARC,70,92.91
lifecycle,7084,ARC,71,93.92
lifecycle,7084,ARC,72,94.67999999999999
lifecycle,7084,ARC,73,94.8
lifecycle,7084,ARC,74,93.17
lifecycle,7084,ARC,75,93.74
lifecycle,7084,ARC,76,95.88
lifecycle,7084,ARC,77,93.5
lifecycle,7084,ARC,78,93.21000000000001
lifecycle,7084,ARC,79,92.07
lifecycle,7084,ARC,80,92.56
lifecycle,7084,ARC,81,92.67999999999999
lifecycle,7084,ARC,82,93.77
lifecycle,7084,ARC,83,93.15
lifecycle,7084,ARC,84,95.39999999999999
lifecycle,7084,ARC,85,94.62
lifecycle,7084,ARC,86,92.01
lifecycle,7084,ARC,87,93.45
lifecycle,7084,ARC,88,91.62
lifecycle,7084,ARC,89,90.86
lifecycle,7084,ARC,90,90.92
lifecycle,7084,ARC,91,91.99000000000001
lifecycle,7084,ARC,92,90.32
lifecycle,7084,ARC,93,94.57
lifecycle,7084,ARC,94,95.48
lifecycle,7084,ARC,95,93.55
lifecycle,7084,ARC,96,94.33
lifecycle,7084,ARC,97,95.3
lifecycle,7084,ARC,98,91.91
lifecycle,7084,ARC,99,92.24
lifecycle,7084,TIDE,0,88.59
lifecycle,7084,TIDE,1,91.57
lifecycle,7084,TIDE,2,91.51
lifecycle,7084,TIDE,3,91.96
lifecycle,7084,TIDE,4,92.5
lifecycle,7084,TIDE,5,93.97999999999999
lifecycle,7084,TIDE,6,92.67999999999999
lifecycle,7084,TIDE,7,92.65
lifecycle,7084,TIDE,8,91.85
lifecycle,7084,TIDE,9,91.97999999999999
lifecycle,7084,TIDE,10,91.95
lifecycle,7084,TIDE,11,91.9
lifecycle,7084,TIDE,12,91.32000000000001
lifecycle,7084,TIDE,13,91.49000000000001
lifecycle,7084,TIDE,14,91.75
lifecycle,7084,TIDE,15,91.86
lifecycle,7084,TIDE,16,92.10000000000001
lifecycle,7084,TIDE,17,91.81
lifecycle,7084,TIDE,18,91.67
lifecycle,7084,TIDE,19,90.85
lifecycle,7084,TIDE,20,91.71000000000001
lifecycle,7084,TIDE,21,91.53999999999999
lifecycle,7084,TIDE,22,91.09
lifecycle,7084,TIDE,23,91.72
lifecycle,7084,TIDE,24,92.62
lifecycle,7084,TIDE,25,92.78
lifecycle,7084,TIDE,26,92.0
lifecycle,7084,TIDE,27,91.81
lifecycle,7084,TIDE,28,90.52
lifecycle,7084,TIDE,29,92.45
lifecycle,7084,TIDE,30,94.23
lifecycle,7084,TIDE,31,91.81
lifecycle,7084,TIDE,32,92.25
lifecycle,7084,TIDE,33,94.66
lifecycle,7084,TIDE,34,91.7
lifecycle,7084,TIDE,35,91.51
lifecycle,7084,TIDE,36,92.69
lifecycle,7084,TIDE,37,96.3
lifecycle,7084,TIDE,38,94.5
lifecycle,7084,TIDE,39,92.39
lifecycle,7084,TIDE,40,92.81
lifecycle,7084,TIDE,41,93.17
lifecycle,7084,TIDE,42,93.81
lifecycle,7084,TIDE,43,94.92
lifecycle,7084,TIDE,44,94.28999999999999
lifecycle,7084,TIDE,45,92.67999999999999
lifecycle,7084,TIDE,46,92.34
lifecycle,7084,TIDE,47,92.74
lifecycle,7084,TIDE,48,93.33
lifecycle,7084,TIDE,49,92.66
lifecycle,7084,TIDE,50,91.72
lifecycle,7084,TIDE,51,92.47
lifecycle,7084,TIDE,52,94.27
lifecycle,7084,TIDE,53,92.94
lifecycle,7084,TIDE,54,92.57
lifecycle,7084,TIDE,55,92.95
lifecycle,7084,TIDE,56,93.49
lifecycle,7084,TIDE,57,90.13
lifecycle,7084,TIDE,58,91.35
lifecycle,7084,TIDE,59,92.15
lifecycle,7084,TIDE,60,91.71000000000001
lifecycle,7084,TIDE,61,93.47
lifecycle,7084,TIDE,62,91.16
lifecycle,7084,TIDE,63,90.53999999999999
lifecycle,7084,TIDE,64,95.05
lifecycle,7084,TIDE,65,93.37
lifecycle,7084,TIDE,66,92.54
lifecycle,7084,TIDE,67,92.23
lifecycle,7084,TIDE,68,92.97
lifecycle,7084,TIDE,69,92.71000000000001
lifecycle,7084,TIDE,70,92.92
lifecycle,7084,TIDE,71,93.92
lifecycle,7084,TIDE,72,94.69
lifecycle,7084,TIDE,73,94.82000000000001
lifecycle,7084,TIDE,74,93.17999999999999
lifecycle,7084,TIDE,75,93.74
lifecycle,7084,TIDE,76,95.88
lifecycle,7084,TIDE,77,93.5
lifecycle,7084,TIDE,78,93.21000000000001
lifecycle,7084,TIDE,79,92.09
lifecycle,7084,TIDE,80,92.58
lifecycle,7084,TIDE,81,92.69
lifecycle,7084,TIDE,82,93.78999999999999
lifecycle,7084,TIDE,83,93.16
lifecycle,7084,TIDE,84,95.39999999999999
lifecycle,7084,TIDE,85,94.62
lifecycle,7084,TIDE,86,92.04
lifecycle,7084,TIDE,87,93.46
lifecycle,7084,TIDE,88,91.63
lifecycle,7084,TIDE,89,90.85
lifecycle,7084,TIDE,90,90.93
lifecycle,7084,TIDE,91,92.0
lifecycle,7084,TIDE,92,90.33
lifecycle,7084,TIDE,93,94.57
lifecycle,7084,TIDE,94,95.48
lifecycle,7084,TIDE,95,93.55
lifecycle,7084,TIDE,96,94.34
lifecycle,7084,TIDE,97,95.3
lifecycle,7084,TIDE,98,91.92
lifecycle,7084,TIDE,99,92.25999999999999
cycle,27,ARC,0,15.25
cycle,27,ARC,1,16.03
cycle,27,ARC,2,17.36
cycle,27,ARC,3,16.98
cycle,27,ARC,4,17.88
cycle,27,ARC,5,17.18
cycle,27,ARC,6,17.44
cycle,27,ARC,7,17.62
cycle,27,ARC,8,17.06
cycle,27,ARC,9,17.93
cycle,27,ARC,10,17.47
cycle,27,ARC,11,17.66
cycle,27,ARC,12,17.150000000000002
cycle,27,ARC,13,17.349999999999998
cycle,27,ARC,14,17.14
cycle,27,ARC,15,17.04
cycle,27,ARC,16,17.330000000000002
cycle,27,ARC,17,17.79
cycle,27,ARC,18,17.65
cycle,27,ARC,19,17.59
cycle,27,ARC,20,16.830000000000002
cycle,27,ARC,21,17.1
cycle,27,ARC,22,17.119999999999997
cycle,27,ARC,23,17.01
cycle,27,ARC,24,17.65
cycle,27,ARC,25,18.05
cycle,27,ARC,26,17.87
cycle,27,ARC,27,17.849999999999998
cycle,27,ARC,28,17.51
cycle,27,ARC,29,17.41
cycle,27,ARC,30,17.26
cycle,27,ARC,31,16.77
cycle,27,ARC,32,18.07
cycle,27,ARC,33,17.52
cycle,27,ARC,34,16.85
cycle,27,ARC,35,17.7
cycle,27,ARC,36,17.31
cycle,27,ARC,37,17.22
cycle,27,ARC,38,16.77
cycle,27,ARC,39,16.75
cycle,27,ARC,40,17.19
cycle,27,ARC,41,16.939999999999998
cycle,27,ARC,42,17.06
cycle,27,ARC,43,17.52
cycle,27,ARC,44,17.71
cycle,27,ARC,45,17.2
cycle,27,ARC,46,17.82
cycle,27,ARC,47,17.16
cycle,27,ARC,48,16.76
cycle,27,ARC,49,17.16
cycle,27,ARC,50,17.69
cycle,27,ARC,51,17.61
cycle,27,ARC,52,17.27
cycle,27,ARC,53,17.43
cycle,27,ARC,54,17.52
cycle,27,ARC,55,17.24
cycle,27,ARC,56,17.31
cycle,27,ARC,57,17.68
cycle,27,ARC,58,17.28
cycle,27,ARC,59,17.380000000000003
cycle,27,ARC,60,17.349999999999998
cycle,27,ARC,61,17.41
cycle,27,ARC,62,17.23
cycle,27,ARC,63,17.66
cycle,27,ARC,64,16.98
cycle,27,ARC,65,16.96
cycle,27,ARC,66,17.76
cycle,27,ARC,67,16.830000000000002
cycle,27,ARC,68,17.77
cycle,27,ARC,69,16.869999999999997
cycle,27,ARC,70,17.02
cycle,27,ARC,71,16.900000000000002
cycle,27,ARC,72,17.01
cycle,27,ARC,73,17.75
cycle,27,ARC,74,17.25
cycle,27,ARC,75,17.19
cycle,27,ARC,76,17.150000000000002
cycle,27,ARC,77,17.23
cycle,27,ARC,78,17.19
cycle,27,ARC,79,17.96
cycle,27,ARC,80,17.16
cycle,27,ARC,81,16.75
cycle,27,ARC,82,16.85
cycle,27,ARC,83,17.48
cycle,27,ARC,84,17.02
cycle,27,ARC,85,18.12
cycle,27,ARC,86,16.78
cycle,27,ARC,87,17.34
cycle,27,ARC,88,17.36
cycle,27,ARC,89,17.29
cycle,27,ARC,90,17.11
cycle,27,ARC,91,17.330000000000002
cycle,27,ARC,92,17.380000000000003
cycle,27,ARC,93,17.05
cycle,27,ARC,94,17.150000000000002
cycle,27,ARC,95,16.81
cycle,27,ARC,96,16.619999999999997
cycle,27,ARC,97,17.06
cycle,27,ARC,98,17.37
cycle,27,ARC,99,17.88
cycle,27,TIDE,0,16.009999999999998
cycle,27,TIDE,1,16.28
cycle,27,TIDE,2,17.65
cycle,27,TIDE,3,17.09
cycle,27,TIDE,4,17.990000000000002
cycle,27,TIDE,5,17.19
cycle,27,TIDE,6,17.51
cycle,27,TIDE,7,17.59
cycle,27,TIDE,8,17.169999999999998
cycle,27,TIDE,9,18.09
cycle,27,TIDE,10,17.82
cycle,27,TIDE,11,17.83
cycle,27,TIDE,12,17.36
cycle,27,TIDE,13,17.36
cycle,27,TIDE,14,17.380000000000003
cycle,27,TIDE,15,17.46
cycle,27,TIDE,16,17.39
cycle,27,TIDE,17,17.72
cycle,27,TIDE,18,17.71
cycle,27,TIDE,19,17.57
cycle,27,TIDE,20,16.950000000000003
cycle,27,TIDE,21,17.06
cycle,27,TIDE,22,17.18
cycle,27,TIDE,23,17.22
cycle,27,TIDE,24,17.740000000000002
cycle,27,TIDE,25,18.05
cycle,27,TIDE,26,17.88
cycle,27,TIDE,27,17.96
cycle,27,TIDE,28,17.69
cycle,27,TIDE,29,17.49
cycle,27,TIDE,30,17.27
cycle,27,TIDE,31,17.04
cycle,27,TIDE,32,18.099999999999998
cycle,27,TIDE,33,17.57
cycle,27,TIDE,34,16.79
cycle,27,TIDE,35,17.849999999999998
cycle,27,TIDE,36,17.68
cycle,27,TIDE,37,17.560000000000002
cycle,27,TIDE,38,16.97
cycle,27,TIDE,39,16.97
cycle,27,TIDE,40,17.37
cycle,27,TIDE,41,17.02
cycle,27,TIDE,42,17.119999999999997
cycle,27,TIDE,43,17.57
cycle,27,TIDE,44,17.89
cycle,27,TIDE,45,17.37
cycle,27,TIDE,46,17.88
cycle,27,TIDE,47,17.16
cycle,27,TIDE,48,16.79
cycle,27,TIDE,49,17.05
cycle,27,TIDE,50,17.9
cycle,27,TIDE,51,17.95
cycle,27,TIDE,52,17.28
cycle,27,TIDE,53,17.57
cycle,27,TIDE,54,17.68
cycle,27,TIDE,55,17.22
cycle,27,TIDE,56,17.580000000000002
cycle,27,TIDE,57,17.8
cycle,27,TIDE,58,17.34
cycle,27,TIDE,59,17.580000000000002
cycle,27,TIDE,60,17.46
cycle,27,TIDE,61,17.44
cycle,27,TIDE,62,17.44
cycle,27,TIDE,63,17.96
cycle,27,TIDE,64,17.27
cycle,27,TIDE,65,17.130000000000003
cycle,27,TIDE,66,17.97
cycle,27,TIDE,67,17.01
cycle,27,TIDE,68,17.9
cycle,27,TIDE,69,16.8
cycle,27,TIDE,70,17.169999999999998
cycle,27,TIDE,71,17.01
cycle,27,TIDE,72,17.29
cycle,27,TIDE,73,17.91
cycle,27,TIDE,74,17.36
cycle,27,TIDE,75,17.51
cycle,27,TIDE,76,17.31
cycle,27,TIDE,77,17.32
cycle,27,TIDE,78,17.28
cycle,27,TIDE,79,18.029999999999998
cycle,27,TIDE,80,17.43
cycle,27,TIDE,81,16.939999999999998
cycle,27,TIDE,82,16.76
cycle,27,TIDE,83,17.49
cycle,27,TIDE,84,17.150000000000002
cycle,27,TIDE,85,18.25
cycle,27,TIDE,86,17.130000000000003
cycle,27,TIDE,87,17.51
cycle,27,TIDE,88,17.59
cycle,27,TIDE,89,17.47
cycle,27,TIDE,90,17.29
cycle,27,TIDE,91,17.43
cycle,27,TIDE,92,17.69
cycle,27,TIDE,93,17.130000000000003
cycle,27,TIDE,94,17.169999999999998
cycle,27,TIDE,95,16.96
cycle,27,TIDE,96,16.6
cycle,27,TIDE,97,17.25
cycle,27,TIDE,98,17.31
cycle,27,TIDE,99,18.04
cycle,273,ARC,0,18.72
cycle,273,ARC,1,19.25
cycle,273,ARC,2,20.919999999999998
cycle,273,ARC,3,21.02
cycle,273,ARC,4,21.85
cycle,273,ARC,5,21.26
cycle,273,ARC,6,21.45
cycle,273,ARC,7,22.24
cycle,273,ARC,8,21.959999999999997
cycle,273,ARC,9,22.93
cycle,273,ARC,10,22.36
cycle,273,ARC,11,22.66
cycle,273,ARC,12,22.41
cycle,273,ARC,13,22.24
cycle,273,ARC,14,21.69
cycle,273,ARC,15,22.68
cycle,273,ARC,16,22.41
cycle,273,ARC,17,23.200000000000003
cycle,273,ARC,18,23.09
cycle,273,ARC,19,22.8
cycle,273,ARC,20,22.34
cycle,273,ARC,21,22.720000000000002
cycle,273,ARC,22,23.02
cycle,273,ARC,23,22.63
cycle,273,ARC,24,23.06
cycle,273,ARC,25,23.05
cycle,273,ARC,26,23.64
cycle,273,ARC,27,23.369999999999997
cycle,273,ARC,28,23.330000000000002
cycle,273,ARC,29,22.939999999999998
cycle,273,ARC,30,23.200000000000003
cycle,273,ARC,31,22.48
cycle,273,ARC,32,23.47
cycle,273,ARC,33,23.23
cycle,273,ARC,34,22.62
cycle,273,ARC,35,23.23
cycle,273,ARC,36,23.34
cycle,273,ARC,37,23.150000000000002
cycle,273,ARC,38,22.86
cycle,273,ARC,39,22.59
cycle,273,ARC,40,22.5
cycle,273,ARC,41,22.86
cycle,273,ARC,42,22.99
cycle,273,ARC,43,23.22
cycle,273,ARC,44,23.69
cycle,273,ARC,45,23.06
cycle,273,ARC,46,23.34
cycle,273,ARC,47,23.11
cycle,273,ARC,48,23.32
cycle,273,ARC,49,22.98
cycle,273,ARC,50,23.77
cycle,273,ARC,51,23.71
cycle,273,ARC,52,22.93
cycle,273,ARC,53,23.41
cycle,273,ARC,54,23.32
cycle,273,ARC,55,22.939999999999998
cycle,273,ARC,56,23.25
cycle,273,ARC,57,23.18
cycle,273,ARC,58,22.81
cycle,273,ARC,59,23.49
cycle,273,ARC,60,23.380000000000003
cycle,273,ARC,61,23.54
cycle,273,ARC,62,22.91
cycle,273,ARC,63,23.54
cycle,273,ARC,64,22.64
cycle,273,ARC,65,22.88
cycle,273,ARC,66,23.119999999999997
cycle,273,ARC,67,23.080000000000002
cycle,273,ARC,68,23.5
cycle,273,ARC,69,22.58
cycle,273,ARC,70,22.869999999999997
cycle,273,ARC,71,22.62
cycle,273,ARC,72,22.97
cycle,273,ARC,73,23.74
cycle,273,ARC,74,23.18
cycle,273,ARC,75,23.369999999999997
cycle,273,ARC,76,23.29
cycle,273,ARC,77,23.31
cycle,273,ARC,78,22.96
cycle,273,ARC,79,23.51
cycle,273,ARC,80,23.3
cycle,273,ARC,81,22.88
cycle,273,ARC,82,22.98
cycle,273,ARC,83,23.45
cycle,273,ARC,84,22.89
cycle,273,ARC,85,24.34
cycle,273,ARC,86,22.99
cycle,273,ARC,87,23.630000000000003
cycle,273,ARC,88,23.22
cycle,273,ARC,89,22.86
cycle,273,ARC,90,22.8
cycle,273,ARC,91,23.21
cycle,273,ARC,92,23.39
cycle,273,ARC,93,22.96
cycle,273,ARC,94,23.080000000000002
cycle,273,ARC,95,22.79
cycle,273,ARC,96,22.39
cycle,273,ARC,97,23.02
cycle,273,ARC,98,22.98
cycle,273,ARC,99,23.72
cycle,273,TIDE,0,19.13
cycle,273,TIDE,1,22.33
cycle,273,TIDE,2,22.869999999999997
cycle,273,TIDE,3,23.79
cycle,273,TIDE,4,21.78
cycle,273,TIDE,5,23.810000000000002
cycle,273,TIDE,6,23.94
cycle,273,TIDE,7,20.97
cycle,273,TIDE,8,24.05
cycle,273,TIDE,9,25.1
cycle,273,TIDE,10,23.27
cycle,273,TIDE,11,23.95
cycle,273,TIDE,12,23.96
cycle,273,TIDE,13,20.7
cycle,273,TIDE,14,23.44
cycle,273,TIDE,15,23.82
cycle,273,TIDE,16,24.060000000000002
cycle,273,TIDE,17,22.38
cycle,273,TIDE,18,23.56
cycle,273,TIDE,19,23.849999999999998
cycle,273,TIDE,20,23.97
cycle,273,TIDE,21,22.11
cycle,273,TIDE,22,22.39
cycle,273,TIDE,23,23.79
cycle,273,TIDE,24,24.12
cycle,273,TIDE,25,24.02
cycle,273,TIDE,26,24.84
cycle,273,TIDE,27,24.63
cycle,273,TIDE,28,23.61
cycle,273,TIDE,29,22.73
cycle,273,TIDE,30,23.84
cycle,273,TIDE,31,23.65
cycle,273,TIDE,32,24.89
cycle,273,TIDE,33,23.97
cycle,273,TIDE,34,23.39
cycle,273,TIDE,35,23.93
cycle,273,TIDE,36,23.880000000000003
cycle,273,TIDE,37,23.26
cycle,273,TIDE,38,23.46
cycle,273,TIDE,39,23.830000000000002
cycle,273,TIDE,40,23.97
cycle,273,TIDE,41,19.89
cycle,273,TIDE,42,24.01
cycle,273,TIDE,43,24.46
cycle,273,TIDE,44,24.27
cycle,273,TIDE,45,23.78
cycle,273,TIDE,46,22.8
cycle,273,TIDE,47,24.279999999999998
cycle,273,TIDE,48,23.119999999999997
cycle,273,TIDE,49,23.34
cycle,273,TIDE,50,24.65
cycle,273,TIDE,51,24.94
cycle,273,TIDE,52,23.11
cycle,273,TIDE,53,23.69
cycle,273,TIDE,54,24.57
cycle,273,TIDE,55,23.87
cycle,273,TIDE,56,23.35
cycle,273,TIDE,57,23.89
cycle,273,TIDE,58,23.990000000000002
cycle,273,TIDE,59,24.46
cycle,273,TIDE,60,23.44
cycle,273,TIDE,61,23.72
cycle,273,TIDE,62,24.13
cycle,273,TIDE,63,24.75
cycle,273,TIDE,64,23.07
cycle,273,TIDE,65,23.28
cycle,273,TIDE,66,24.5
cycle,273,TIDE,67,23.95
cycle,273,TIDE,68,24.18
cycle,273,TIDE,69,23.03
cycle,273,TIDE,70,24.04
cycle,273,TIDE,71,23.9
cycle,273,TIDE,72,23.400000000000002
cycle,273,TIDE,73,24.07
cycle,273,TIDE,74,24.27
cycle,273,TIDE,75,24.29
cycle,273,TIDE,76,23.59
cycle,273,TIDE,77,23.47
cycle,273,TIDE,78,23.79
cycle,273,TIDE,79,24.9
cycle,273,TIDE,80,23.59
cycle,273,TIDE,81,22.98
cycle,273,TIDE,82,23.84
cycle,273,TIDE,83,24.51
cycle,273,TIDE,84,23.21
cycle,273,TIDE,85,24.740000000000002
cycle,273,TIDE,86,24.11
cycle,273,TIDE,87,24.54
cycle,273,TIDE,88,23.32
cycle,273,TIDE,89,23.400000000000002
cycle,273,TIDE,90,23.86
cycle,273,TIDE,91,24.25
cycle,273,TIDE,92,23.49
cycle,273,TIDE,93,23.34
cycle,273,TIDE,94,24.240000000000002
cycle,273,TIDE,95,24.03
cycle,273,TIDE,96,22.63
cycle,273,TIDE,97,23.400000000000002
cycle,273,TIDE,98,24.2
cycle,273,TIDE,99,25.040000000000003
cycle,2727,ARC,0,21.22
cycle,2727,ARC,1,21.26
cycle,2727,ARC,2,23.04
cycle,2727,ARC,3,23.28
cycle,2727,ARC,4,24.26
cycle,2727,ARC,5,23.64
cycle,2727,ARC,6,23.849999999999998
cycle,2727,ARC,7,24.22
cycle,2727,ARC,8,23.78
cycle,2727,ARC,9,24.81
cycle,2727,ARC,10,24.32
cycle,2727,ARC,11,24.73
cycle,2727,ARC,12,24.45
cycle,2727,ARC,13,24.18
cycle,2727,ARC,14,23.59
cycle,2727,ARC,15,24.7
cycle,2727,ARC,16,24.21
cycle,2727,ARC,17,25.11
cycle,2727,ARC,18,25.1
cycle,2727,ARC,19,24.6
cycle,2727,ARC,20,24.16
cycle,2727,ARC,21,24.79
cycle,2727,ARC,22,24.75
cycle,2727,ARC,23,24.42
cycle,2727,ARC,24,24.759999999999998
cycle,2727,ARC,25,24.85
cycle,2727,ARC,26,25.419999999999998
cycle,2727,ARC,27,25.369999999999997
cycle,2727,ARC,28,25.0
cycle,2727,ARC,29,24.64
cycle,2727,ARC,30,25.11
cycle,2727,ARC,31,24.18
cycle,2727,ARC,32,25.28
cycle,2727,ARC,33,25.3
cycle,2727,ARC,34,24.7
cycle,2727,ARC,35,25.3
cycle,2727,ARC,36,25.319999999999997
cycle,2727,ARC,37,25.25
cycle,2727,ARC,38,24.86
cycle,2727,ARC,39,24.779999999999998
cycle,2727,ARC,40,24.57
cycle,2727,ARC,41,25.040000000000003
cycle,2727,ARC,42,24.94
cycle,2727,ARC,43,25.25
cycle,2727,ARC,44,25.590000000000003
cycle,2727,ARC,45,25.3
cycle,2727,ARC,46,25.380000000000003
cycle,2727,ARC,47,25.119999999999997
cycle,2727,ARC,48,25.650000000000002
cycle,2727,ARC,49,25.19
cycle,2727,ARC,50,25.580000000000002
cycle,2727,ARC,51,25.66
cycle,2727,ARC,52,25.0
cycle,2727,ARC,53,25.61
cycle,2727,ARC,54,25.41
cycle,2727,ARC,55,25.03
cycle,2727,ARC,56,25.419999999999998
cycle,2727,ARC,57,25.330000000000002
cycle,2727,ARC,58,24.88
cycle,2727,ARC,59,25.36
cycle,2727,ARC,60,25.419999999999998
cycle,2727,ARC,61,25.86
cycle,2727,ARC,62,25.1
cycle,2727,ARC,63,25.52
cycle,2727,ARC,64,24.9
cycle,2727,ARC,65,25.009999999999998
cycle,2727,ARC,66,25.330000000000002
cycle,2727,ARC,67,25.22
cycle,2727,ARC,68,25.91
cycle,2727,ARC,69,24.97
cycle,2727,ARC,70,25.180000000000003
cycle,2727,ARC,71,25.3
cycle,2727,ARC,72,25.169999999999998
cycle,2727,ARC,73,26.090000000000003
cycle,2727,ARC,74,25.7
cycle,2727,ARC,75,25.759999999999998
cycle,2727,ARC,76,25.569999999999997
cycle,2727,ARC,77,25.929999999999996
cycle,2727,ARC,78,25.41
cycle,2727,ARC,79,25.979999999999997
cycle,2727,ARC,80,25.69
cycle,2727,ARC,81,25.25
cycle,2727,ARC,82,25.35
cycle,2727,ARC,83,25.729999999999997
cycle,2727,ARC,84,25.21
cycle,2727,ARC,85,26.669999999999998
cycle,2727,ARC,86,25.490000000000002
cycle,2727,ARC,87,26.13
cycle,2727,ARC,88,25.619999999999997
cycle,2727,ARC,89,25.31
cycle,2727,ARC,90,25.569999999999997
cycle,2727,ARC,91,25.679999999999996
cycle,2727,ARC,92,25.729999999999997
cycle,2727,ARC,93,25.419999999999998
cycle,2727,ARC,94,25.75
cycle,2727,ARC,95,25.39
cycle,2727,ARC,96,24.7
cycle,2727,ARC,97,25.509999999999998
cycle,2727,ARC,98,25.41
cycle,2727,ARC,99,26.669999999999998
cycle,2727,TIDE,0,21.22
cycle,2727,TIDE,1,21.26
cycle,2727,TIDE,2,36.07
cycle,2727,TIDE,3,68.28999999999999
cycle,2727,TIDE,4,68.73
cycle,2727,TIDE,5,54.65
cycle,2727,TIDE,6,60.45
cycle,2727,TIDE,7,67.41
cycle,2727,TIDE,8,65.9
cycle,2727,TIDE,9,59.51
cycle,2727,TIDE,10,60.919999999999995
cycle,2727,TIDE,11,66.42
cycle,2727,TIDE,12,63.46000000000001
cycle,2727,TIDE,13,59.78
cycle,2727,TIDE,14,61.39
cycle,2727,TIDE,15,63.91
cycle,2727,TIDE,16,62.629999999999995
cycle,2727,TIDE,17,58.97
cycle,2727,TIDE,18,59.79
cycle,2727,TIDE,19,61.95
cycle,2727,TIDE,20,61.24000000000001
cycle,2727,TIDE,21,58.209999999999994
cycle,2727,TIDE,22,60.45
cycle,2727,TIDE,23,61.35
cycle,2727,TIDE,24,61.660000000000004
cycle,2727,TIDE,25,58.74
cycle,2727,TIDE,26,59.61
cycle,2727,TIDE,27,61.44
cycle,2727,TIDE,28,59.64
cycle,2727,TIDE,29,59.46
cycle,2727,TIDE,30,59.98
cycle,2727,TIDE,31,60.980000000000004
cycle,2727,TIDE,32,60.33
cycle,2727,TIDE,33,59.37
cycle,2727,TIDE,34,60.309999999999995
cycle,2727,TIDE,35,60.8
cycle,2727,TIDE,36,60.0
cycle,2727,TIDE,37,59.63
cycle,2727,TIDE,38,60.540000000000006
cycle,2727,TIDE,39,60.07
cycle,2727,TIDE,40,60.12
cycle,2727,TIDE,41,59.72
cycle,2727,TIDE,42,60.17
cycle,2727,TIDE,43,60.019999999999996
cycle,2727,TIDE,44,59.75
cycle,2727,TIDE,45,59.85
cycle,2727,TIDE,46,59.760000000000005
cycle,2727,TIDE,47,59.489999999999995
cycle,2727,TIDE,48,60.370000000000005
cycle,2727,TIDE,49,60.529999999999994
cycle,2727,TIDE,50,59.46
cycle,2727,TIDE,51,60.39
cycle,2727,TIDE,52,60.440000000000005
cycle,2727,TIDE,53,60.099999999999994
cycle,2727,TIDE,54,60.08
cycle,2727,TIDE,55,59.5
cycle,2727,TIDE,56,60.62
cycle,2727,TIDE,57,60.35
cycle,2727,TIDE,58,59.93000000000001
cycle,2727,TIDE,59,60.589999999999996
cycle,2727,TIDE,60,60.050000000000004
cycle,2727,TIDE,61,59.43000000000001
cycle,2727,TIDE,62,60.12
cycle,2727,TIDE,63,60.35
cycle,2727,TIDE,64,60.370000000000005
cycle,2727,TIDE,65,60.23
cycle,2727,TIDE,66,60.18
cycle,2727,TIDE,67,59.67
cycle,2727,TIDE,68,60.18
cycle,2727,TIDE,69,60.19
cycle,2727,TIDE,70,59.61
cycle,2727,TIDE,71,58.940000000000005
cycle,2727,TIDE,72,59.809999999999995
cycle,2727,TIDE,73,60.39
cycle,2727,TIDE,74,60.07
cycle,2727,TIDE,75,59.709999999999994
cycle,2727,TIDE,76,60.0
cycle,2727,TIDE,77,59.97
cycle,2727,TIDE,78,59.589999999999996
cycle,2727,TIDE,79,60.07
cycle,2727,TIDE,80,59.85
cycle,2727,TIDE,81,60.050000000000004
cycle,2727,TIDE,82,59.74
cycle,2727,TIDE,83,60.099999999999994
cycle,2727,TIDE,84,59.77
cycle,2727,TIDE,85,60.25
cycle,2727,TIDE,86,60.12
cycle,2727,TIDE,87,59.3
cycle,2727,TIDE,88,59.589999999999996
cycle,2727,TIDE,89,60.370000000000005
cycle,2727,TIDE,90,59.5
cycle,2727,TIDE,91,59.5
cycle,2727,TIDE,92,60.46
cycle,2727,TIDE,93,59.39
cycle,2727,TIDE,94,59.440000000000005
cycle,2727,TIDE,95,59.89
cycle,2727,TIDE,96,59.440000000000005
cycle,2727,TIDE,97,60.160000000000004
cycle,2727,TIDE,98,59.760000000000005
cycle,2727,TIDE,99,59.199999999999996
phases,202,ARC,0,43.75
phases,202,ARC,1,46.28
phases,202,ARC,2,47.42
phases,202,ARC,3,46.72
phases,202,ARC,4,46.14
phases,202,ARC,5,46.06
phases,202,ARC,6,46.44
phases,202,ARC,7,46.63
phases,202,ARC,8,47.17
phases,202,ARC,9,46.27
phases,202,ARC,10,47.24
phases,202,ARC,11,46.87
phases,202,ARC,12,46.33
phases,202,ARC,13,45.51
phases,202,ARC,14,46.18
phases,202,ARC,15,46.88
phases,202,ARC,16,45.519999999999996
phases,202,ARC,17,46.839999999999996
phases,202,ARC,18,35.55
phases,202,ARC,19,0.0
phases,202,ARC,20,0.0
phases,202,ARC,21,0.0
phases,202,ARC,22,0.0
phases,202,ARC,23,0.0
phases,202,ARC,24,0.0
phases,202,ARC,25,0.0
phases,202,ARC,26,0.0
phases,202,ARC,27,0.0
phases,202,ARC,28,0.0
phases,202,ARC,29,0.0
phases,202,ARC,30,0.0
phases,202,ARC,31,0.0
phases,202,ARC,32,0.0
phases,202,ARC,33,0.0
phases,202,ARC,34,0.0
phases,202,ARC,35,0.0
phases,202,ARC,36,0.0
phases,202,ARC,37,20.369999999999997
phases,202,ARC,38,46.660000000000004
phases,202,ARC,39,47.010000000000005
phases,202,ARC,40,46.69
phases,202,ARC,41,47.03
phases,202,ARC,42,45.72
phases,202,ARC,43,46.48
phases,202,ARC,44,47.010000000000005
phases,202,ARC,45,45.92
phases,202,ARC,46,45.89
phases,202,ARC,47,47.19
phases,202,ARC,48,46.2
phases,202,ARC,49,45.739999999999995
phases,202,ARC,50,41.79
phases,202,ARC,51,46.21
phases,202,ARC,52,46.79
phases,202,ARC,53,46.68
phases,202,ARC,54,47.03
phases,202,ARC,55,45.989999999999995
phases,202,ARC,56,46.78
phases,202,ARC,57,47.36
phases,202,ARC,58,46.589999999999996
phases,202,ARC,59,45.72
phases,202,ARC,60,46.19
phases,202,ARC,61,45.71
phases,202,ARC,62,46.88
phases,202,ARC,63,45.910000000000004
phases,202,ARC,64,47.12
phases,202,ARC,65,46.67
phases,202,ARC,66,46.22
phases,202,ARC,67,45.79
phases,202,ARC,68,34.65
phases,202,ARC,69,0.0
phases,202,ARC,70,0.0
phases,202,ARC,71,0.0
phases,202,ARC,72,0.0
phases,202,ARC,73,0.0
phases,202,ARC,74,0.0
phases,202,ARC,75,0.0
phases,202,ARC,76,0.0
phases,202,ARC,77,0.0
phases,202,ARC,78,0.0
phases,202,ARC,79,0.0
phases,202,ARC,80,0.0
phases,202,ARC,81,0.0
phases,202,ARC,82,0.0
phases,202,ARC,83,0.0
phases,202,ARC,84,0.0
phases,202,ARC,85,0.0
phases,202,ARC,86,0.0
phases,202,ARC,87,19.509999999999998
phases,202,ARC,88,45.06
phases,202,ARC,89,47.010000000000005
phases,202,ARC,90,46.239999999999995
phases,202,ARC,91,46.589999999999996
phases,202,ARC,92,46.63
phases,202,ARC,93,46.51
phases,202,ARC,94,46.160000000000004
phases,202,ARC,95,46.550000000000004
phases,202,ARC,96,46.42
phases,202,ARC,97,46.75
phases,202,ARC,98,46.71
phases,202,ARC,99,45.87
phases,202,TIDE,0,44.12
phases,202,TIDE,1,46.64
phases,202,TIDE,2,47.980000000000004
phases,202,TIDE,3,47.17
phases,202,TIDE,4,46.660000000000004
phases,202,TIDE,5,46.650000000000006
phases,202,TIDE,6,46.800000000000004
phases,202,TIDE,7,47.449999999999996
phases,202,TIDE,8,47.69
phases,202,TIDE,9,47.03
phases,202,TIDE,10,47.52
phases,202,TIDE,11,47.17
phases,202,TIDE,12,46.489999999999995
phases,202,TIDE,13,45.78
phases,202,TIDE,14,46.7
phases,202,TIDE,15,46.92
phases,202,TIDE,16,45.94
phases,202,TIDE,17,47.03
phases,202,TIDE,18,35.94
phases,202,TIDE,19,0.0
phases,202,TIDE,20,0.0
phases,202,TIDE,21,0.0
phases,202,TIDE,22,0.0
phases,202,TIDE,23,0.0
phases,202,TIDE,24,0.0
phases,202,TIDE,25,0.0
phases,202,TIDE,26,0.0
phases,202,TIDE,27,0.0
phases,202,TIDE,28,0.0
phases,202,TIDE,29,0.0
phases,202,TIDE,30,0.0
phases,202,TIDE,31,0.0
phases,202,TIDE,32,0.0
phases,202,TIDE,33,0.0
phases,202,TIDE,34,0.0
phases,202,TIDE,35,0.0
phases,202,TIDE,36,0.0
phases,202,TIDE,37,20.979999999999997
phases,202,TIDE,38,47.05
phases,202,TIDE,39,47.77
phases,202,TIDE,40,47.19
phases,202,TIDE,41,47.27
phases,202,TIDE,42,46.1
phases,202,TIDE,43,47.03
phases,202,TIDE,44,47.04
phases,202,TIDE,45,46.410000000000004
phases,202,TIDE,46,46.69
phases,202,TIDE,47,47.589999999999996
phases,202,TIDE,48,46.77
phases,202,TIDE,49,46.61
phases,202,TIDE,50,39.96
phases,202,TIDE,51,46.37
phases,202,TIDE,52,46.86
phases,202,TIDE,53,46.54
phases,202,TIDE,54,47.199999999999996
phases,202,TIDE,55,46.18
phases,202,TIDE,56,47.11
phases,202,TIDE,57,47.55
phases,202,TIDE,58,47.11
phases,202,TIDE,59,46.050000000000004
phases,202,TIDE,60,46.47
phases,202,TIDE,61,46.400000000000006
phases,202,TIDE,62,47.3
phases,202,TIDE,63,46.410000000000004
phases,202,TIDE,64,47.24
phases,202,TIDE,65,47.14
phases,202,TIDE,66,46.48
phases,202,TIDE,67,46.7
phases,202,TIDE,68,35.07
phases,202,TIDE,69,0.0
phases,202,TIDE,70,0.0
phases,202,TIDE,71,0.0
phases,202,TIDE,72,0.0
phases,202,TIDE,73,0.0
phases,202,TIDE,74,0.0
phases,202,TIDE,75,0.0
phases,202,TIDE,76,0.0
phases,202,TIDE,77,0.0
phases,202,TIDE,78,0.0
phases,202,TIDE,79,0.0
phases,202,TIDE,80,0.0
phases,202,TIDE,81,0.0
phases,202,TIDE,82,0.0
phases,202,TIDE,83,0.0
phases,202,TIDE,84,0.0
phases,202,TIDE,85,0.0
phases,202,TIDE,86,0.0
phases,202,TIDE,87,20.28
phases,202,TIDE,88,45.78
phases,202,TIDE,89,47.589999999999996
phases,202,TIDE,90,46.129999999999995
phases,202,TIDE,91,46.989999999999995
phases,202,TIDE,92,46.75
phases,202,TIDE,93,46.48
phases,202,TIDE,94,46.1
phases,202,TIDE,95,46.339999999999996
phases,202,TIDE,96,46.71
phases,202,TIDE,97,46.73
phases,202,TIDE,98,46.760000000000005
phases,202,TIDE,99,46.339999999999996
phases,2018,ARC,0,55.25
phases,2018,ARC,1,60.85
phases,2018,ARC,2,63.05
phases,2018,ARC,3,63.849999999999994
phases,2018,ARC,4,64.14999999999999
phases,2018,ARC,5,65.05
phases,2018,ARC,6,65.02
phases,2018,ARC,7,65.68
phases,2018,ARC,8,65.94
phases,2018,ARC,9,65.25
phases,2018,ARC,10,65.33
phases,2018,ARC,11,65.44
phases,2018,ARC,12,64.87
phases,2018,ARC,13,64.57000000000001
phases,2018,ARC,14,64.88000000000001
phases,2018,ARC,15,64.99000000000001
phases,2018,ARC,16,64.68
phases,2018,ARC,17,65.21000000000001
phases,2018,ARC,18,49.49
phases,2018,ARC,19,0.0
phases,2018,ARC,20,0.0
phases,2018,ARC,21,0.0
phases,2018,ARC,22,0.0
phases,2018,ARC,23,0.0
phases,2018,ARC,24,0.0
phases,2018,ARC,25,0.0
phases,2018,ARC,26,0.0
phases,2018,ARC,27,0.0
phases,2018,ARC,28,0.0
phases,2018,ARC,29,0.0
phases,2018,ARC,30,0.0
phases,2018,ARC,31,0.0
phases,2018,ARC,32,0.0
phases,2018,ARC,33,0.0
phases,2018,ARC,34,0.0
phases,2018,ARC,35,0.0
phases,2018,ARC,36,0.0
phases,2018,ARC,37,22.919999999999998
phases,2018,ARC,38,57.58
phases,2018,ARC,39,61.78
phases,2018,ARC,40,62.44
phases,2018,ARC,41,63.75999999999999
phases,2018,ARC,42,63.11
phases,2018,ARC,43,64.71000000000001
phases,2018,ARC,44,65.44
phases,2018,ARC,45,64.46
phases,2018,ARC,46,64.85
phases,2018,ARC,47,65.69
phases,2018,ARC,48,64.95
phases,2018,ARC,49,64.14999999999999
phases,2018,ARC,50,49.87
phases,2018,ARC,51,60.040000000000006
phases,2018,ARC,52,61.68
phases,2018,ARC,53,62.4
phases,2018,ARC,54,63.79
phases,2018,ARC,55,64.81
phases,2018,ARC,56,65.13
phases,2018,ARC,57,65.32
phases,2018,ARC,58,65.11
phases,2018,ARC,59,63.970000000000006
phases,2018,ARC,60,64.69
phases,2018,ARC,61,64.74
phases,2018,ARC,62,65.89
phases,2018,ARC,63,64.77000000000001
phases,2018,ARC,64,65.48
phases,2018,ARC,65,65.57
phases,2018,ARC,66,65.38000000000001
phases,2018,ARC,67,65.22
phases,2018,ARC,68,48.63
phases,2018,ARC,69,0.0
phases,2018,ARC,70,0.0
phases,2018,ARC,71,0.0
phases,2018,ARC,72,0.0
phases,2018,ARC,73,0.0
phases,2018,ARC,74,0.0
phases,2018,ARC,75,0.0
phases,2018,ARC,76,0.0
phases,2018,ARC,77,0.0
phases,2018,ARC,78,0.0
phases,2018,ARC,79,0.0
phases,2018,ARC,80,0.0
phases,2018,ARC,81,0.0
phases,2018,ARC,82,0.0
phases,2018,ARC,83,0.0
phases,2018,ARC,84,0.0
phases,2018,ARC,85,0.0
phases,2018,ARC,86,0.0
phases,2018,ARC,87,22.21
phases,2018,ARC,88,57.589999999999996
phases,2018,ARC,89,61.970000000000006
phases,2018,ARC,90,61.1
phases,2018,ARC,91,63.01
phases,2018,ARC,92,64.46
phases,2018,ARC,93,64.75999999999999
phases,2018,ARC,94,64.21
phases,2018,ARC,95,64.67
phases,2018,ARC,96,64.83
phases,2018,ARC,97,64.92999999999999
phases,2018,ARC,98,64.62
phases,2018,ARC,99,64.97
phases,2018,TIDE,0,55.25
phases,2018,TIDE,1,60.85
phases,2018,TIDE,2,63.4
phases,2018,TIDE,3,64.37
phases,2018,TIDE,4,64.58
phases,2018,TIDE,5,65.34
phases,2018,TIDE,6,65.16999999999999
phases,2018,TIDE,7,65.97
phases,2018,TIDE,8,66.25
phases,2018,TIDE,9,65.36
phases,2018,TIDE,10,65.49000000000001
phases,2018,TIDE,11,65.45
phases,2018,TIDE,12,65.22
phases,2018,TIDE,13,65.14999999999999
phases,2018,TIDE,14,64.74
phases,2018,TIDE,15,65.5
phases,2018,TIDE,16,65.02
phases,2018,TIDE,17,65.41
phases,2018,TIDE,18,49.68
phases,2018,TIDE,19,0.0
phases,2018,TIDE,20,0.0
phases,2018,TIDE,21,0.0
phases,2018,TIDE,22,0.0
phases,2018,TIDE,23,0.0
phases,2018,TIDE,24,0.0
phases,2018,TIDE,25,0.04
phases,2018,TIDE,26,1.24
phases,2018,TIDE,27,70.19999999999999
phases,2018,TIDE,28,62.1
phases,2018,TIDE,29,79.05
phases,2018,TIDE,30,78.53
phases,2018,TIDE,31,75.76
phases,2018,TIDE,32,75.76
phases,2018,TIDE,33,75.76
phases,2018,TIDE,34,77.42
phases,2018,TIDE,35,80.16
phases,2018,TIDE,36,75.76
phases,2018,TIDE,37,58.86
phases,2018,TIDE,38,54.290000000000006
phases,2018,TIDE,39,54.93
phases,2018,TIDE,40,59.3
phases,2018,TIDE,41,61.95
phases,2018,TIDE,42,61.53999999999999
phases,2018,TIDE,43,64.37
phases,2018,TIDE,44,65.53
phases,2018,TIDE,45,64.27000000000001
phases,2018,TIDE,46,64.63
phases,2018,TIDE,47,65.82000000000001
phases,2018,TIDE,48,64.87
phases,2018,TIDE,49,64.53999999999999
phases,2018,TIDE,50,43.35
phases,2018,TIDE,51,55.82
phases,2018,TIDE,52,61.14000000000001
phases,2018,TIDE,53,62.9
phases,2018,TIDE,54,64.28
phases,2018,TIDE,55,65.13
phases,2018,TIDE,56,65.34
phases,2018,TIDE,57,65.77
phases,2018,TIDE,58,65.31
phases,2018,TIDE,59,64.14
phases,2018,TIDE,60,64.64999999999999
phases,2018,TIDE,61,64.78
phases,2018,TIDE,62,66.03
phases,2018,TIDE,63,65.10000000000001
phases,2018,TIDE,64,65.89
phases,2018,TIDE,65,65.79
phases,2018,TIDE,66,65.61
phases,2018,TIDE,67,65.48
phases,2018,TIDE,68,49.04
phases,2018,TIDE,69,0.0
phases,2018,TIDE,70,0.0
phases,2018,TIDE,71,0.0
phases,2018,TIDE,72,0.0
phases,2018,TIDE,73,0.0
phases,2018,TIDE,74,0.0
phases,2018,TIDE,75,0.0
phases,2018,TIDE,76,41.08
phases,2018,TIDE,77,75.76
phases,2018,TIDE,78,77.07000000000001
phases,2018,TIDE,79,79.73
phases,2018,TIDE,80,76.53999999999999
phases,2018,TIDE,81,75.76
phases,2018,TIDE,82,75.76
phases,2018,TIDE,83,76.08
phases,2018,TIDE,84,79.81
phases,2018,TIDE,85,77.45
phases,2018,TIDE,86,75.76
phases,2018,TIDE,87,57.65
phases,2018,TIDE,88,54.269999999999996
phases,2018,TIDE,89,60.589999999999996
phases,2018,TIDE,90,60.88
phases,2018,TIDE,91,62.31
phases,2018,TIDE,92,63.32
phases,2018,TIDE,93,64.25
phases,2018,TIDE,94,64.24
phases,2018,TIDE,95,64.81
phases,2018,TIDE,96,65.0
phases,2018,TIDE,97,64.9
phases,2018,TIDE,98,64.99000000000001
phases,2018,TIDE,99,65.44
phases,20181,ARC,0,57.220000000000006
phases,20181,ARC,1,68.30000000000001
phases,20181,ARC,2,72.83
phases,20181,ARC,3,75.53999999999999
phases,20181,ARC,4,77.42
phases,20181,ARC,5,78.91
phases,20181,ARC,6,79.9
phases,20181,ARC,7,81.46
phases,20181,ARC,8,82.35
phases,20181,ARC,9,81.36
phases,20181,ARC,10,81.85
phases,20181,ARC,11,82.31
phases,20181,ARC,12,81.86
phases,20181,ARC,13,81.85
phases,20181,ARC,14,81.71000000000001
phases,20181,ARC,15,82.46
phases,20181,ARC,16,81.66
phases,20181,ARC,17,82.59
phases,20181,ARC,18,62.44
phases,20181,ARC,19,0.0
phases,20181,ARC,20,0.0
phases,20181,ARC,21,0.0
phases,20181,ARC,22,0.0
phases,20181,ARC,23,0.0
phases,20181,ARC,24,0.0
phases,20181,ARC,25,73.76
phases,20181,ARC,26,100.0
phases,20181,ARC,27,100.0
phases,20181,ARC,28,100.0
phases,20181,ARC,29,100.0
phases,20181,ARC,30,100.0
phases,20181,ARC,31,100.0
phases,20181,ARC,32,100.0
phases,20181,ARC,33,100.0
phases,20181,ARC,34,100.0
phases,20181,ARC,35,100.0
phases,20181,ARC,36,100.0
phases,20181,ARC,37,79.56
phases,20181,ARC,38,68.67999999999999
phases,20181,ARC,39,71.22
phases,20181,ARC,40,73.00999999999999
phases,20181,ARC,41,74.6
phases,20181,ARC,42,74.11999999999999
phases,20181,ARC,43,76.61
phases,20181,ARC,44,77.5
phases,20181,ARC,45,76.75999999999999
phases,20181,ARC,46,78.23
phases,20181,ARC,47,79.16
phases,20181,ARC,48,80.0
phases,20181,ARC,49,79.41
phases,20181,ARC,50,73.27
phases,20181,ARC,51,76.05
phases,20181,ARC,52,76.41
phases,20181,ARC,53,77.13
phases,20181,ARC,54,77.64
phases,20181,ARC,55,78.03999999999999
phases,20181,ARC,56,78.60000000000001
phases,20181,ARC,57,79.85
phases,20181,ARC,58,79.3
phases,20181,ARC,59,79.82000000000001
phases,20181,ARC,60,80.62
phases,20181,ARC,61,81.07
phases,20181,ARC,62,82.28999999999999
phases,20181,ARC,63,81.71000000000001
phases,20181,ARC,64,82.44
phases,20181,ARC,65,83.02000000000001
phases,20181,ARC,66,82.67
phases,20181,ARC,67,82.88
phases,20181,ARC,68,62.150000000000006
phases,20181,ARC,69,0.0
phases,20181,ARC,70,0.0
phases,20181,ARC,71,0.0
phases,20181,ARC,72,0.0
phases,20181,ARC,73,0.0
phases,20181,ARC,74,0.0
phases,20181,ARC,75,73.76
phases,20181,ARC,76,100.0
phases,20181,ARC,77,100.0
phases,20181,ARC,78,100.0
phases,20181,ARC,79,100.0
phases,20181,ARC,80,100.0
phases,20181,ARC,81,100.0
phases,20181,ARC,82,100.0
phases,20181,ARC,83,100.0
phases,20181,ARC,84,100.0
phases,20181,ARC,85,100.0
phases,20181,ARC,86,100.0
phases,20181,ARC,87,81.19
phases,20181,ARC,88,68.38
phases,20181,ARC,89,70.38
phases,20181,ARC,90,71.45
phases,20181,ARC,91,74.03
phases,20181,ARC,92,75.62
phases,20181,ARC,93,76.0
phases,20181,ARC,94,76.16000000000001
phases,20181,ARC,95,77.32
phases,20181,ARC,96,78.17
phases,20181,ARC,97,79.3
phases,20181,ARC,98,79.56
phases,20181,ARC,99,80.11
phases,20181,TIDE,0,57.220000000000006
phases,20181,TIDE,1,68.30000000000001
phases,20181,TIDE,2,72.83
phases,20181,TIDE,3,75.53999999999999
phases,20181,TIDE,4,77.42
phases,20181,TIDE,5,78.91
phases,20181,TIDE,6,79.9
phases,20181,TIDE,7,81.46
phases,20181,TIDE,8,82.35
phases,20181,TIDE,9,81.36
phases,20181,TIDE,10,81.85
phases,20181,TIDE,11,82.31
phases,20181,TIDE,12,81.86
phases,20181,TIDE,13,81.85
phases,20181,TIDE,14,81.71000000000001
phases,20181,TIDE,15,82.46
phases,20181,TIDE,16,81.67999999999999
phases,20181,TIDE,17,82.65
phases,20181,TIDE,18,62.6
phases,20181,TIDE,19,0.0
phases,20181,TIDE,20,0.0
phases,20181,TIDE,21,0.0
phases,20181,TIDE,22,0.0
phases,20181,TIDE,23,0.0
phases,20181,TIDE,24,0.0
phases,20181,TIDE,25,37.480000000000004
phases,20181,TIDE,26,100.0
phases,20181,TIDE,27,100.0
phases,20181,TIDE,28,100.0
phases,20181,TIDE,29,100.0
phases,20181,TIDE,30,100.0
phases,20181,TIDE,31,100.0
phases,20181,TIDE,32,100.0
phases,20181,TIDE,33,100.0
phases,20181,TIDE,34,100.0
phases,20181,TIDE,35,100.0
phases,20181,TIDE,36,100.0
phases,20181,TIDE,37,80.14
phases,20181,TIDE,38,69.0
phases,20181,TIDE,39,71.34
phases,20181,TIDE,40,72.68
phases,20181,TIDE,41,73.85000000000001
phases,20181,TIDE,42,73.54
phases,20181,TIDE,43,76.33
phases,20181,TIDE,44,77.32
phases,20181,TIDE,45,76.44999999999999
phases,20181,TIDE,46,78.0
phases,20181,TIDE,47,79.02
phases,20181,TIDE,48,80.06
phases,20181,TIDE,49,79.34
phases,20181,TIDE,50,73.4
phases,20181,TIDE,51,75.92
phases,20181,TIDE,52,75.9
phases,20181,TIDE,53,76.08
phases,20181,TIDE,54,76.69
phases,20181,TIDE,55,77.55
phases,20181,TIDE,56,77.64999999999999
phases,20181,TIDE,57,79.2
phases,20181,TIDE,58,79.09
phases,20181,TIDE,59,79.06
phases,20181,TIDE,60,80.17
phases,20181,TIDE,61,80.47999999999999
phases,20181,TIDE,62,81.52000000000001
phases,20181,TIDE,63,81.04
phases,20181,TIDE,64,82.0
phases,20181,TIDE,65,82.16
phases,20181,TIDE,66,81.91000000000001
phases,20181,TIDE,67,82.37
phases,20181,TIDE,68,61.99
phases,20181,TIDE,69,0.0
phases,20181,TIDE,70,0.0
phases,20181,TIDE,71,0.0
phases,20181,TIDE,72,0.0
phases,20181,TIDE,73,0.0
phases,20181,TIDE,74,0.0
phases,20181,TIDE,75,62.5
phases,20181,TIDE,76,100.0
phases,20181,TIDE,77,100.0
phases,20181,TIDE,78,100.0
phases,20181,TIDE,79,100.0
phases,20181,TIDE,80,100.0
phases,20181,TIDE,81,100.0
phases,20181,TIDE,82,100.0
phases,20181,TIDE,83,100.0
phases,20181,TIDE,84,100.0
phases,20181,TIDE,85,100.0
phases,20181,TIDE,86,100.0
phases,20181,TIDE,87,81.47999999999999
phases,20181,TIDE,88,68.88
phases,20181,TIDE,89,71.47
phases,20181,TIDE,90,72.43
phases,20181,TIDE,91,74.78
phases,20181,TIDE,92,76.66
phases,20181,TIDE,93,76.69
phases,20181,TIDE,94,77.0
phases,20181,TIDE,95,78.11
phases,20181,TIDE,96,79.27
phases,20181,TIDE,97,80.23
phases,20181,TIDE,98,80.33
phases,20181,TIDE,99,80.87
zipf_100k,18,ARC,0,49.4
zipf_100k,18,ARC,1,46.300000000000004
zipf_100k,18,ARC,2,46.400000000000006
zipf_100k,18,ARC,3,48.0
zipf_100k,18,ARC,4,50.1
zipf_100k,18,ARC,5,51.7
zipf_100k,18,ARC,6,53.800000000000004
zipf_100k,18,ARC,7,47.4
zipf_100k,18,ARC,8,45.800000000000004
zipf_100k,18,ARC,9,46.5
zipf_100k,18,ARC,10,45.6
zipf_100k,18,ARC,11,48.199999999999996
zipf_100k,18,ARC,12,49.6
zipf_100k,18,ARC,13,47.5
zipf_100k,18,ARC,14,48.0
zipf_100k,18,ARC,15,48.699999999999996
zipf_100k,18,ARC,16,47.099999999999994
zipf_100k,18,ARC,17,45.4
zipf_100k,18,ARC,18,46.7
zipf_100k,18,ARC,19,45.7
zipf_100k,18,ARC,20,47.5
zipf_100k,18,ARC,21,46.2
zipf_100k,18,ARC,22,48.5
zipf_100k,18,ARC,23,47.3
zipf_100k,18,ARC,24,47.5
zipf_100k,18,ARC,25,47.4
zipf_100k,18,ARC,26,48.9
zipf_100k,18,ARC,27,50.5
zipf_100k,18,ARC,28,50.1
zipf_100k,18,ARC,29,45.800000000000004
zipf_100k,18,ARC,30,49.9
zipf_100k,18,ARC,31,46.6
zipf_100k,18,ARC,32,45.5
zipf_100k,18,ARC,33,48.699999999999996
zipf_100k,18,ARC,34,45.7
zipf_100k,18,ARC,35,47.8
zipf_100k,18,ARC,36,50.1
zipf_100k,18,ARC,37,47.599999999999994
zipf_100k,18,ARC,38,48.3
zipf_100k,18,ARC,39,48.5
zipf_100k,18,ARC,40,47.8
zipf_100k,18,ARC,41,50.9
zipf_100k,18,ARC,42,46.6
zipf_100k,18,ARC,43,49.9
zipf_100k,18,ARC,44,44.0
zipf_100k,18,ARC,45,47.0
zipf_100k,18,ARC,46,50.3
zipf_100k,18,ARC,47,47.4
zipf_100k,18,ARC,48,45.7
zipf_100k,18,ARC,49,45.6
zipf_100k,18,ARC,50,48.199999999999996
zipf_100k,18,ARC,51,46.6
zipf_100k,18,ARC,52,50.5
zipf_100k,18,ARC,53,46.300000000000004
zipf_100k,18,ARC,54,47.0
zipf_100k,18,ARC,55,47.599999999999994
zipf_100k,18,ARC,56,49.3
zipf_100k,18,ARC,57,47.4
zipf_100k,18,ARC,58,46.7
zipf_100k,18,ARC,59,48.199999999999996
zipf_100k,18,ARC,60,47.5
zipf_100k,18,ARC,61,45.4
zipf_100k,18,ARC,62,47.8
zipf_100k,18,ARC,63,48.699999999999996
zipf_100k,18,ARC,64,48.3
zipf_100k,18,ARC,65,46.9
zipf_100k,18,ARC,66,48.8
zipf_100k,18,ARC,67,47.699999999999996
zipf_100k,18,ARC,68,46.0
zipf_100k,18,ARC,69,49.9
zipf_100k,18,ARC,70,47.4
zipf_100k,18,ARC,71,48.5
zipf_100k,18,ARC,72,47.3
zipf_100k,18,ARC,73,48.8
zipf_100k,18,ARC,74,47.3
zipf_100k,18,ARC,75,45.7
zipf_100k,18,ARC,76,46.300000000000004
zipf_100k,18,ARC,77,45.300000000000004
zipf_100k,18,ARC,78,48.1
zipf_100k,18,ARC,79,46.5
zipf_100k,18,ARC,80,48.3
zipf_100k,18,ARC,81,49.1
zipf_100k,18,ARC,82,48.6
zipf_100k,18,ARC,83,45.9
zipf_100k,18,ARC,84,45.2
zipf_100k,18,ARC,85,50.1
zipf_100k,18,ARC,86,49.6
zipf_100k,18,ARC,87,46.1
zipf_100k,18,ARC,88,45.2
zipf_100k,18,ARC,89,47.0
zipf_100k,18,ARC,90,45.2
zipf_100k,18,ARC,91,43.0
zipf_100k,18,ARC,92,46.800000000000004
zipf_100k,18,ARC,93,44.800000000000004
zipf_100k,18,ARC,94,45.9
zipf_100k,18,ARC,95,44.7
zipf_100k,18,ARC,96,47.5
zipf_100k,18,ARC,97,48.699999999999996
zipf_100k,18,ARC,98,49.2
zipf_100k,18,ARC,99,48.199999999999996
zipf_100k,18,TIDE,0,49.4
zipf_100k,18,TIDE,1,46.300000000000004
zipf_100k,18,TIDE,2,46.400000000000006
zipf_100k,18,TIDE,3,48.199999999999996
zipf_100k,18,TIDE,4,52.5
zipf_100k,18,TIDE,5,53.1
zipf_100k,18,TIDE,6,54.7
zipf_100k,18,TIDE,7,48.199999999999996
zipf_100k,18,TIDE,8,47.599999999999994
zipf_100k,18,TIDE,9,48.9
zipf_100k,18,TIDE,10,46.800000000000004
zipf_100k,18,TIDE,11,49.0
zipf_100k,18,TIDE,12,51.0
zipf_100k,18,TIDE,13,49.5
zipf_100k,18,TIDE,14,49.1
zipf_100k,18,TIDE,15,50.8
zipf_100k,18,TIDE,16,48.5
zipf_100k,18,TIDE,17,47.699999999999996
zipf_100k,18,TIDE,18,47.9
zipf_100k,18,TIDE,19,47.5
zipf_100k,18,TIDE,20,49.2
zipf_100k,18,TIDE,21,48.699999999999996
zipf_100k,18,TIDE,22,49.4
zipf_100k,18,TIDE,23,47.699999999999996
zipf_100k,18,TIDE,24,49.1
zipf_100k,18,TIDE,25,48.0
zipf_100k,18,TIDE,26,49.7
zipf_100k,18,TIDE,27,52.2
zipf_100k,18,TIDE,28,50.6
zipf_100k,18,TIDE,29,47.5
zipf_100k,18,TIDE,30,52.1
zipf_100k,18,TIDE,31,48.8
zipf_100k,18,TIDE,32,45.800000000000004
zipf_100k,18,TIDE,33,49.8
zipf_100k,18,TIDE,34,46.0
zipf_100k,18,TIDE,35,50.1
zipf_100k,18,TIDE,36,52.6
zipf_100k,18,TIDE,37,48.8
zipf_100k,18,TIDE,38,50.7
zipf_100k,18,TIDE,39,48.699999999999996
zipf_100k,18,TIDE,40,48.9
zipf_100k,18,TIDE,41,53.300000000000004
zipf_100k,18,TIDE,42,49.2
zipf_100k,18,TIDE,43,51.4
zipf_100k,18,TIDE,44,44.800000000000004
zipf_100k,18,TIDE,45,47.9
zipf_100k,18,TIDE,46,50.9
zipf_100k,18,TIDE,47,49.1
zipf_100k,18,TIDE,48,47.599999999999994
zipf_100k,18,TIDE,49,47.599999999999994
zipf_100k,18,TIDE,50,48.4
zipf_100k,18,TIDE,51,47.9
zipf_100k,18,TIDE,52,51.9
zipf_100k,18,TIDE,53,48.699999999999996
zipf_100k,18,TIDE,54,49.3
zipf_100k,18,TIDE,55,49.4
zipf_100k,18,TIDE,56,51.0
zipf_100k,18,TIDE,57,49.1
zipf_100k,18,TIDE,58,48.8
zipf_100k,18,TIDE,59,50.0
zipf_100k,18,TIDE,60,48.5
zipf_100k,18,TIDE,61,49.1
zipf_100k,18,TIDE,62,49.5
zipf_100k,18,TIDE,63,48.6
zipf_100k,18,TIDE,64,50.7
zipf_100k,18,TIDE,65,49.3
zipf_100k,18,TIDE,66,50.6
zipf_100k,18,TIDE,67,49.6
zipf_100k,18,TIDE,68,48.3
zipf_100k,18,TIDE,69,51.1
zipf_100k,18,TIDE,70,48.699999999999996
zipf_100k,18,TIDE,71,50.2
zipf_100k,18,TIDE,72,48.8
zipf_100k,18,TIDE,73,51.1
zipf_100k,18,TIDE,74,49.0
zipf_100k,18,TIDE,75,46.6
zipf_100k,18,TIDE,76,49.2
zipf_100k,18,TIDE,77,46.1
zipf_100k,18,TIDE,78,50.4
zipf_100k,18,TIDE,79,48.5
zipf_100k,18,TIDE,80,49.6
zipf_100k,18,TIDE,81,50.7
zipf_100k,18,TIDE,82,49.3
zipf_100k,18,TIDE,83,48.8
zipf_100k,18,TIDE,84,46.9
zipf_100k,18,TIDE,85,51.5
zipf_100k,18,TIDE,86,51.800000000000004
zipf_100k,18,TIDE,87,50.0
zipf_100k,18,TIDE,88,48.6
zipf_100k,18,TIDE,89,48.199999999999996
zipf_100k,18,TIDE,90,46.300000000000004
zipf_100k,18,TIDE,91,45.800000000000004
zipf_100k,18,TIDE,92,48.4
zipf_100k,18,TIDE,93,45.5
zipf_100k,18,TIDE,94,47.8
zipf_100k,18,TIDE,95,47.0
zipf_100k,18,TIDE,96,48.3
zipf_100k,18,TIDE,97,51.5
zipf_100k,18,TIDE,98,49.9
zipf_100k,18,TIDE,99,49.4
zipf_100k,185,ARC,0,58.3
zipf_100k,185,ARC,1,61.8
zipf_100k,185,ARC,2,62.3
zipf_100k,185,ARC,3,67.80000000000001
zipf_100k,185,ARC,4,66.0
zipf_100k,185,ARC,5,68.5
zipf_100k,185,ARC,6,71.39999999999999
zipf_100k,185,ARC,7,66.60000000000001
zipf_100k,185,ARC,8,65.9
zipf_100k,185,ARC,9,67.10000000000001
zipf_100k,185,ARC,10,66.5
zipf_100k,185,ARC,11,66.3
zipf_100k,185,ARC,12,70.19999999999999
zipf_100k,185,ARC,13,67.0
zipf_100k,185,ARC,14,66.8
zipf_100k,185,ARC,15,67.4
zipf_100k,185,ARC,16,67.0
zipf_100k,185,ARC,17,67.7
zipf_100k,185,ARC,18,66.5
zipf_100k,185,ARC,19,65.5
zipf_100k,185,ARC,20,68.8
zipf_100k,185,ARC,21,67.80000000000001
zipf_100k,185,ARC,22,68.7
zipf_100k,185,ARC,23,66.9
zipf_100k,185,ARC,24,69.69999999999999
zipf_100k,185,ARC,25,67.10000000000001
zipf_100k,185,ARC,26,67.30000000000001
zipf_100k,185,ARC,27,69.39999999999999
zipf_100k,185,ARC,28,69.39999999999999
zipf_100k,185,ARC,29,67.4
zipf_100k,185,ARC,30,69.89999999999999
zipf_100k,185,ARC,31,67.7
zipf_100k,185,ARC,32,65.3
zipf_100k,185,ARC,33,68.10000000000001
zipf_100k,185,ARC,34,64.4
zipf_100k,185,ARC,35,67.80000000000001
zipf_100k,185,ARC,36,68.5
zipf_100k,185,ARC,37,65.9
zipf_100k,185,ARC,38,68.2
zipf_100k,185,ARC,39,65.9
zipf_100k,185,ARC,40,68.30000000000001
zipf_100k,185,ARC,41,69.5
zipf_100k,185,ARC,42,69.69999999999999
zipf_100k,185,ARC,43,69.0
zipf_100k,185,ARC,44,64.9
zipf_100k,185,ARC,45,68.0
zipf_100k,185,ARC,46,68.5
zipf_100k,185,ARC,47,67.30000000000001
zipf_100k,185,ARC,48,65.8
zipf_100k,185,ARC,49,67.4
zipf_100k,185,ARC,50,66.3
zipf_100k,185,ARC,51,67.60000000000001
zipf_100k,185,ARC,52,70.5
zipf_100k,185,ARC,53,68.30000000000001
zipf_100k,185,ARC,54,70.7
zipf_100k,185,ARC,55,67.5
zipf_100k,185,ARC,56,70.3
zipf_100k,185,ARC,57,69.5
zipf_100k,185,ARC,58,66.8
zipf_100k,185,ARC,59,67.5
zipf_100k,185,ARC,60,66.2
zipf_100k,185,ARC,61,68.2
zipf_100k,185,ARC,62,69.5
zipf_100k,185,ARC,63,69.19999999999999
zipf_100k,185,ARC,64,70.6
zipf_100k,185,ARC,65,68.2
zipf_100k,185,ARC,66,68.60000000000001
zipf_100k,185,ARC,67,68.10000000000001
zipf_100k,185,ARC,68,66.7
zipf_100k,185,ARC,69,71.0
zipf_100k,185,ARC,70,68.7
zipf_100k,185,ARC,71,68.5
zipf_100k,185,ARC,72,68.4
zipf_100k,185,ARC,73,69.69999999999999
zipf_100k,185,ARC,74,66.4
zipf_100k,185,ARC,75,66.3
zipf_100k,185,ARC,76,68.2
zipf_100k,185,ARC,77,67.2
zipf_100k,185,ARC,78,69.19999999999999
zipf_100k,185,ARC,79,66.10000000000001
zipf_100k,185,ARC,80,65.9
zipf_100k,185,ARC,81,68.2
zipf_100k,185,ARC,82,68.30000000000001
zipf_100k,185,ARC,83,66.10000000000001
zipf_100k,185,ARC,84,66.8
zipf_100k,185,ARC,85,67.60000000000001
zipf_100k,185,ARC,86,70.0
zipf_100k,185,ARC,87,68.0
zipf_100k,185,ARC,88,68.4
zipf_100k,185,ARC,89,67.4
zipf_100k,185,ARC,90,69.5
zipf_100k,185,ARC,91,66.3
zipf_100k,185,ARC,92,67.7
zipf_100k,185,ARC,93,64.9
zipf_100k,185,ARC,94,66.5
zipf_100k,185,ARC,95,66.3
zipf_100k,185,ARC,96,67.7
zipf_100k,185,ARC,97,68.89999999999999
zipf_100k,185,ARC,98,69.19999999999999
zipf_100k,185,ARC,99,69.8
zipf_100k,185,TIDE,0,58.3
zipf_100k,185,TIDE,1,61.8
zipf_100k,185,TIDE,2,62.3
zipf_100k,185,TIDE,3,67.80000000000001
zipf_100k,185,TIDE,4,66.0
zipf_100k,185,TIDE,5,68.5
zipf_100k,185,TIDE,6,71.39999999999999
zipf_100k,185,TIDE,7,66.8
zipf_100k,185,TIDE,8,66.0
zipf_100k,185,TIDE,9,67.60000000000001
zipf_100k,185,TIDE,10,66.7
zipf_100k,185,TIDE,11,66.5
zipf_100k,185,TIDE,12,70.19999999999999
zipf_100k,185,TIDE,13,67.9
zipf_100k,185,TIDE,14,66.9
zipf_100k,185,TIDE,15,68.5
zipf_100k,185,TIDE,16,67.10000000000001
zipf_100k,185,TIDE,17,68.0
zipf_100k,185,TIDE,18,67.0
zipf_100k,185,TIDE,19,66.0
zipf_100k,185,TIDE,20,69.3
zipf_100k,185,TIDE,21,68.89999999999999
zipf_100k,185,TIDE,22,69.6
zipf_100k,185,TIDE,23,67.30000000000001
zipf_100k,185,TIDE,24,69.6
zipf_100k,185,TIDE,25,67.80000000000001
zipf_100k,185,TIDE,26,67.60000000000001
zipf_100k,185,TIDE,27,69.6
zipf_100k,185,TIDE,28,70.39999999999999
zipf_100k,185,TIDE,29,67.7
zipf_100k,185,TIDE,30,70.1
zipf_100k,185,TIDE,31,67.9
zipf_100k,185,TIDE,32,65.60000000000001
zipf_100k,185,TIDE,33,68.8
zipf_100k,185,TIDE,34,64.3
zipf_100k,185,TIDE,35,68.4
zipf_100k,185,TIDE,36,68.7
zipf_100k,185,TIDE,37,66.8
zipf_100k,185,TIDE,38,68.10000000000001
zipf_100k,185,TIDE,39,65.9
zipf_100k,185,TIDE,40,68.7
zipf_100k,185,TIDE,41,70.0
zipf_100k,185,TIDE,42,69.89999999999999
zipf_100k,185,TIDE,43,69.89999999999999
zipf_100k,185,TIDE,44,65.4
zipf_100k,185,TIDE,45,68.0
zipf_100k,185,TIDE,46,69.6
zipf_100k,185,TIDE,47,67.4
zipf_100k,185,TIDE,48,66.0
zipf_100k,185,TIDE,49,68.2
zipf_100k,185,TIDE,50,66.60000000000001
zipf_100k,185,TIDE,51,68.2
zipf_100k,185,TIDE,52,70.8
zipf_100k,185,TIDE,53,69.1
zipf_100k,185,TIDE,54,69.89999999999999
zipf_100k,185,TIDE,55,67.10000000000001
zipf_100k,185,TIDE,56,70.19999999999999
zipf_100k,185,TIDE,57,70.1
zipf_100k,185,TIDE,58,67.60000000000001
zipf_100k,185,TIDE,59,67.7
zipf_100k,185,TIDE,60,65.8
zipf_100k,185,TIDE,61,69.39999999999999
zipf_100k,185,TIDE,62,70.3
zipf_100k,185,TIDE,63,69.6
zipf_100k,185,TIDE,64,70.8
zipf_100k,185,TIDE,65,68.5
zipf_100k,185,TIDE,66,68.60000000000001
zipf_100k,185,TIDE,67,68.30000000000001
zipf_100k,185,TIDE,68,67.4
zipf_100k,185,TIDE,69,70.89999999999999
zipf_100k,185,TIDE,70,69.6
zipf_100k,185,TIDE,71,68.4
zipf_100k,185,TIDE,72,68.8
zipf_100k,185,TIDE,73,70.3
zipf_100k,185,TIDE,74,67.2
zipf_100k,185,TIDE,75,66.9
zipf_100k,185,TIDE,76,68.4
zipf_100k,185,TIDE,77,67.2
zipf_100k,185,TIDE,78,70.19999999999999
zipf_100k,185,TIDE,79,66.8
zipf_100k,185,TIDE,80,66.0
zipf_100k,185,TIDE,81,68.89999999999999
zipf_100k,185,TIDE,82,68.10000000000001
zipf_100k,185,TIDE,83,67.2
zipf_100k,185,TIDE,84,67.10000000000001
zipf_100k,185,TIDE,85,67.30000000000001
zipf_100k,185,TIDE,86,70.19999999999999
zipf_100k,185,TIDE,87,69.0
zipf_100k,185,TIDE,88,68.8
zipf_100k,185,TIDE,89,68.2
zipf_100k,185,TIDE,90,69.6
zipf_100k,185,TIDE,91,66.5
zipf_100k,185,TIDE,92,68.2
zipf_100k,185,TIDE,93,64.5
zipf_100k,185,TIDE,94,66.60000000000001
zipf_100k,185,TIDE,95,66.60000000000001
zipf_100k,185,TIDE,96,68.30000000000001
zipf_100k,185,TIDE,97,69.0
zipf_100k,185,TIDE,98,68.89999999999999
zipf_100k,185,TIDE,99,70.1
zipf_100k,1849,ARC,0,60.099999999999994
zipf_100k,1849,ARC,1,65.9
zipf_100k,1849,ARC,2,68.8
zipf_100k,1849,ARC,3,73.6
zipf_100k,1849,ARC,4,73.9
zipf_100k,1849,ARC,5,76.0
zipf_100k,1849,ARC,6,77.3
zipf_100k,1849,ARC,7,75.3
zipf_100k,1849,ARC,8,74.3
zipf_100k,1849,ARC,9,75.2
zipf_100k,1849,ARC,10,74.9
zipf_100k,1849,ARC,11,74.3
zipf_100k,1849,ARC,12,78.4
zipf_100k,1849,ARC,13,77.60000000000001
zipf_100k,1849,ARC,14,76.1
zipf_100k,1849,ARC,15,75.3
zipf_100k,1849,ARC,16,74.8
zipf_100k,1849,ARC,17,76.6
zipf_100k,1849,ARC,18,75.3
zipf_100k,1849,ARC,19,74.4
zipf_100k,1849,ARC,20,79.2
zipf_100k,1849,ARC,21,77.5
zipf_100k,1849,ARC,22,78.7
zipf_100k,1849,ARC,23,76.6
zipf_100k,1849,ARC,24,79.3
zipf_100k,1849,ARC,25,77.10000000000001
zipf_100k,1849,ARC,26,76.5
zipf_100k,1849,ARC,27,79.2
zipf_100k,1849,ARC,28,78.5
zipf_100k,1849,ARC,29,77.2
zipf_100k,1849,ARC,30,79.7
zipf_100k,1849,ARC,31,77.10000000000001
zipf_100k,1849,ARC,32,76.0
zipf_100k,1849,ARC,33,78.7
zipf_100k,1849,ARC,34,75.0
zipf_100k,1849,ARC,35,77.4
zipf_100k,1849,ARC,36,77.7
zipf_100k,1849,ARC,37,75.9
zipf_100k,1849,ARC,38,77.9
zipf_100k,1849,ARC,39,76.2
zipf_100k,1849,ARC,40,80.30000000000001
zipf_100k,1849,ARC,41,79.0
zipf_100k,1849,ARC,42,81.0
zipf_100k,1849,ARC,43,79.2
zipf_100k,1849,ARC,44,76.6
zipf_100k,1849,ARC,45,78.4
zipf_100k,1849,ARC,46,79.10000000000001
zipf_100k,1849,ARC,47,77.9
zipf_100k,1849,ARC,48,78.0
zipf_100k,1849,ARC,49,77.7
zipf_100k,1849,ARC,50,77.8
zipf_100k,1849,ARC,51,79.2
zipf_100k,1849,ARC,52,80.30000000000001
zipf_100k,1849,ARC,53,79.3
zipf_100k,1849,ARC,54,80.60000000000001
zipf_100k,1849,ARC,55,78.2
zipf_100k,1849,ARC,56,80.9
zipf_100k,1849,ARC,57,79.80000000000001
zipf_100k,1849,ARC,58,78.9
zipf_100k,1849,ARC,59,78.9
zipf_100k,1849,ARC,60,76.9
zipf_100k,1849,ARC,61,79.2
zipf_100k,1849,ARC,62,80.0
zipf_100k,1849,ARC,63,79.3
zipf_100k,1849,ARC,64,81.2
zipf_100k,1849,ARC,65,79.0
zipf_100k,1849,ARC,66,78.10000000000001
zipf_100k,1849,ARC,67,78.5
zipf_100k,1849,ARC,68,77.5
zipf_100k,1849,ARC,69,81.69999999999999
zipf_100k,1849,ARC,70,79.9
zipf_100k,1849,ARC,71,78.9
zipf_100k,1849,ARC,72,79.10000000000001
zipf_100k,1849,ARC,73,80.80000000000001
zipf_100k,1849,ARC,74,77.9
zipf_100k,1849,ARC,75,79.3
zipf_100k,1849,ARC,76,79.2
zipf_100k,1849,ARC,77,80.30000000000001
zipf_100k,1849,ARC,78,80.9
zipf_100k,1849,ARC,79,78.3
zipf_100k,1849,ARC,80,78.2
zipf_100k,1849,ARC,81,80.30000000000001
zipf_100k,1849,ARC,82,79.10000000000001
zipf_100k,1849,ARC,83,78.2
zipf_100k,1849,ARC,84,78.7
zipf_100k,1849,ARC,85,79.2
zipf_100k,1849,ARC,86,79.3
zipf_100k,1849,ARC,87,80.30000000000001
zipf_100k,1849,ARC,88,78.0
zipf_100k,1849,ARC,89,78.5
zipf_100k,1849,ARC,90,79.7
zipf_100k,1849,ARC,91,77.60000000000001
zipf_100k,1849,ARC,92,80.60000000000001
zipf_100k,1849,ARC,93,78.7
zipf_100k,1849,ARC,94,77.7
zipf_100k,1849,ARC,95,80.30000000000001
zipf_100k,1849,ARC,96,78.8
zipf_100k,1849,ARC,97,80.2
zipf_100k,1849,ARC,98,80.60000000000001
zipf_100k,1849,ARC,99,80.4
zipf_100k,1849,TIDE,0,60.099999999999994
zipf_100k,1849,TIDE,1,65.9
zipf_100k,1849,TIDE,2,68.8
zipf_100k,1849,TIDE,3,73.6
zipf_100k,1849,TIDE,4,73.9
zipf_100k,1849,TIDE,5,76.0
zipf_100k,1849,TIDE,6,77.3
zipf_100k,1849,TIDE,7,75.3
zipf_100k,1849,TIDE,8,74.3
zipf_100k,1849,TIDE,9,75.2
zipf_100k,1849,TIDE,10,74.9
zipf_100k,1849,TIDE,11,74.3
zipf_100k,1849,TIDE,12,78.4
zipf_100k,1849,TIDE,13,77.60000000000001
zipf_100k,1849,TIDE,14,76.1
zipf_100k,1849,TIDE,15,75.3
zipf_100k,1849,TIDE,16,74.8
zipf_100k,1849,TIDE,17,76.6
zipf_100k,1849,TIDE,18,75.3
zipf_100k,1849,TIDE,19,74.4
zipf_100k,1849,TIDE,20,79.2
zipf_100k,1849,TIDE,21,77.5
zipf_100k,1849,TIDE,22,78.7
zipf_100k,1849,TIDE,23,76.6
zipf_100k,1849,TIDE,24,79.3
zipf_100k,1849,TIDE,25,77.10000000000001
zipf_100k,1849,TIDE,26,76.5
zipf_100k,1849,TIDE,27,79.4
zipf_100k,1849,TIDE,28,78.9
zipf_100k,1849,TIDE,29,76.9
zipf_100k,1849,TIDE,30,79.7
zipf_100k,1849,TIDE,31,77.60000000000001
zipf_100k,1849,TIDE,32,75.7
zipf_100k,1849,TIDE,33,78.8
zipf_100k,1849,TIDE,34,75.7
zipf_100k,1849,TIDE,35,77.8
zipf_100k,1849,TIDE,36,78.4
zipf_100k,1849,TIDE,37,76.1
zipf_100k,1849,TIDE,38,78.2
zipf_100k,1849,TIDE,39,76.5
zipf_100k,1849,TIDE,40,80.5
zipf_100k,1849,TIDE,41,79.9
zipf_100k,1849,TIDE,42,81.39999999999999
zipf_100k,1849,TIDE,43,79.4
zipf_100k,1849,TIDE,44,76.8
zipf_100k,1849,TIDE,45,79.3
zipf_100k,1849,TIDE,46,79.7
zipf_100k,1849,TIDE,47,78.60000000000001
zipf_100k,1849,TIDE,48,78.10000000000001
zipf_100k,1849,TIDE,49,78.3
zipf_100k,1849,TIDE,50,78.5
zipf_100k,1849,TIDE,51,79.9
zipf_100k,1849,TIDE,52,81.0
zipf_100k,1849,TIDE,53,80.30000000000001
zipf_100k,1849,TIDE,54,81.39999999999999
zipf_100k,1849,TIDE,55,78.7
zipf_100k,1849,TIDE,56,81.6
zipf_100k,1849,TIDE,57,80.2
zipf_100k,1849,TIDE,58,79.60000000000001
zipf_100k,1849,TIDE,59,80.30000000000001
zipf_100k,1849,TIDE,60,77.7
zipf_100k,1849,TIDE,61,79.80000000000001
zipf_100k,1849,TIDE,62,80.4
zipf_100k,1849,TIDE,63,79.7
zipf_100k,1849,TIDE,64,82.0
zipf_100k,1849,TIDE,65,79.9
zipf_100k,1849,TIDE,66,78.60000000000001
zipf_100k,1849,TIDE,67,79.60000000000001
zipf_100k,1849,TIDE,68,78.7
zipf_100k,1849,TIDE,69,82.3
zipf_100k,1849,TIDE,70,80.5
zipf_100k,1849,TIDE,71,79.3
zipf_100k,1849,TIDE,72,80.4
zipf_100k,1849,TIDE,73,81.69999999999999
zipf_100k,1849,TIDE,74,78.9
zipf_100k,1849,TIDE,75,80.2
zipf_100k,1849,TIDE,76,80.10000000000001
zipf_100k,1849,TIDE,77,80.5
zipf_100k,1849,TIDE,78,81.6
zipf_100k,1849,TIDE,79,78.8
zipf_100k,1849,TIDE,80,79.10000000000001
zipf_100k,1849,TIDE,81,80.9
zipf_100k,1849,TIDE,82,80.9
zipf_100k,1849,TIDE,83,78.7
zipf_100k,1849,TIDE,84,79.4
zipf_100k,1849,TIDE,85,79.2
zipf_100k,1849,TIDE,86,79.7
zipf_100k,1849,TIDE,87,80.80000000000001
zipf_100k,1849,TIDE,88,78.4
zipf_100k,1849,TIDE,89,78.60000000000001
zipf_100k,1849,TIDE,90,80.7
zipf_100k,1849,TIDE,91,78.5
zipf_100k,1849,TIDE,92,80.5
zipf_100k,1849,TIDE,93,78.9
zipf_100k,1849,TIDE,94,78.60000000000001
zipf_100k,1849,TIDE,95,80.5
zipf_100k,1849,TIDE,96,79.4
zipf_100k,1849,TIDE,97,80.5
zipf_100k,1849,TIDE,98,81.39999999999999
zipf_100k,1849,TIDE,99,81.2
web_traffic_100k,16,ARC,0,4.0
web_traffic_100k,16,ARC,1,3.9
web_traffic_100k,16,ARC,2,3.5999999999999996
web_traffic_100k,16,ARC,3,4.3999999999999995
web_traffic_100k,16,ARC,4,3.5000000000000004
web_traffic_100k,16,ARC,5,3.8
web_traffic_100k,16,ARC,6,4.7
web_traffic_100k,16,ARC,7,4.3
web_traffic_100k,16,ARC,8,3.6999999999999997
web_traffic_100k,16,ARC,9,4.3999999999999995
web_traffic_100k,16,ARC,10,5.2
web_traffic_100k,16,ARC,11,4.0
web_traffic_100k,16,ARC,12,2.5
web_traffic_100k,16,ARC,13,4.7
web_traffic_100k,16,ARC,14,4.7
web_traffic_100k,16,ARC,15,4.9
web_traffic_100k,16,ARC,16,4.8
web_traffic_100k,16,ARC,17,4.3999999999999995
web_traffic_100k,16,ARC,18,4.3
web_traffic_100k,16,ARC,19,4.3999999999999995
web_traffic_100k,16,ARC,20,3.9
web_traffic_100k,16,ARC,21,5.1
web_traffic_100k,16,ARC,22,4.5
web_traffic_100k,16,ARC,23,5.2
web_traffic_100k,16,ARC,24,4.3999999999999995
web_traffic_100k,16,ARC,25,3.3000000000000003
web_traffic_100k,16,ARC,26,4.7
web_traffic_100k,16,ARC,27,5.3
web_traffic_100k,16,ARC,28,4.9
web_traffic_100k,16,ARC,29,3.9
web_traffic_100k,16,ARC,30,2.6
web_traffic_100k,16,ARC,31,5.5
web_traffic_100k,16,ARC,32,4.8
web_traffic_100k,16,ARC,33,4.3
web_traffic_100k,16,ARC,34,3.8
web_traffic_100k,16,ARC,35,5.4
web_traffic_100k,16,ARC,36,4.0
web_traffic_100k,16,ARC,37,6.1
web_traffic_100k,16,ARC,38,5.6000000000000005
web_traffic_100k,16,ARC,39,4.6
web_traffic_100k,16,ARC,40,3.8
web_traffic_100k,16,ARC,41,4.2
web_traffic_100k,16,ARC,42,3.4000000000000004
web_traffic_100k,16,ARC,43,4.0
web_traffic_100k,16,ARC,44,5.0
web_traffic_100k,16,ARC,45,6.800000000000001
web_traffic_100k,16,ARC,46,4.3999999999999995
web_traffic_100k,16,ARC,47,4.8
web_traffic_100k,16,ARC,48,5.8999999999999995
web_traffic_100k,16,ARC,49,4.3
web_traffic_100k,16,ARC,50,5.3
web_traffic_100k,16,ARC,51,5.1
web_traffic_100k,16,ARC,52,4.3
web_traffic_100k,16,ARC,53,3.9
web_traffic_100k,16,ARC,54,5.3
web_traffic_100k,16,ARC,55,4.1000000000000005
web_traffic_100k,16,ARC,56,3.5000000000000004
web_traffic_100k,16,ARC,57,5.8999999999999995
web_traffic_100k,16,ARC,58,4.1000000000000005
web_traffic_100k,16,ARC,59,4.1000000000000005
web_traffic_100k,16,ARC,60,4.9
web_traffic_100k,16,ARC,61,5.6000000000000005
web_traffic_100k,16,ARC,62,4.0
web_traffic_100k,16,ARC,63,5.1
web_traffic_100k,16,ARC,64,3.9
web_traffic_100k,16,ARC,65,5.0
web_traffic_100k,16,ARC,66,5.8999999999999995
web_traffic_100k,16,ARC,67,6.1
web_traffic_100k,16,ARC,68,4.3
web_traffic_100k,16,ARC,69,3.4000000000000004
web_traffic_100k,16,ARC,70,4.5
web_traffic_100k,16,ARC,71,4.6
web_traffic_100k,16,ARC,72,5.0
web_traffic_100k,16,ARC,73,5.0
web_traffic_100k,16,ARC,74,5.5
web_traffic_100k,16,ARC,75,5.2
web_traffic_100k,16,ARC,76,5.2
web_traffic_100k,16,ARC,77,5.3
web_traffic_100k,16,ARC,78,4.1000000000000005
web_traffic_100k,16,ARC,79,5.4
web_traffic_100k,16,ARC,80,4.5
web_traffic_100k,16,ARC,81,3.5999999999999996
web_traffic_100k,16,ARC,82,4.2
web_traffic_100k,16,ARC,83,4.6
web_traffic_100k,16,ARC,84,4.2
web_traffic_100k,16,ARC,85,3.3000000000000003
web_traffic_100k,16,ARC,86,4.5
web_traffic_100k,16,ARC,87,4.6
web_traffic_100k,16,ARC,88,5.2
web_traffic_100k,16,ARC,89,2.8000000000000003
web_traffic_100k,16,ARC,90,5.7
web_traffic_100k,16,ARC,91,4.5
web_traffic_100k,16,ARC,92,4.0
web_traffic_100k,16,ARC,93,4.3
web_traffic_100k,16,ARC,94,5.2
web_traffic_100k,16,ARC,95,3.5999999999999996
web_traffic_100k,16,ARC,96,4.3999999999999995
web_traffic_100k,16,ARC,97,3.1
web_traffic_100k,16,ARC,98,4.9
web_traffic_100k,16,ARC,99,5.5
web_traffic_100k,16,TIDE,0,4.0
web_traffic_100k,16,TIDE,1,3.9
web_traffic_100k,16,TIDE,2,4.1000000000000005
web_traffic_100k,16,TIDE,3,4.8
web_traffic_100k,16,TIDE,4,3.3000000000000003
web_traffic_100k,16,TIDE,5,4.3999999999999995
web_traffic_100k,16,TIDE,6,5.4
web_traffic_100k,16,TIDE,7,5.0
web_traffic_100k,16,TIDE,8,3.8
web_traffic_100k,16,TIDE,9,4.1000000000000005
web_traffic_100k,16,TIDE,10,4.2
web_traffic_100k,16,TIDE,11,4.6
web_traffic_100k,16,TIDE,12,2.5
web_traffic_100k,16,TIDE,13,4.0
web_traffic_100k,16,TIDE,14,4.6
web_traffic_100k,16,TIDE,15,6.0
web_traffic_100k,16,TIDE,16,5.2
web_traffic_100k,16,TIDE,17,5.0
web_traffic_100k,16,TIDE,18,4.6
web_traffic_100k,16,TIDE,19,4.0
web_traffic_100k,16,TIDE,20,4.5
web_traffic_100k,16,TIDE,21,4.8
web_traffic_100k,16,TIDE,22,4.3999999999999995
web_traffic_100k,16,TIDE,23,5.4
web_traffic_100k,16,TIDE,24,5.3
web_traffic_100k,16,TIDE,25,3.9
web_traffic_100k,16,TIDE,26,5.5
web_traffic_100k,16,TIDE,27,5.2
web_traffic_100k,16,TIDE,28,4.5
web_traffic_100k,16,TIDE,29,5.1
web_traffic_100k,16,TIDE,30,4.5
web_traffic_100k,16,TIDE,31,4.3999999999999995
web_traffic_100k,16,TIDE,32,5.4
web_traffic_100k,16,TIDE,33,4.0
web_traffic_100k,16,TIDE,34,5.0
web_traffic_100k,16,TIDE,35,6.800000000000001
web_traffic_100k,16,TIDE,36,4.7
web_traffic_100k,16,TIDE,37,7.000000000000001
web_traffic_100k,16,TIDE,38,5.3
web_traffic_100k,16,TIDE,39,5.800000000000001
web_traffic_100k,16,TIDE,40,4.5
web_traffic_100k,16,TIDE,41,5.6000000000000005
web_traffic_100k,16,TIDE,42,4.1000000000000005
web_traffic_100k,16,TIDE,43,5.3
web_traffic_100k,16,TIDE,44,5.800000000000001
web_traffic_100k,16,TIDE,45,7.5
web_traffic_100k,16,TIDE,46,5.0
web_traffic_100k,16,TIDE,47,5.6000000000000005
web_traffic_100k,16,TIDE,48,6.800000000000001
web_traffic_100k,16,TIDE,49,5.3
web_traffic_100k,16,TIDE,50,5.7
web_traffic_100k,16,TIDE,51,4.0
web_traffic_100k,16,TIDE,52,5.0
web_traffic_100k,16,TIDE,53,4.6
web_traffic_100k,16,TIDE,54,6.0
web_traffic_100k,16,TIDE,55,5.3
web_traffic_100k,16,TIDE,56,4.8
web_traffic_100k,16,TIDE,57,6.1
web_traffic_100k,16,TIDE,58,4.6
web_traffic_100k,16,TIDE,59,5.6000000000000005
web_traffic_100k,16,TIDE,60,5.3
web_traffic_100k,16,TIDE,61,6.0
web_traffic_100k,16,TIDE,62,3.9
web_traffic_100k,16,TIDE,63,6.1
web_traffic_100k,16,TIDE,64,4.8
web_traffic_100k,16,TIDE,65,4.5
web_traffic_100k,16,TIDE,66,5.5
web_traffic_100k,16,TIDE,67,5.6000000000000005
web_traffic_100k,16,TIDE,68,5.0
web_traffic_100k,16,TIDE,69,3.5999999999999996
web_traffic_100k,16,TIDE,70,4.6
web_traffic_100k,16,TIDE,71,4.7
web_traffic_100k,16,TIDE,72,4.9
web_traffic_100k,16,TIDE,73,5.2
web_traffic_100k,16,TIDE,74,5.2
web_traffic_100k,16,TIDE,75,5.8999999999999995
web_traffic_100k,16,TIDE,76,6.5
web_traffic_100k,16,TIDE,77,5.6000000000000005
web_traffic_100k,16,TIDE,78,4.6
web_traffic_100k,16,TIDE,79,4.5
web_traffic_100k,16,TIDE,80,3.8
web_traffic_100k,16,TIDE,81,3.8
web_traffic_100k,16,TIDE,82,4.0
web_traffic_100k,16,TIDE,83,5.0
web_traffic_100k,16,TIDE,84,5.3
web_traffic_100k,16,TIDE,85,3.8
web_traffic_100k,16,TIDE,86,5.800000000000001
web_traffic_100k,16,TIDE,87,4.5
web_traffic_100k,16,TIDE,88,4.6
web_traffic_100k,16,TIDE,89,3.8
web_traffic_100k,16,TIDE,90,5.6000000000000005
web_traffic_100k,16,TIDE,91,4.3
web_traffic_100k,16,TIDE,92,4.2
web_traffic_100k,16,TIDE,93,5.3
web_traffic_100k,16,TIDE,94,5.800000000000001
web_traffic_100k,16,TIDE,95,3.1
web_traffic_100k,16,TIDE,96,4.3
web_traffic_100k,16,TIDE,97,3.8
web_traffic_100k,16,TIDE,98,5.0
web_traffic_100k,16,TIDE,99,5.3
web_traffic_100k,50,ARC,0,11.700000000000001
web_traffic_100k,50,ARC,1,11.1
web_traffic_100k,50,ARC,2,12.4
web_traffic_100k,50,ARC,3,13.0
web_traffic_100k,50,ARC,4,14.000000000000002
web_traffic_100k,50,ARC,5,14.299999999999999
web_traffic_100k,50,ARC,6,12.9
web_traffic_100k,50,ARC,7,13.700000000000001
web_traffic_100k,50,ARC,8,12.9
web_traffic_100k,50,ARC,9,14.499999999999998
web_traffic_100k,50,ARC,10,13.0
web_traffic_100k,50,ARC,11,13.600000000000001
web_traffic_100k,50,ARC,12,11.600000000000001
web_traffic_100k,50,ARC,13,11.899999999999999
web_traffic_100k,50,ARC,14,15.2
web_traffic_100k,50,ARC,15,15.1
web_traffic_100k,50,ARC,16,13.900000000000002
web_traffic_100k,50,ARC,17,14.799999999999999
web_traffic_100k,50,ARC,18,14.399999999999999
web_traffic_100k,50,ARC,19,14.399999999999999
web_traffic_100k,50,ARC,20,13.200000000000001
web_traffic_100k,50,ARC,21,14.499999999999998
web_traffic_100k,50,ARC,22,13.3
web_traffic_100k,50,ARC,23,15.1
web_traffic_100k,50,ARC,24,13.900000000000002
web_traffic_100k,50,ARC,25,11.799999999999999
web_traffic_100k,50,ARC,26,14.7
web_traffic_100k,50,ARC,27,14.2
web_traffic_100k,50,ARC,28,15.0
web_traffic_100k,50,ARC,29,14.2
web_traffic_100k,50,ARC,30,13.0
web_traffic_100k,50,ARC,31,15.7
web_traffic_100k,50,ARC,32,13.600000000000001
web_traffic_100k,50,ARC,33,14.000000000000002
web_traffic_100k,50,ARC,34,15.0
web_traffic_100k,50,ARC,35,15.4
web_traffic_100k,50,ARC,36,12.0
web_traffic_100k,50,ARC,37,13.100000000000001
web_traffic_100k,50,ARC,38,14.7
web_traffic_100k,50,ARC,39,16.2
web_traffic_100k,50,ARC,40,14.899999999999999
web_traffic_100k,50,ARC,41,14.099999999999998
web_traffic_100k,50,ARC,42,13.200000000000001
web_traffic_100k,50,ARC,43,13.0
web_traffic_100k,50,ARC,44,16.0
web_traffic_100k,50,ARC,45,16.8
web_traffic_100k,50,ARC,46,13.5
web_traffic_100k,50,ARC,47,14.7
web_traffic_100k,50,ARC,48,16.2
web_traffic_100k,50,ARC,49,14.899999999999999
web_traffic_100k,50,ARC,50,15.1
web_traffic_100k,50,ARC,51,14.499999999999998
web_traffic_100k,50,ARC,52,16.1
web_traffic_100k,50,ARC,53,14.6
web_traffic_100k,50,ARC,54,15.5
web_traffic_100k,50,ARC,55,14.000000000000002
web_traffic_100k,50,ARC,56,14.2
web_traffic_100k,50,ARC,57,17.299999999999997
web_traffic_100k,50,ARC,58,14.000000000000002
web_traffic_100k,50,ARC,59,13.0
web_traffic_100k,50,ARC,60,14.299999999999999
web_traffic_100k,50,ARC,61,14.899999999999999
web_traffic_100k,50,ARC,62,13.200000000000001
web_traffic_100k,50,ARC,63,16.900000000000002
web_traffic_100k,50,ARC,64,14.099999999999998
web_traffic_100k,50,ARC,65,12.6
web_traffic_100k,50,ARC,66,15.4
web_traffic_100k,50,ARC,67,16.6
web_traffic_100k,50,ARC,68,13.700000000000001
web_traffic_100k,50,ARC,69,12.4
web_traffic_100k,50,ARC,70,13.8
web_traffic_100k,50,ARC,71,14.099999999999998
web_traffic_100k,50,ARC,72,13.100000000000001
web_traffic_100k,50,ARC,73,15.1
web_traffic_100k,50,ARC,74,14.799999999999999
web_traffic_100k,50,ARC,75,14.099999999999998
web_traffic_100k,50,ARC,76,15.6
web_traffic_100k,50,ARC,77,14.7
web_traffic_100k,50,ARC,78,13.100000000000001
web_traffic_100k,50,ARC,79,15.4
web_traffic_100k,50,ARC,80,14.899999999999999
web_traffic_100k,50,ARC,81,13.100000000000001
web_traffic_100k,50,ARC,82,13.200000000000001
web_traffic_100k,50,ARC,83,13.4
web_traffic_100k,50,ARC,84,12.1
web_traffic_100k,50,ARC,85,11.799999999999999
web_traffic_100k,50,ARC,86,14.000000000000002
web_traffic_100k,50,ARC,87,13.8
web_traffic_100k,50,ARC,88,15.0
web_traffic_100k,50,ARC,89,12.9
web_traffic_100k,50,ARC,90,14.499999999999998
web_traffic_100k,50,ARC,91,15.5
web_traffic_100k,50,ARC,92,14.499999999999998
web_traffic_100k,50,ARC,93,12.6
web_traffic_100k,50,ARC,94,13.5
web_traffic_100k,50,ARC,95,13.100000000000001
web_traffic_100k,50,ARC,96,13.5
web_traffic_100k,50,ARC,97,11.899999999999999
web_traffic_100k,50,ARC,98,15.2
web_traffic_100k,50,ARC,99,14.799999999999999
web_traffic_100k,50,TIDE,0,11.700000000000001
web_traffic_100k,50,TIDE,1,11.1
web_traffic_100k,50,TIDE,2,13.700000000000001
web_traffic_100k,50,TIDE,3,12.8
web_traffic_100k,50,TIDE,4,14.099999999999998
web_traffic_100k,50,TIDE,5,13.8
web_traffic_100k,50,TIDE,6,13.4
web_traffic_100k,50,TIDE,7,15.4
web_traffic_100k,50,TIDE,8,13.900000000000002
web_traffic_100k,50,TIDE,9,14.6
web_traffic_100k,50,TIDE,10,15.6
web_traffic_100k,50,TIDE,11,14.7
web_traffic_100k,50,TIDE,12,12.8
web_traffic_100k,50,TIDE,13,12.6
web_traffic_100k,50,TIDE,14,14.2
web_traffic_100k,50,TIDE,15,16.5
web_traffic_100k,50,TIDE,16,15.0
web_traffic_100k,50,TIDE,17,15.299999999999999
web_traffic_100k,50,TIDE,18,15.4
web_traffic_100k,50,TIDE,19,13.8
web_traffic_100k,50,TIDE,20,15.8
web_traffic_100k,50,TIDE,21,15.4
web_traffic_100k,50,TIDE,22,13.600000000000001
web_traffic_100k,50,TIDE,23,14.2
web_traffic_100k,50,TIDE,24,15.0
web_traffic_100k,50,TIDE,25,13.200000000000001
web_traffic_100k,50,TIDE,26,16.400000000000002
web_traffic_100k,50,TIDE,27,16.8
web_traffic_100k,50,TIDE,28,15.0
web_traffic_100k,50,TIDE,29,14.799999999999999
web_traffic_100k,50,TIDE,30,15.1
web_traffic_100k,50,TIDE,31,15.5
web_traffic_100k,50,TIDE,32,14.899999999999999
web_traffic_100k,50,TIDE,33,16.0
web_traffic_100k,50,TIDE,34,15.8
web_traffic_100k,50,TIDE,35,16.1
web_traffic_100k,50,TIDE,36,15.299999999999999
web_traffic_100k,50,TIDE,37,16.2
web_traffic_100k,50,TIDE,38,15.9
web_traffic_100k,50,TIDE,39,17.7
web_traffic_100k,50,TIDE,40,14.6
web_traffic_100k,50,TIDE,41,15.4
web_traffic_100k,50,TIDE,42,13.8
web_traffic_100k,50,TIDE,43,14.000000000000002
web_traffic_100k,50,TIDE,44,17.8
web_traffic_100k,50,TIDE,45,18.2
web_traffic_100k,50,TIDE,46,14.099999999999998
web_traffic_100k,50,TIDE,47,15.7
web_traffic_100k,50,TIDE,48,17.2
web_traffic_100k,50,TIDE,49,15.9
web_traffic_100k,50,TIDE,50,13.900000000000002
web_traffic_100k,50,TIDE,51,15.7
web_traffic_100k,50,TIDE,52,17.1
web_traffic_100k,50,TIDE,53,15.5
web_traffic_100k,50,TIDE,54,15.6
web_traffic_100k,50,TIDE,55,15.2
web_traffic_100k,50,TIDE,56,15.2
web_traffic_100k,50,TIDE,57,17.7
web_traffic_100k,50,TIDE,58,16.1
web_traffic_100k,50,TIDE,59,17.4
web_traffic_100k,50,TIDE,60,14.499999999999998
web_traffic_100k,50,TIDE,61,15.299999999999999
web_traffic_100k,50,TIDE,62,15.9
web_traffic_100k,50,TIDE,63,17.1
web_traffic_100k,50,TIDE,64,16.400000000000002
web_traffic_100k,50,TIDE,65,16.400000000000002
web_traffic_100k,50,TIDE,66,15.7
web_traffic_100k,50,TIDE,67,15.1
web_traffic_100k,50,TIDE,68,15.0
web_traffic_100k,50,TIDE,69,13.5
web_traffic_100k,50,TIDE,70,15.8
web_traffic_100k,50,TIDE,71,17.299999999999997
web_traffic_100k,50,TIDE,72,16.2
web_traffic_100k,50,TIDE,73,17.1
web_traffic_100k,50,TIDE,74,15.4
web_traffic_100k,50,TIDE,75,16.3
web_traffic_100k,50,TIDE,76,15.1
web_traffic_100k,50,TIDE,77,16.1
web_traffic_100k,50,TIDE,78,14.899999999999999
web_traffic_100k,50,TIDE,79,14.799999999999999
web_traffic_100k,50,TIDE,80,14.000000000000002
web_traffic_100k,50,TIDE,81,13.600000000000001
web_traffic_100k,50,TIDE,82,15.8
web_traffic_100k,50,TIDE,83,14.799999999999999
web_traffic_100k,50,TIDE,84,14.6
web_traffic_100k,50,TIDE,85,14.499999999999998
web_traffic_100k,50,TIDE,86,14.7
web_traffic_100k,50,TIDE,87,13.4
web_traffic_100k,50,TIDE,88,15.2
web_traffic_100k,50,TIDE,89,14.799999999999999
web_traffic_100k,50,TIDE,90,15.1
web_traffic_100k,50,TIDE,91,14.899999999999999
web_traffic_100k,50,TIDE,92,15.5
web_traffic_100k,50,TIDE,93,15.4
web_traffic_100k,50,TIDE,94,16.900000000000002
web_traffic_100k,50,TIDE,95,13.3
web_traffic_100k,50,TIDE,96,15.0
web_traffic_100k,50,TIDE,97,13.600000000000001
web_traffic_100k,50,TIDE,98,16.0
web_traffic_100k,50,TIDE,99,14.7
web_traffic_100k,499,ARC,0,48.9
web_traffic_100k,499,ARC,1,68.89999999999999
web_traffic_100k,499,ARC,2,70.0
web_traffic_100k,499,ARC,3,74.8
web_traffic_100k,499,ARC,4,71.89999999999999
web_traffic_100k,499,ARC,5,73.3
web_traffic_100k,499,ARC,6,70.1
web_traffic_100k,499,ARC,7,71.6
web_traffic_100k,499,ARC,8,71.5
web_traffic_100k,499,ARC,9,71.5
web_traffic_100k,499,ARC,10,72.39999999999999
web_traffic_100k,499,ARC,11,68.8
web_traffic_100k,499,ARC,12,68.0
web_traffic_100k,499,ARC,13,71.0
web_traffic_100k,499,ARC,14,72.3
web_traffic_100k,499,ARC,15,69.8
web_traffic_100k,499,ARC,16,70.89999999999999
web_traffic_100k,499,ARC,17,72.0
web_traffic_100k,499,ARC,18,71.6
web_traffic_100k,499,ARC,19,71.39999999999999
web_traffic_100k,499,ARC,20,71.0
web_traffic_100k,499,ARC,21,73.2
web_traffic_100k,499,ARC,22,69.8
web_traffic_100k,499,ARC,23,73.8
web_traffic_100k,499,ARC,24,72.39999999999999
web_traffic_100k,499,ARC,25,74.0
web_traffic_100k,499,ARC,26,71.2
web_traffic_100k,499,ARC,27,73.9
web_traffic_100k,499,ARC,28,72.89999999999999
web_traffic_100k,499,ARC,29,72.6
web_traffic_100k,499,ARC,30,72.0
web_traffic_100k,499,ARC,31,73.3
web_traffic_100k,499,ARC,32,72.1
web_traffic_100k,499,ARC,33,72.5
web_traffic_100k,499,ARC,34,70.7
web_traffic_100k,499,ARC,35,73.8
web_traffic_100k,499,ARC,36,71.6
web_traffic_100k,499,ARC,37,72.8
web_traffic_100k,499,ARC,38,70.0
web_traffic_100k,499,ARC,39,73.5
web_traffic_100k,499,ARC,40,69.8
web_traffic_100k,499,ARC,41,73.7
web_traffic_100k,499,ARC,42,68.8
web_traffic_100k,499,ARC,43,71.2
web_traffic_100k,499,ARC,44,69.5
web_traffic_100k,499,ARC,45,72.1
web_traffic_100k,499,ARC,46,71.0
web_traffic_100k,499,ARC,47,72.2
web_traffic_100k,499,ARC,48,70.5
web_traffic_100k,499,ARC,49,70.0
web_traffic_100k,499,ARC,50,72.5
web_traffic_100k,499,ARC,51,71.0
web_traffic_100k,499,ARC,52,71.3
web_traffic_100k,499,ARC,53,72.8
web_traffic_100k,499,ARC,54,71.5
web_traffic_100k,499,ARC,55,72.39999999999999
web_traffic_100k,499,ARC,56,70.19999999999999
web_traffic_100k,499,ARC,57,72.89999999999999
web_traffic_100k,499,ARC,58,73.8
web_traffic_100k,499,ARC,59,71.89999999999999
web_traffic_100k,499,ARC,60,73.4
web_traffic_100k,499,ARC,61,73.1
web_traffic_100k,499,ARC,62,70.7
web_traffic_100k,499,ARC,63,70.7
web_traffic_100k,499,ARC,64,71.1
web_traffic_100k,499,ARC,65,71.6
web_traffic_100k,499,ARC,66,73.1
web_traffic_100k,499,ARC,67,74.0
web_traffic_100k,499,ARC,68,71.0
web_traffic_100k,499,ARC,69,69.5
web_traffic_100k,499,ARC,70,70.1
web_traffic_100k,499,ARC,71,75.0
web_traffic_100k,499,ARC,72,69.5
web_traffic_100k,499,ARC,73,74.8
web_traffic_100k,499,ARC,74,70.6
web_traffic_100k,499,ARC,75,71.1
web_traffic_100k,499,ARC,76,70.8
web_traffic_100k,499,ARC,77,72.0
web_traffic_100k,499,ARC,78,70.3
web_traffic_100k,499,ARC,79,71.7
web_traffic_100k,499,ARC,80,71.6
web_traffic_100k,499,ARC,81,75.2
web_traffic_100k,499,ARC,82,71.2
web_traffic_100k,499,ARC,83,74.0
web_traffic_100k,499,ARC,84,70.39999999999999
web_traffic_100k,499,ARC,85,70.7
web_traffic_100k,499,ARC,86,69.0
web_traffic_100k,499,ARC,87,70.7
web_traffic_100k,499,ARC,88,69.39999999999999
web_traffic_100k,499,ARC,89,72.1
web_traffic_100k,499,ARC,90,70.6
web_traffic_100k,499,ARC,91,73.1
web_traffic_100k,499,ARC,92,70.6
web_traffic_100k,499,ARC,93,71.1
web_traffic_100k,499,ARC,94,70.8
web_traffic_100k,499,ARC,95,73.1
web_traffic_100k,499,ARC,96,71.2
web_traffic_100k,499,ARC,97,72.5
web_traffic_100k,499,ARC,98,71.1
web_traffic_100k,499,ARC,99,69.89999999999999
web_traffic_100k,499,TIDE,0,48.9
web_traffic_100k,499,TIDE,1,68.89999999999999
web_traffic_100k,499,TIDE,2,70.0
web_traffic_100k,499,TIDE,3,74.8
web_traffic_100k,499,TIDE,4,71.89999999999999
web_traffic_100k,499,TIDE,5,73.3
web_traffic_100k,499,TIDE,6,70.1
web_traffic_100k,499,TIDE,7,71.6
web_traffic_100k,499,TIDE,8,71.5
web_traffic_100k,499,TIDE,9,71.5
web_traffic_100k,499,TIDE,10,71.1
web_traffic_100k,499,TIDE,11,68.7
web_traffic_100k,499,TIDE,12,67.2
web_traffic_100k,499,TIDE,13,70.89999999999999
web_traffic_100k,499,TIDE,14,71.39999999999999
web_traffic_100k,499,TIDE,15,69.1
web_traffic_100k,499,TIDE,16,70.39999999999999
web_traffic_100k,499,TIDE,17,72.0
web_traffic_100k,499,TIDE,18,70.5
web_traffic_100k,499,TIDE,19,71.1
web_traffic_100k,499,TIDE,20,70.1
web_traffic_100k,499,TIDE,21,73.1
web_traffic_100k,499,TIDE,22,68.7
web_traffic_100k,499,TIDE,23,73.2
web_traffic_100k,499,TIDE,24,71.39999999999999
web_traffic_100k,499,TIDE,25,73.6
web_traffic_100k,499,TIDE,26,71.0
web_traffic_100k,499,TIDE,27,73.9
web_traffic_100k,499,TIDE,28,72.8
web_traffic_100k,499,TIDE,29,72.1
web_traffic_100k,499,TIDE,30,70.8
web_traffic_100k,499,TIDE,31,73.2
web_traffic_100k,499,TIDE,32,71.5
web_traffic_100k,499,TIDE,33,72.39999999999999
web_traffic_100k,499,TIDE,34,70.19999999999999
web_traffic_100k,499,TIDE,35,73.7
web_traffic_100k,499,TIDE,36,71.0
web_traffic_100k,499,TIDE,37,72.39999999999999
web_traffic_100k,499,TIDE,38,69.6
web_traffic_100k,499,TIDE,39,73.2
web_traffic_100k,499,TIDE,40,69.0
web_traffic_100k,499,TIDE,41,73.5
web_traffic_100k,499,TIDE,42,68.5
web_traffic_100k,499,TIDE,43,71.3
web_traffic_100k,499,TIDE,44,68.7
web_traffic_100k,499,TIDE,45,71.5
web_traffic_100k,499,TIDE,46,70.6
web_traffic_100k,499,TIDE,47,71.8
web_traffic_100k,499,TIDE,48,70.39999999999999
web_traffic_100k,499,TIDE,49,70.5
web_traffic_100k,499,TIDE,50,72.2
web_traffic_100k,499,TIDE,51,71.1
web_traffic_100k,499,TIDE,52,70.8
web_traffic_100k,499,TIDE,53,72.7
web_traffic_100k,499,TIDE,54,70.19999999999999
web_traffic_100k,499,TIDE,55,72.5
web_traffic_100k,499,TIDE,56,70.6
web_traffic_100k,499,TIDE,57,72.89999999999999
web_traffic_100k,499,TIDE,58,73.6
web_traffic_100k,499,TIDE,59,71.3
web_traffic_100k,499,TIDE,60,72.6
web_traffic_100k,499,TIDE,61,73.2
web_traffic_100k,499,TIDE,62,71.2
web_traffic_100k,499,TIDE,63,70.89999999999999
web_traffic_100k,499,TIDE,64,71.0
web_traffic_100k,499,TIDE,65,71.5
web_traffic_100k,499,TIDE,66,72.8
web_traffic_100k,499,TIDE,67,74.3
web_traffic_100k,499,TIDE,68,70.8
web_traffic_100k,499,TIDE,69,69.6
web_traffic_100k,499,TIDE,70,69.39999999999999
web_traffic_100k,499,TIDE,71,74.8
web_traffic_100k,499,TIDE,72,69.19999999999999
web_traffic_100k,499,TIDE,73,74.7
web_traffic_100k,499,TIDE,74,70.39999999999999
web_traffic_100k,499,TIDE,75,71.3
web_traffic_100k,499,TIDE,76,71.0
web_traffic_100k,499,TIDE,77,72.0
web_traffic_100k,499,TIDE,78,69.89999999999999
web_traffic_100k,499,TIDE,79,71.8
web_traffic_100k,499,TIDE,80,71.1
web_traffic_100k,499,TIDE,81,74.9
web_traffic_100k,499,TIDE,82,70.6
web_traffic_100k,499,TIDE,83,74.4
web_traffic_100k,499,TIDE,84,70.0
web_traffic_100k,499,TIDE,85,70.6
web_traffic_100k,499,TIDE,86,68.7
web_traffic_100k,499,TIDE,87,70.5
web_traffic_100k,499,TIDE,88,69.5
web_traffic_100k,499,TIDE,89,72.39999999999999
web_traffic_100k,499,TIDE,90,70.7
web_traffic_100k,499,TIDE,91,73.5
web_traffic_100k,499,TIDE,92,70.6
web_traffic_100k,499,TIDE,93,71.0
web_traffic_100k,499,TIDE,94,70.19999999999999
web_traffic_100k,499,TIDE,95,73.1
web_traffic_100k,499,TIDE,96,70.5
web_traffic_100k,499,TIDE,97,72.1
web_traffic_100k,499,TIDE,98,69.8
web_traffic_100k,499,TIDE,99,69.39999999999999
adversarial,16,ARC,0,0.0
adversarial,16,ARC,1,0.0
adversarial,16,ARC,2,0.0
adversarial,16,ARC,3,0.0
adversarial,16,ARC,4,0.0
adversarial,16,ARC,5,0.0
adversarial,16,ARC,6,0.0
adversarial,16,ARC,7,0.0
adversarial,16,ARC,8,0.0
adversarial,16,ARC,9,0.0
adversarial,16,ARC,10,0.0
adversarial,16,ARC,11,0.0
adversarial,16,ARC,12,0.0
adversarial,16,ARC,13,0.0
adversarial,16,ARC,14,0.0
adversarial,16,ARC,15,0.0
adversarial,16,ARC,16,0.0
adversarial,16,ARC,17,0.0
adversarial,16,ARC,18,0.0
adversarial,16,ARC,19,0.0
adversarial,16,ARC,20,0.0
adversarial,16,ARC,21,0.0
adversarial,16,ARC,22,0.0
adversarial,16,ARC,23,0.0
adversarial,16,ARC,24,0.0
adversarial,16,ARC,25,0.0
adversarial,16,ARC,26,0.0
adversarial,16,ARC,27,0.0
adversarial,16,ARC,28,0.0
adversarial,16,ARC,29,0.0
adversarial,16,ARC,30,0.0
adversarial,16,ARC,31,0.0
adversarial,16,ARC,32,0.0
adversarial,16,ARC,33,0.0
adversarial,16,ARC,34,0.0
adversarial,16,ARC,35,0.0
adversarial,16,ARC,36,0.0
adversarial,16,ARC,37,0.0
adversarial,16,ARC,38,0.0
adversarial,16,ARC,39,0.0
adversarial,16,ARC,40,0.0
adversarial,16,ARC,41,0.0
adversarial,16,ARC,42,0.0
adversarial,16,ARC,43,0.0
adversarial,16,ARC,44,0.0
adversarial,16,ARC,45,0.0
adversarial,16,ARC,46,0.0
adversarial,16,ARC,47,0.0
adversarial,16,ARC,48,0.0
adversarial,16,ARC,49,0.0
adversarial,16,ARC,50,0.0
adversarial,16,ARC,51,0.0
adversarial,16,ARC,52,0.0
adversarial,16,ARC,53,0.0
adversarial,16,ARC,54,0.0
adversarial,16,ARC,55,0.0
adversarial,16,ARC,56,0.0
adversarial,16,ARC,57,0.0
adversarial,16,ARC,58,0.0
adversarial,16,ARC,59,0.0
adversarial,16,ARC,60,0.0
adversarial,16,ARC,61,0.0
adversarial,16,ARC,62,0.0
adversarial,16,ARC,63,0.0
adversarial,16,ARC,64,0.0
adversarial,16,ARC,65,0.0
adversarial,16,ARC,66,0.0
adversarial,16,ARC,67,0.0
adversarial,16,ARC,68,0.0
adversarial,16,ARC,69,0.0
adversarial,16,ARC,70,0.0
adversarial,16,ARC,71,0.0
adversarial,16,ARC,72,0.0
adversarial,16,ARC,73,0.0
adversarial,16,ARC,74,0.0
adversarial,16,ARC,75,0.0
adversarial,16,ARC,76,0.0
adversarial,16,ARC,77,0.0
adversarial,16,ARC,78,0.0
adversarial,16,ARC,79,0.0
adversarial,16,ARC,80,0.0
adversarial,16,ARC,81,0.0
adversarial,16,ARC,82,0.0
adversarial,16,ARC,83,0.0
adversarial,16,ARC,84,0.0
adversarial,16,ARC,85,0.0
adversarial,16,ARC,86,0.0
adversarial,16,ARC,87,0.0
adversarial,16,ARC,88,0.0
adversarial,16,ARC,89,0.0
adversarial,16,ARC,90,0.0
adversarial,16,ARC,91,0.0
adversarial,16,ARC,92,0.0
adversarial,16,ARC,93,0.0
adversarial,16,ARC,94,0.0
adversarial,16,ARC,95,0.0
adversarial,16,ARC,96,0.0
adversarial,16,ARC,97,0.0
adversarial,16,ARC,98,0.0
adversarial,16,ARC,99,0.0
adversarial,16,TIDE,0,0.0
adversarial,16,TIDE,1,0.0
adversarial,16,TIDE,2,0.0
adversarial,16,TIDE,3,0.0
adversarial,16,TIDE,4,0.0
adversarial,16,TIDE,5,0.0
adversarial,16,TIDE,6,0.0
adversarial,16,TIDE,7,40.400000000000006
adversarial,16,TIDE,8,50.0
adversarial,16,TIDE,9,50.5
adversarial,16,TIDE,10,49.5
adversarial,16,TIDE,11,50.0
adversarial,16,TIDE,12,50.5
adversarial,16,TIDE,13,49.5
adversarial,16,TIDE,14,50.0
adversarial,16,TIDE,15,50.5
adversarial,16,TIDE,16,49.5
adversarial,16,TIDE,17,50.0
adversarial,16,TIDE,18,50.5
adversarial,16,TIDE,19,49.5
adversarial,16,TIDE,20,50.0
adversarial,16,TIDE,21,50.5
adversarial,16,TIDE,22,49.5
adversarial,16,TIDE,23,50.0
adversarial,16,TIDE,24,50.5
adversarial,16,TIDE,25,49.5
adversarial,16,TIDE,26,50.0
adversarial,16,TIDE,27,50.5
adversarial,16,TIDE,28,49.5
adversarial,16,TIDE,29,50.0
adversarial,16,TIDE,30,50.5
adversarial,16,TIDE,31,49.5
adversarial,16,TIDE,32,50.0
adversarial,16,TIDE,33,50.5
adversarial,16,TIDE,34,49.5
adversarial,16,TIDE,35,50.0
adversarial,16,TIDE,36,50.5
adversarial,16,TIDE,37,49.5
adversarial,16,TIDE,38,50.0
adversarial,16,TIDE,39,50.5
adversarial,16,TIDE,40,49.5
adversarial,16,TIDE,41,50.0
adversarial,16,TIDE,42,50.5
adversarial,16,TIDE,43,49.5
adversarial,16,TIDE,44,50.0
adversarial,16,TIDE,45,50.5
adversarial,16,TIDE,46,49.5
adversarial,16,TIDE,47,50.0
adversarial,16,TIDE,48,50.5
adversarial,16,TIDE,49,49.5
adversarial,16,TIDE,50,50.0
adversarial,16,TIDE,51,50.5
adversarial,16,TIDE,52,49.5
adversarial,16,TIDE,53,50.0
adversarial,16,TIDE,54,50.5
adversarial,16,TIDE,55,49.5
adversarial,16,TIDE,56,50.0
adversarial,16,TIDE,57,50.5
adversarial,16,TIDE,58,49.5
adversarial,16,TIDE,59,50.0
adversarial,16,TIDE,60,50.5
adversarial,16,TIDE,61,49.5
adversarial,16,TIDE,62,50.0
adversarial,16,TIDE,63,50.5
adversarial,16,TIDE,64,49.5
adversarial,16,TIDE,65,50.0
adversarial,16,TIDE,66,50.5
adversarial,16,TIDE,67,49.5
adversarial,16,TIDE,68,50.0
adversarial,16,TIDE,69,50.5
adversarial,16,TIDE,70,49.5
adversarial,16,TIDE,71,50.0
adversarial,16,TIDE,72,50.5
adversarial,16,TIDE,73,49.5
adversarial,16,TIDE,74,50.0
adversarial,16,TIDE,75,50.5
adversarial,16,TIDE,76,49.5
adversarial,16,TIDE,77,50.0
adversarial,16,TIDE,78,50.5
adversarial,16,TIDE,79,49.5
adversarial,16,TIDE,80,50.0
adversarial,16,TIDE,81,50.5
adversarial,16,TIDE,82,49.5
adversarial,16,TIDE,83,50.0
adversarial,16,TIDE,84,50.5
adversarial,16,TIDE,85,49.5
adversarial,16,TIDE,86,50.0
adversarial,16,TIDE,87,50.5
adversarial,16,TIDE,88,49.5
adversarial,16,TIDE,89,50.0
adversarial,16,TIDE,90,50.5
adversarial,16,TIDE,91,49.5
adversarial,16,TIDE,92,50.0
adversarial,16,TIDE,93,50.5
adversarial,16,TIDE,94,49.5
adversarial,16,TIDE,95,50.0
adversarial,16,TIDE,96,50.5
adversarial,16,TIDE,97,49.5
adversarial,16,TIDE,98,50.0
adversarial,16,TIDE,99,50.5
adversarial,16,ARC,0,0.0
adversarial,16,ARC,1,0.0
adversarial,16,ARC,2,0.0
adversarial,16,ARC,3,0.0
adversarial,16,ARC,4,0.0
adversarial,16,ARC,5,0.0
adversarial,16,ARC,6,0.0
adversarial,16,ARC,7,0.0
adversarial,16,ARC,8,0.0
adversarial,16,ARC,9,0.0
adversarial,16,ARC,10,0.0
adversarial,16,ARC,11,0.0
adversarial,16,ARC,12,0.0
adversarial,16,ARC,13,0.0
adversarial,16,ARC,14,0.0
adversarial,16,ARC,15,0.0
adversarial,16,ARC,16,0.0
adversarial,16,ARC,17,0.0
adversarial,16,ARC,18,0.0
adversarial,16,ARC,19,0.0
adversarial,16,ARC,20,0.0
adversarial,16,ARC,21,0.0
adversarial,16,ARC,22,0.0
adversarial,16,ARC,23,0.0
adversarial,16,ARC,24,0.0
adversarial,16,ARC,25,0.0
adversarial,16,ARC,26,0.0
adversarial,16,ARC,27,0.0
adversarial,16,ARC,28,0.0
adversarial,16,ARC,29,0.0
adversarial,16,ARC,30,0.0
adversarial,16,ARC,31,0.0
adversarial,16,ARC,32,0.0
adversarial,16,ARC,33,0.0
adversarial,16,ARC,34,0.0
adversarial,16,ARC,35,0.0
adversarial,16,ARC,36,0.0
adversarial,16,ARC,37,0.0
adversarial,16,ARC,38,0.0
adversarial,16,ARC,39,0.0
adversarial,16,ARC,40,0.0
adversarial,16,ARC,41,0.0
adversarial,16,ARC,42,0.0
adversarial,16,ARC,43,0.0
adversarial,16,ARC,44,0.0
adversarial,16,ARC,45,0.0
adversarial,16,ARC,46,0.0
adversarial,16,ARC,47,0.0
adversarial,16,ARC,48,0.0
adversarial,16,ARC,49,0.0
adversarial,16,ARC,50,0.0
adversarial,16,ARC,51,0.0
adversarial,16,ARC,52,0.0
adversarial,16,ARC,53,0.0
adversarial,16,ARC,54,0.0
adversarial,16,ARC,55,0.0
adversarial,16,ARC,56,0.0
adversarial,16,ARC,57,0.0
adversarial,16,ARC,58,0.0
adversarial,16,ARC,59,0.0
adversarial,16,ARC,60,0.0
adversarial,16,ARC,61,0.0
adversarial,16,ARC,62,0.0
adversarial,16,ARC,63,0.0
adversarial,16,ARC,64,0.0
adversarial,16,ARC,65,0.0
adversarial,16,ARC,66,0.0
adversarial,16,ARC,67,0.0
adversarial,16,ARC,68,0.0
adversarial,16,ARC,69,0.0
adversarial,16,ARC,70,0.0
adversarial,16,ARC,71,0.0
adversarial,16,ARC,72,0.0
adversarial,16,ARC,73,0.0
adversarial,16,ARC,74,0.0
adversarial,16,ARC,75,0.0
adversarial,16,ARC,76,0.0
adversarial,16,ARC,77,0.0
adversarial,16,ARC,78,0.0
adversarial,16,ARC,79,0.0
adversarial,16,ARC,80,0.0
adversarial,16,ARC,81,0.0
adversarial,16,ARC,82,0.0
adversarial,16,ARC,83,0.0
adversarial,16,ARC,84,0.0
adversarial,16,ARC,85,0.0
adversarial,16,ARC,86,0.0
adversarial,16,ARC,87,0.0
adversarial,16,ARC,88,0.0
adversarial,16,ARC,89,0.0
adversarial,16,ARC,90,0.0
adversarial,16,ARC,91,0.0
adversarial,16,ARC,92,0.0
adversarial,16,ARC,93,0.0
adversarial,16,ARC,94,0.0
adversarial,16,ARC,95,0.0
adversarial,16,ARC,96,0.0
adversarial,16,ARC,97,0.0
adversarial,16,ARC,98,0.0
adversarial,16,ARC,99,0.0
adversarial,16,TIDE,0,0.0
adversarial,16,TIDE,1,0.0
adversarial,16,TIDE,2,0.0
adversarial,16,TIDE,3,0.0
adversarial,16,TIDE,4,0.0
adversarial,16,TIDE,5,0.0
adversarial,16,TIDE,6,0.0
adversarial,16,TIDE,7,40.400000000000006
adversarial,16,TIDE,8,50.0
adversarial,16,TIDE,9,50.5
adversarial,16,TIDE,10,49.5
adversarial,16,TIDE,11,50.0
adversarial,16,TIDE,12,50.5
adversarial,16,TIDE,13,49.5
adversarial,16,TIDE,14,50.0
adversarial,16,TIDE,15,50.5
adversarial,16,TIDE,16,49.5
adversarial,16,TIDE,17,50.0
adversarial,16,TIDE,18,50.5
adversarial,16,TIDE,19,49.5
adversarial,16,TIDE,20,50.0
adversarial,16,TIDE,21,50.5
adversarial,16,TIDE,22,49.5
adversarial,16,TIDE,23,50.0
adversarial,16,TIDE,24,50.5
adversarial,16,TIDE,25,49.5
adversarial,16,TIDE,26,50.0
adversarial,16,TIDE,27,50.5
adversarial,16,TIDE,28,49.5
adversarial,16,TIDE,29,50.0
adversarial,16,TIDE,30,50.5
adversarial,16,TIDE,31,49.5
adversarial,16,TIDE,32,50.0
adversarial,16,TIDE,33,50.5
adversarial,16,TIDE,34,49.5
adversarial,16,TIDE,35,50.0
adversarial,16,TIDE,36,50.5
adversarial,16,TIDE,37,49.5
adversarial,16,TIDE,38,50.0
adversarial,16,TIDE,39,50.5
adversarial,16,TIDE,40,49.5
adversarial,16,TIDE,41,50.0
adversarial,16,TIDE,42,50.5
adversarial,16,TIDE,43,49.5
adversarial,16,TIDE,44,50.0
adversarial,16,TIDE,45,50.5
adversarial,16,TIDE,46,49.5
adversarial,16,TIDE,47,50.0
adversarial,16,TIDE,48,50.5
adversarial,16,TIDE,49,49.5
adversarial,16,TIDE,50,50.0
adversarial,16,TIDE,51,50.5
adversarial,16,TIDE,52,49.5
adversarial,16,TIDE,53,50.0
adversarial,16,TIDE,54,50.5
adversarial,16,TIDE,55,49.5
adversarial,16,TIDE,56,50.0
adversarial,16,TIDE,57,50.5
adversarial,16,TIDE,58,49.5
adversarial,16,TIDE,59,50.0
adversarial,16,TIDE,60,50.5
adversarial,16,TIDE,61,49.5
adversarial,16,TIDE,62,50.0
adversarial,16,TIDE,63,50.5
adversarial,16,TIDE,64,49.5
adversarial,16,TIDE,65,50.0
adversarial,16,TIDE,66,50.5
adversarial,16,TIDE,67,49.5
adversarial,16,TIDE,68,50.0
adversarial,16,TIDE,69,50.5
adversarial,16,TIDE,70,49.5
adversarial,16,TIDE,71,50.0
adversarial,16,TIDE,72,50.5
adversarial,16,TIDE,73,49.5
adversarial,16,TIDE,74,50.0
adversarial,16,TIDE,75,50.5
adversarial,16,TIDE,76,49.5
adversarial,16,TIDE,77,50.0
adversarial,16,TIDE,78,50.5
adversarial,16,TIDE,79,49.5
adversarial,16,TIDE,80,50.0
adversarial,16,TIDE,81,50.5
adversarial,16,TIDE,82,49.5
adversarial,16,TIDE,83,50.0
adversarial,16,TIDE,84,50.5
adversarial,16,TIDE,85,49.5
adversarial,16,TIDE,86,50.0
adversarial,16,TIDE,87,50.5
adversarial,16,TIDE,88,49.5
adversarial,16,TIDE,89,50.0
adversarial,16,TIDE,90,50.5
adversarial,16,TIDE,91,49.5
adversarial,16,TIDE,92,50.0
adversarial,16,TIDE,93,50.5
adversarial,16,TIDE,94,49.5
adversarial,16,TIDE,95,50.0
adversarial,16,TIDE,96,50.5
adversarial,16,TIDE,97,49.5
adversarial,16,TIDE,98,50.0
adversarial,16,TIDE,99,50.5
adversarial,16,ARC,0,0.0
adversarial,16,ARC,1,0.0
adversarial,16,ARC,2,0.0
adversarial,16,ARC,3,0.0
adversarial,16,ARC,4,0.0
adversarial,16,ARC,5,0.0
adversarial,16,ARC,6,0.0
adversarial,16,ARC,7,0.0
adversarial,16,ARC,8,0.0
adversarial,16,ARC,9,0.0
adversarial,16,ARC,10,0.0
adversarial,16,ARC,11,0.0
adversarial,16,ARC,12,0.0
adversarial,16,ARC,13,0.0
adversarial,16,ARC,14,0.0
adversarial,16,ARC,15,0.0
adversarial,16,ARC,16,0.0
adversarial,16,ARC,17,0.0
adversarial,16,ARC,18,0.0
adversarial,16,ARC,19,0.0
adversarial,16,ARC,20,0.0
adversarial,16,ARC,21,0.0
adversarial,16,ARC,22,0.0
adversarial,16,ARC,23,0.0
adversarial,16,ARC,24,0.0
adversarial,16,ARC,25,0.0
adversarial,16,ARC,26,0.0
adversarial,16,ARC,27,0.0
adversarial,16,ARC,28,0.0
adversarial,16,ARC,29,0.0
adversarial,16,ARC,30,0.0
adversarial,16,ARC,31,0.0
adversarial,16,ARC,32,0.0
adversarial,16,ARC,33,0.0
adversarial,16,ARC,34,0.0
adversarial,16,ARC,35,0.0
adversarial,16,ARC,36,0.0
adversarial,16,ARC,37,0.0
adversarial,16,ARC,38,0.0
adversarial,16,ARC,39,0.0
adversarial,16,ARC,40,0.0
adversarial,16,ARC,41,0.0
adversarial,16,ARC,42,0.0
adversarial,16,ARC,43,0.0
adversarial,16,ARC,44,0.0
adversarial,16,ARC,45,0.0
adversarial,16,ARC,46,0.0
adversarial,16,ARC,47,0.0
adversarial,16,ARC,48,0.0
adversarial,16,ARC,49,0.0
adversarial,16,ARC,50,0.0
adversarial,16,ARC,51,0.0
adversarial,16,ARC,52,0.0
adversarial,16,ARC,53,0.0
adversarial,16,ARC,54,0.0
adversarial,16,ARC,55,0.0
adversarial,16,ARC,56,0.0
adversarial,16,ARC,57,0.0
adversarial,16,ARC,58,0.0
adversarial,16,ARC,59,0.0
adversarial,16,ARC,60,0.0
adversarial,16,ARC,61,0.0
adversarial,16,ARC,62,0.0
adversarial,16,ARC,63,0.0
adversarial,16,ARC,64,0.0
adversarial,16,ARC,65,0.0
adversarial,16,ARC,66,0.0
adversarial,16,ARC,67,0.0
adversarial,16,ARC,68,0.0
adversarial,16,ARC,69,0.0
adversarial,16,ARC,70,0.0
adversarial,16,ARC,71,0.0
adversarial,16,ARC,72,0.0
adversarial,16,ARC,73,0.0
adversarial,16,ARC,74,0.0
adversarial,16,ARC,75,0.0
adversarial,16,ARC,76,0.0
adversarial,16,ARC,77,0.0
adversarial,16,ARC,78,0.0
adversarial,16,ARC,79,0.0
adversarial,16,ARC,80,0.0
adversarial,16,ARC,81,0.0
adversarial,16,ARC,82,0.0
adversarial,16,ARC,83,0.0
adversarial,16,ARC,84,0.0
adversarial,16,ARC,85,0.0
adversarial,16,ARC,86,0.0
adversarial,16,ARC,87,0.0
adversarial,16,ARC,88,0.0
adversarial,16,ARC,89,0.0
adversarial,16,ARC,90,0.0
adversarial,16,ARC,91,0.0
adversarial,16,ARC,92,0.0
adversarial,16,ARC,93,0.0
adversarial,16,ARC,94,0.0
adversarial,16,ARC,95,0.0
adversarial,16,ARC,96,0.0
adversarial,16,ARC,97,0.0
adversarial,16,ARC,98,0.0
adversarial,16,ARC,99,0.0
adversarial,16,TIDE,0,0.0
adversarial,16,TIDE,1,0.0
adversarial,16,TIDE,2,0.0
adversarial,16,TIDE,3,0.0
adversarial,16,TIDE,4,0.0
adversarial,16,TIDE,5,0.0
adversarial,16,TIDE,6,0.0
adversarial,16,TIDE,7,40.400000000000006
adversarial,16,TIDE,8,50.0
adversarial,16,TIDE,9,50.5
adversarial,16,TIDE,10,49.5
adversarial,16,TIDE,11,50.0
adversarial,16,TIDE,12,50.5
adversarial,16,TIDE,13,49.5
adversarial,16,TIDE,14,50.0
adversarial,16,TIDE,15,50.5
adversarial,16,TIDE,16,49.5
adversarial,16,TIDE,17,50.0
adversarial,16,TIDE,18,50.5
adversarial,16,TIDE,19,49.5
adversarial,16,TIDE,20,50.0
adversarial,16,TIDE,21,50.5
adversarial,16,TIDE,22,49.5
adversarial,16,TIDE,23,50.0
adversarial,16,TIDE,24,50.5
adversarial,16,TIDE,25,49.5
adversarial,16,TIDE,26,50.0
adversarial,16,TIDE,27,50.5
adversarial,16,TIDE,28,49.5
adversarial,16,TIDE,29,50.0
adversarial,16,TIDE,30,50.5
adversarial,16,TIDE,31,49.5
adversarial,16,TIDE,32,50.0
adversarial,16,TIDE,33,50.5
adversarial,16,TIDE,34,49.5
adversarial,16,TIDE,35,50.0
adversarial,16,TIDE,36,50.5
adversarial,16,TIDE,37,49.5
adversarial,16,TIDE,38,50.0
adversarial,16,TIDE,39,50.5
adversarial,16,TIDE,40,49.5
adversarial,16,TIDE,41,50.0
adversarial,16,TIDE,42,50.5
adversarial,16,TIDE,43,49.5
adversarial,16,TIDE,44,50.0
adversarial,16,TIDE,45,50.5
adversarial,16,TIDE,46,49.5
adversarial,16,TIDE,47,50.0
adversarial,16,TIDE,48,50.5
adversarial,16,TIDE,49,49.5
adversarial,16,TIDE,50,50.0
adversarial,16,TIDE,51,50.5
adversarial,16,TIDE,52,49.5
adversarial,16,TIDE,53,50.0
adversarial,16,TIDE,54,50.5
adversarial,16,TIDE,55,49.5
adversarial,16,TIDE,56,50.0
adversarial,16,TIDE,57,50.5
adversarial,16,TIDE,58,49.5
adversarial,16,TIDE,59,50.0
adversarial,16,TIDE,60,50.5
adversarial,16,TIDE,61,49.5
adversarial,16,TIDE,62,50.0
adversarial,16,TIDE,63,50.5
adversarial,16,TIDE,64,49.5
adversarial,16,TIDE,65,50.0
adversarial,16,TIDE,66,50.5
adversarial,16,TIDE,67,49.5
adversarial,16,TIDE,68,50.0
adversarial,16,TIDE,69,50.5
adversarial,16,TIDE,70,49.5
adversarial,16,TIDE,71,50.0
adversarial,16,TIDE,72,50.5
adversarial,16,TIDE,73,49.5
adversarial,16,TIDE,74,50.0
adversarial,16,TIDE,75,50.5
adversarial,16,TIDE,76,49.5
adversarial,16,TIDE,77,50.0
adversarial,16,TIDE,78,50.5
adversarial,16,TIDE,79,49.5
adversarial,16,TIDE,80,50.0
adversarial,16,TIDE,81,50.5
adversarial,16,TIDE,82,49.5
adversarial,16,TIDE,83,50.0
adversarial,16,TIDE,84,50.5
adversarial,16,TIDE,85,49.5
adversarial,16,TIDE,86,50.0
adversarial,16,TIDE,87,50.5
adversarial,16,TIDE,88,49.5
adversarial,16,TIDE,89,50.0
adversarial,16,TIDE,90,50.5
adversarial,16,TIDE,91,49.5
adversarial,16,TIDE,92,50.0
adversarial,16,TIDE,93,50.5
adversarial,16,TIDE,94,49.5
adversarial,16,TIDE,95,50.0
adversarial,16,TIDE,96,50.5
adversarial,16,TIDE,97,49.5
adversarial,16,TIDE,98,50.0
adversarial,16,TIDE,99,50.5
bursty,16,ARC,0,86.9
bursty,16,ARC,1,80.80000000000001
bursty,16,ARC,2,83.8
bursty,16,ARC,3,87.2
bursty,16,ARC,4,81.2
bursty,16,ARC,5,87.9
bursty,16,ARC,6,84.8
bursty,16,ARC,7,83.8
bursty,16,ARC,8,80.4
bursty,16,ARC,9,79.3
bursty,16,ARC,10,87.0
bursty,16,ARC,11,82.5
bursty,16,ARC,12,83.7
bursty,16,ARC,13,87.1
bursty,16,ARC,14,78.8
bursty,16,ARC,15,88.5
bursty,16,ARC,16,82.6
bursty,16,ARC,17,87.0
bursty,16,ARC,18,88.8
bursty,16,ARC,19,81.8
bursty,16,ARC,20,86.1
bursty,16,ARC,21,80.0
bursty,16,ARC,22,90.0
bursty,16,ARC,23,86.5
bursty,16,ARC,24,84.1
bursty,16,ARC,25,88.6
bursty,16,ARC,26,80.80000000000001
bursty,16,ARC,27,84.39999999999999
bursty,16,ARC,28,86.6
bursty,16,ARC,29,78.8
bursty,16,ARC,30,84.8
bursty,16,ARC,31,83.39999999999999
bursty,16,ARC,32,89.4
bursty,16,ARC,33,86.6
bursty,16,ARC,34,81.2
bursty,16,ARC,35,81.39999999999999
bursty,16,ARC,36,84.1
bursty,16,ARC,37,85.3
bursty,16,ARC,38,88.2
bursty,16,ARC,39,74.9
bursty,16,ARC,40,81.39999999999999
bursty,16,ARC,41,80.4
bursty,16,ARC,42,82.89999999999999
bursty,16,ARC,43,82.3
bursty,16,ARC,44,77.9
bursty,16,ARC,45,87.0
bursty,16,ARC,46,89.3
bursty,16,ARC,47,85.0
bursty,16,ARC,48,81.10000000000001
bursty,16,ARC,49,89.1
bursty,16,ARC,50,82.5
bursty,16,ARC,51,82.5
bursty,16,ARC,52,90.8
bursty,16,ARC,53,86.7
bursty,16,ARC,54,79.7
bursty,16,ARC,55,84.5
bursty,16,ARC,56,79.3
bursty,16,ARC,57,83.0
bursty,16,ARC,58,87.7
bursty,16,ARC,59,84.39999999999999
bursty,16,ARC,60,83.5
bursty,16,ARC,61,83.0
bursty,16,ARC,62,86.8
bursty,16,ARC,63,84.1
bursty,16,ARC,64,79.60000000000001
bursty,16,ARC,65,87.9
bursty,16,ARC,66,86.1
bursty,16,ARC,67,82.39999999999999
bursty,16,ARC,68,78.8
bursty,16,ARC,69,89.60000000000001
bursty,16,ARC,70,88.5
bursty,16,ARC,71,87.7
bursty,16,ARC,72,87.3
bursty,16,ARC,73,92.2
bursty,16,ARC,74,84.1
bursty,16,ARC,75,83.1
bursty,16,ARC,76,89.1
bursty,16,ARC,77,79.7
bursty,16,ARC,78,90.10000000000001
bursty,16,ARC,79,84.5
bursty,16,ARC,80,83.39999999999999
bursty,16,ARC,81,80.80000000000001
bursty,16,ARC,82,85.39999999999999
bursty,16,ARC,83,86.3
bursty,16,ARC,84,87.1
bursty,16,ARC,85,88.2
bursty,16,ARC,86,83.6
bursty,16,ARC,87,81.89999999999999
bursty,16,ARC,88,84.6
bursty,16,ARC,89,83.6
bursty,16,ARC,90,88.9
bursty,16,ARC,91,86.6
bursty,16,ARC,92,87.9
bursty,16,ARC,93,83.6
bursty,16,ARC,94,82.69999999999999
bursty,16,ARC,95,87.6
bursty,16,ARC,96,87.4
bursty,16,ARC,97,83.39999999999999
bursty,16,ARC,98,82.69999999999999
bursty,16,ARC,99,85.8
bursty,16,TIDE,0,86.9
bursty,16,TIDE,1,80.80000000000001
bursty,16,TIDE,2,83.8
bursty,16,TIDE,3,87.2
bursty,16,TIDE,4,81.2
bursty,16,TIDE,5,87.9
bursty,16,TIDE,6,84.8
bursty,16,TIDE,7,83.8
bursty,16,TIDE,8,80.4
bursty,16,TIDE,9,79.3
bursty,16,TIDE,10,87.0
bursty,16,TIDE,11,82.5
bursty,16,TIDE,12,83.7
bursty,16,TIDE,13,87.1
bursty,16,TIDE,14,78.8
bursty,16,TIDE,15,88.5
bursty,16,TIDE,16,82.6
bursty,16,TIDE,17,87.0
bursty,16,TIDE,18,88.8
bursty,16,TIDE,19,81.8
bursty,16,TIDE,20,86.1
bursty,16,TIDE,21,80.0
bursty,16,TIDE,22,90.0
bursty,16,TIDE,23,86.5
bursty,16,TIDE,24,84.1
bursty,16,TIDE,25,88.6
bursty,16,TIDE,26,80.80000000000001
bursty,16,TIDE,27,84.39999999999999
bursty,16,TIDE,28,86.6
bursty,16,TIDE,29,78.8
bursty,16,TIDE,30,84.8
bursty,16,TIDE,31,83.39999999999999
bursty,16,TIDE,32,89.4
bursty,16,TIDE,33,86.6
bursty,16,TIDE,34,81.2
bursty,16,TIDE,35,81.39999999999999
bursty,16,TIDE,36,84.1
bursty,16,TIDE,37,85.3
bursty,16,TIDE,38,88.2
bursty,16,TIDE,39,74.9
bursty,16,TIDE,40,81.39999999999999
bursty,16,TIDE,41,80.4
bursty,16,TIDE,42,82.89999999999999
bursty,16,TIDE,43,82.3
bursty,16,TIDE,44,77.9
bursty,16,TIDE,45,87.0
bursty,16,TIDE,46,89.4
bursty,16,TIDE,47,85.0
bursty,16,TIDE,48,81.10000000000001
bursty,16,TIDE,49,89.1
bursty,16,TIDE,50,82.5
bursty,16,TIDE,51,82.6
bursty,16,TIDE,52,90.8
bursty,16,TIDE,53,86.7
bursty,16,TIDE,54,79.7
bursty,16,TIDE,55,84.5
bursty,16,TIDE,56,79.3
bursty,16,TIDE,57,83.0
bursty,16,TIDE,58,87.7
bursty,16,TIDE,59,84.39999999999999
bursty,16,TIDE,60,83.5
bursty,16,TIDE,61,83.0
bursty,16,TIDE,62,86.8
bursty,16,TIDE,63,84.1
bursty,16,TIDE,64,79.60000000000001
bursty,16,TIDE,65,87.9
bursty,16,TIDE,66,86.1
bursty,16,TIDE,67,82.39999999999999
bursty,16,TIDE,68,78.8
bursty,16,TIDE,69,89.60000000000001
bursty,16,TIDE,70,88.5
bursty,16,TIDE,71,87.7
bursty,16,TIDE,72,87.3
bursty,16,TIDE,73,92.2
bursty,16,TIDE,74,84.1
bursty,16,TIDE,75,83.1
bursty,16,TIDE,76,89.1
bursty,16,TIDE,77,79.7
bursty,16,TIDE,78,90.10000000000001
bursty,16,TIDE,79,84.5
bursty,16,TIDE,80,83.39999999999999
bursty,16,TIDE,81,80.80000000000001
bursty,16,TIDE,82,85.39999999999999
bursty,16,TIDE,83,86.3
bursty,16,TIDE,84,87.1
bursty,16,TIDE,85,88.2
bursty,16,TIDE,86,83.5
bursty,16,TIDE,87,81.89999999999999
bursty,16,TIDE,88,84.6
bursty,16,TIDE,89,83.7
bursty,16,TIDE,90,88.9
bursty,16,TIDE,91,86.6
bursty,16,TIDE,92,87.9
bursty,16,TIDE,93,83.6
bursty,16,TIDE,94,82.69999999999999
bursty,16,TIDE,95,87.6
bursty,16,TIDE,96,87.4
bursty,16,TIDE,97,83.39999999999999
bursty,16,TIDE,98,82.69999999999999
bursty,16,TIDE,99,85.8
bursty,79,ARC,0,87.0
bursty,79,ARC,1,81.10000000000001
bursty,79,ARC,2,84.0
bursty,79,ARC,3,87.3
bursty,79,ARC,4,81.3
bursty,79,ARC,5,88.0
bursty,79,ARC,6,85.0
bursty,79,ARC,7,83.8
bursty,79,ARC,8,80.5
bursty,79,ARC,9,79.7
bursty,79,ARC,10,87.0
bursty,79,ARC,11,82.5
bursty,79,ARC,12,83.89999999999999
bursty,79,ARC,13,87.3
bursty,79,ARC,14,78.9
bursty,79,ARC,15,88.5
bursty,79,ARC,16,82.6
bursty,79,ARC,17,87.0
bursty,79,ARC,18,88.8
bursty,79,ARC,19,82.0
bursty,79,ARC,20,86.3
bursty,79,ARC,21,80.0
bursty,79,ARC,22,90.0
bursty,79,ARC,23,86.6
bursty,79,ARC,24,84.1
bursty,79,ARC,25,88.8
bursty,79,ARC,26,81.10000000000001
bursty,79,ARC,27,84.6
bursty,79,ARC,28,86.6
bursty,79,ARC,29,78.8
bursty,79,ARC,30,84.89999999999999
bursty,79,ARC,31,83.5
bursty,79,ARC,32,89.4
bursty,79,ARC,33,86.6
bursty,79,ARC,34,81.2
bursty,79,ARC,35,81.6
bursty,79,ARC,36,84.2
bursty,79,ARC,37,85.39999999999999
bursty,79,ARC,38,88.4
bursty,79,ARC,39,75.0
bursty,79,ARC,40,81.6
bursty,79,ARC,41,80.60000000000001
bursty,79,ARC,42,82.89999999999999
bursty,79,ARC,43,82.39999999999999
bursty,79,ARC,44,77.9
bursty,79,ARC,45,87.1
bursty,79,ARC,46,89.3
bursty,79,ARC,47,85.0
bursty,79,ARC,48,81.10000000000001
bursty,79,ARC,49,89.2
bursty,79,ARC,50,82.5
bursty,79,ARC,51,82.5
bursty,79,ARC,52,90.8
bursty,79,ARC,53,86.8
bursty,79,ARC,54,79.9
bursty,79,ARC,55,84.5
bursty,79,ARC,56,79.3
bursty,79,ARC,57,83.0
bursty,79,ARC,58,87.7
bursty,79,ARC,59,84.6
bursty,79,ARC,60,83.5
bursty,79,ARC,61,83.1
bursty,79,ARC,62,86.8
bursty,79,ARC,63,84.2
bursty,79,ARC,64,79.80000000000001
bursty,79,ARC,65,87.9
bursty,79,ARC,66,86.1
bursty,79,ARC,67,82.5
bursty,79,ARC,68,79.0
bursty,79,ARC,69,89.7
bursty,79,ARC,70,88.8
bursty,79,ARC,71,87.9
bursty,79,ARC,72,87.5
bursty,79,ARC,73,92.30000000000001
bursty,79,ARC,74,84.2
bursty,79,ARC,75,83.3
bursty,79,ARC,76,89.2
bursty,79,ARC,77,79.7
bursty,79,ARC,78,90.4
bursty,79,ARC,79,84.6
bursty,79,ARC,80,83.39999999999999
bursty,79,ARC,81,80.80000000000001
bursty,79,ARC,82,85.6
bursty,79,ARC,83,86.4
bursty,79,ARC,84,87.3
bursty,79,ARC,85,88.4
bursty,79,ARC,86,83.8
bursty,79,ARC,87,82.19999999999999
bursty,79,ARC,88,84.6
bursty,79,ARC,89,83.8
bursty,79,ARC,90,88.9
bursty,79,ARC,91,86.8
bursty,79,ARC,92,88.1
bursty,79,ARC,93,83.6
bursty,79,ARC,94,82.8
bursty,79,ARC,95,87.7
bursty,79,ARC,96,87.6
bursty,79,ARC,97,83.6
bursty,79,ARC,98,82.8
bursty,79,ARC,99,86.0
bursty,79,TIDE,0,87.0
bursty,79,TIDE,1,81.10000000000001
bursty,79,TIDE,2,84.0
bursty,79,TIDE,3,87.3
bursty,79,TIDE,4,81.3
bursty,79,TIDE,5,88.0
bursty,79,TIDE,6,85.0
bursty,79,TIDE,7,83.8
bursty,79,TIDE,8,80.5
bursty,79,TIDE,9,79.7
bursty,79,TIDE,10,87.0
bursty,79,TIDE,11,82.5
bursty,79,TIDE,12,83.89999999999999
bursty,79,TIDE,13,87.3
bursty,79,TIDE,14,78.9
bursty,79,TIDE,15,88.3
bursty,79,TIDE,16,82.6
bursty,79,TIDE,17,87.0
bursty,79,TIDE,18,88.8
bursty,79,TIDE,19,82.0
bursty,79,TIDE,20,86.2
bursty,79,TIDE,21,80.10000000000001
bursty,79,TIDE,22,90.0
bursty,79,TIDE,23,86.5
bursty,79,TIDE,24,84.1
bursty,79,TIDE,25,88.9
bursty,79,TIDE,26,81.0
bursty,79,TIDE,27,84.6
bursty,79,TIDE,28,86.6
bursty,79,TIDE,29,78.8
bursty,79,TIDE,30,85.0
bursty,79,TIDE,31,83.5
bursty,79,TIDE,32,89.4
bursty,79,TIDE,33,86.7
bursty,79,TIDE,34,81.2
bursty,79,TIDE,35,81.8
bursty,79,TIDE,36,84.3
bursty,79,TIDE,37,85.39999999999999
bursty,79,TIDE,38,88.4
bursty,79,TIDE,39,75.0
bursty,79,TIDE,40,81.6
bursty,79,TIDE,41,80.60000000000001
bursty,79,TIDE,42,83.0
bursty,79,TIDE,43,82.3
bursty,79,TIDE,44,77.9
bursty,79,TIDE,45,87.1
bursty,79,TIDE,46,89.3
bursty,79,TIDE,47,85.0
bursty,79,TIDE,48,81.10000000000001
bursty,79,TIDE,49,89.1
bursty,79,TIDE,50,82.5
bursty,79,TIDE,51,82.5
bursty,79,TIDE,52,90.8
bursty,79,TIDE,53,86.8
bursty,79,TIDE,54,79.9
bursty,79,TIDE,55,84.5
bursty,79,TIDE,56,79.3
bursty,79,TIDE,57,83.0
bursty,79,TIDE,58,87.7
bursty,79,TIDE,59,84.6
bursty,79,TIDE,60,83.5
bursty,79,TIDE,61,83.1
bursty,79,TIDE,62,86.8
bursty,79,TIDE,63,84.2
bursty,79,TIDE,64,79.80000000000001
bursty,79,TIDE,65,87.9
bursty,79,TIDE,66,86.1
bursty,79,TIDE,67,82.5
bursty,79,TIDE,68,79.0
bursty,79,TIDE,69,89.7
bursty,79,TIDE,70,88.8
bursty,79,TIDE,71,87.9
bursty,79,TIDE,72,87.5
bursty,79,TIDE,73,92.30000000000001
bursty,79,TIDE,74,84.2
bursty,79,TIDE,75,83.3
bursty,79,TIDE,76,89.2
bursty,79,TIDE,77,79.7
bursty,79,TIDE,78,90.4
bursty,79,TIDE,79,84.6
bursty,79,TIDE,80,83.5
bursty,79,TIDE,81,80.80000000000001
bursty,79,TIDE,82,85.6
bursty,79,TIDE,83,86.4
bursty,79,TIDE,84,87.3
bursty,79,TIDE,85,88.5
bursty,79,TIDE,86,83.8
bursty,79,TIDE,87,82.19999999999999
bursty,79,TIDE,88,84.6
bursty,79,TIDE,89,83.8
bursty,79,TIDE,90,89.0
bursty,79,TIDE,91,86.7
bursty,79,TIDE,92,88.1
bursty,79,TIDE,93,83.6
bursty,79,TIDE,94,82.69999999999999
bursty,79,TIDE,95,87.6
bursty,79,TIDE,96,87.6
bursty,79,TIDE,97,83.6
bursty,79,TIDE,98,82.8
bursty,79,TIDE,99,85.8
bursty,789,ARC,0,87.0
bursty,789,ARC,1,81.6
bursty,789,ARC,2,84.5
bursty,789,ARC,3,88.2
bursty,789,ARC,4,82.6
bursty,789,ARC,5,89.1
bursty,789,ARC,6,86.2
bursty,789,ARC,7,84.8
bursty,789,ARC,8,81.69999999999999
bursty,789,ARC,9,80.9
bursty,789,ARC,10,88.1
bursty,789,ARC,11,84.1
bursty,789,ARC,12,85.0
bursty,789,ARC,13,88.5
bursty,789,ARC,14,80.4
bursty,789,ARC,15,89.0
bursty,789,ARC,16,83.7
bursty,789,ARC,17,87.9
bursty,789,ARC,18,89.7
bursty,789,ARC,19,82.89999999999999
bursty,789,ARC,20,86.9
bursty,789,ARC,21,81.39999999999999
bursty,789,ARC,22,90.4
bursty,789,ARC,23,87.2
bursty,789,ARC,24,85.3
bursty,789,ARC,25,89.4
bursty,789,ARC,26,83.1
bursty,789,ARC,27,85.5
bursty,789,ARC,28,87.5
bursty,789,ARC,29,80.5
bursty,789,ARC,30,85.8
bursty,789,ARC,31,85.0
bursty,789,ARC,32,90.60000000000001
bursty,789,ARC,33,88.0
bursty,789,ARC,34,83.0
bursty,789,ARC,35,83.0
bursty,789,ARC,36,85.3
bursty,789,ARC,37,86.9
bursty,789,ARC,38,89.0
bursty,789,ARC,39,76.7
bursty,789,ARC,40,82.5
bursty,789,ARC,41,81.89999999999999
bursty,789,ARC,42,83.7
bursty,789,ARC,43,83.2
bursty,789,ARC,44,79.7
bursty,789,ARC,45,88.4
bursty,789,ARC,46,89.60000000000001
bursty,789,ARC,47,86.1
bursty,789,ARC,48,82.39999999999999
bursty,789,ARC,49,89.9
bursty,789,ARC,50,83.8
bursty,789,ARC,51,83.89999999999999
bursty,789,ARC,52,91.0
bursty,789,ARC,53,88.3
bursty,789,ARC,54,81.3
bursty,789,ARC,55,86.2
bursty,789,ARC,56,80.5
bursty,789,ARC,57,84.0
bursty,789,ARC,58,88.2
bursty,789,ARC,59,85.39999999999999
bursty,789,ARC,60,84.7
bursty,789,ARC,61,84.7
bursty,789,ARC,62,87.6
bursty,789,ARC,63,85.1
bursty,789,ARC,64,81.5
bursty,789,ARC,65,88.5
bursty,789,ARC,66,86.7
bursty,789,ARC,67,83.39999999999999
bursty,789,ARC,68,80.10000000000001
bursty,789,ARC,69,90.3
bursty,789,ARC,70,89.5
bursty,789,ARC,71,88.8
bursty,789,ARC,72,88.7
bursty,789,ARC,73,92.30000000000001
bursty,789,ARC,74,85.3
bursty,789,ARC,75,84.1
bursty,789,ARC,76,90.0
bursty,789,ARC,77,81.5
bursty,789,ARC,78,91.3
bursty,789,ARC,79,85.7
bursty,789,ARC,80,84.89999999999999
bursty,789,ARC,81,82.0
bursty,789,ARC,82,87.0
bursty,789,ARC,83,87.0
bursty,789,ARC,84,88.1
bursty,789,ARC,85,89.7
bursty,789,ARC,86,84.8
bursty,789,ARC,87,83.6
bursty,789,ARC,88,85.8
bursty,789,ARC,89,84.8
bursty,789,ARC,90,90.0
bursty,789,ARC,91,87.7
bursty,789,ARC,92,88.6
bursty,789,ARC,93,85.0
bursty,789,ARC,94,84.5
bursty,789,ARC,95,88.0
bursty,789,ARC,96,88.6
bursty,789,ARC,97,84.8
bursty,789,ARC,98,84.2
bursty,789,ARC,99,87.1
bursty,789,TIDE,0,87.0
bursty,789,TIDE,1,81.6
bursty,789,TIDE,2,84.5
bursty,789,TIDE,3,88.2
bursty,789,TIDE,4,82.6
bursty,789,TIDE,5,89.1
bursty,789,TIDE,6,86.2
bursty,789,TIDE,7,84.8
bursty,789,TIDE,8,81.69999999999999
bursty,789,TIDE,9,80.9
bursty,789,TIDE,10,88.1
bursty,789,TIDE,11,84.1
bursty,789,TIDE,12,85.0
bursty,789,TIDE,13,88.5
bursty,789,TIDE,14,80.4
bursty,789,TIDE,15,89.0
bursty,789,TIDE,16,83.7
bursty,789,TIDE,17,87.9
bursty,789,TIDE,18,89.7
bursty,789,TIDE,19,82.89999999999999
bursty,789,TIDE,20,86.8
bursty,789,TIDE,21,81.39999999999999
bursty,789,TIDE,22,90.4
bursty,789,TIDE,23,87.2
bursty,789,TIDE,24,85.2
bursty,789,TIDE,25,89.4
bursty,789,TIDE,26,82.8
bursty,789,TIDE,27,83.5
bursty,789,TIDE,28,86.2
bursty,789,TIDE,29,77.60000000000001
bursty,789,TIDE,30,83.1
bursty,789,TIDE,31,81.39999999999999
bursty,789,TIDE,32,90.5
bursty,789,TIDE,33,87.7
bursty,789,TIDE,34,82.8
bursty,789,TIDE,35,83.0
bursty,789,TIDE,36,85.2
bursty,789,TIDE,37,86.6
bursty,789,TIDE,38,88.3
bursty,789,TIDE,39,76.2
bursty,789,TIDE,40,82.1
bursty,789,TIDE,41,81.10000000000001
bursty,789,TIDE,42,83.7
bursty,789,TIDE,43,83.7
bursty,789,TIDE,44,79.5
bursty,789,TIDE,45,88.6
bursty,789,TIDE,46,89.1
bursty,789,TIDE,47,85.7
bursty,789,TIDE,48,82.19999999999999
bursty,789,TIDE,49,90.0
bursty,789,TIDE,50,83.6
bursty,789,TIDE,51,83.5
bursty,789,TIDE,52,90.9
bursty,789,TIDE,53,87.6
bursty,789,TIDE,54,80.80000000000001
bursty,789,TIDE,55,85.8
bursty,789,TIDE,56,80.7
bursty,789,TIDE,57,83.8
bursty,789,TIDE,58,88.3
bursty,789,TIDE,59,84.39999999999999
bursty,789,TIDE,60,84.6
bursty,789,TIDE,61,84.5
bursty,789,TIDE,62,86.9
bursty,789,TIDE,63,85.3
bursty,789,TIDE,64,80.9
bursty,789,TIDE,65,88.6
bursty,789,TIDE,66,86.2
bursty,789,TIDE,67,83.3
bursty,789,TIDE,68,79.60000000000001
bursty,789,TIDE,69,90.3
bursty,789,TIDE,70,89.2
bursty,789,TIDE,71,88.8
bursty,789,TIDE,72,88.2
bursty,789,TIDE,73,92.5
bursty,789,TIDE,74,85.1
bursty,789,TIDE,75,84.3
bursty,789,TIDE,76,90.2
bursty,789,TIDE,77,81.6
bursty,789,TIDE,78,90.9
bursty,789,TIDE,79,85.8
bursty,789,TIDE,80,84.39999999999999
bursty,789,TIDE,81,81.5
bursty,789,TIDE,82,86.6
bursty,789,TIDE,83,86.8
bursty,789,TIDE,84,87.4
bursty,789,TIDE,85,89.4
bursty,789,TIDE,86,84.7
bursty,789,TIDE,87,83.3
bursty,789,TIDE,88,85.3
bursty,789,TIDE,89,84.6
bursty,789,TIDE,90,90.10000000000001
bursty,789,TIDE,91,87.8
bursty,789,TIDE,92,88.7
bursty,789,TIDE,93,84.89999999999999
bursty,789,TIDE,94,84.0
bursty,789,TIDE,95,88.1
bursty,789,TIDE,96,88.4
bursty,789,TIDE,97,84.8
bursty,789,TIDE,98,83.7
bursty,789,TIDE,99,86.9
gaussian,16,ARC,0,0.5
gaussian,16,ARC,1,0.3
gaussian,16,ARC,2,0.2
gaussian,16,ARC,3,0.7000000000000001
gaussian,16,ARC,4,0.3
gaussian,16,ARC,5,0.2
gaussian,16,ARC,6,0.2
gaussian,16,ARC,7,0.7000000000000001
gaussian,16,ARC,8,0.3
gaussian,16,ARC,9,0.4
gaussian,16,ARC,10,0.0
gaussian,16,ARC,11,0.3
gaussian,16,ARC,12,0.1
gaussian,16,ARC,13,0.3
gaussian,16,ARC,14,0.6
gaussian,16,ARC,15,0.4
gaussian,16,ARC,16,0.4
gaussian,16,ARC,17,0.5
gaussian,16,ARC,18,0.5
gaussian,16,ARC,19,0.6
gaussian,16,ARC,20,0.6
gaussian,16,ARC,21,0.8999999999999999
gaussian,16,ARC,22,1.2
gaussian,16,ARC,23,0.3
gaussian,16,ARC,24,0.5
gaussian,16,ARC,25,0.6
gaussian,16,ARC,26,0.4
gaussian,16,ARC,27,0.4
gaussian,16,ARC,28,0.0
gaussian,16,ARC,29,0.7000000000000001
gaussian,16,ARC,30,0.6
gaussian,16,ARC,31,0.0
gaussian,16,ARC,32,0.5
gaussian,16,ARC,33,0.2
gaussian,16,ARC,34,0.5
gaussian,16,ARC,35,0.5
gaussian,16,ARC,36,0.3
gaussian,16,ARC,37,0.2
gaussian,16,ARC,38,0.5
gaussian,16,ARC,39,0.8
gaussian,16,ARC,40,0.5
gaussian,16,ARC,41,0.6
gaussian,16,ARC,42,0.5
gaussian,16,ARC,43,0.4
gaussian,16,ARC,44,0.3
gaussian,16,ARC,45,0.3
gaussian,16,ARC,46,0.8
gaussian,16,ARC,47,0.2
gaussian,16,ARC,48,0.6
gaussian,16,ARC,49,0.6
gaussian,16,ARC,50,0.8999999999999999
gaussian,16,ARC,51,0.5
gaussian,16,ARC,52,0.8
gaussian,16,ARC,53,0.8
gaussian,16,ARC,54,0.6
gaussian,16,ARC,55,0.6
gaussian,16,ARC,56,0.4
gaussian,16,ARC,57,0.8
gaussian,16,ARC,58,0.3
gaussian,16,ARC,59,0.5
gaussian,16,ARC,60,0.6
gaussian,16,ARC,61,0.3
gaussian,16,ARC,62,0.7000000000000001
gaussian,16,ARC,63,0.6
gaussian,16,ARC,64,0.3
gaussian,16,ARC,65,0.7000000000000001
gaussian,16,ARC,66,0.8
gaussian,16,ARC,67,0.8
gaussian,16,ARC,68,0.3
gaussian,16,ARC,69,0.5
gaussian,16,ARC,70,0.3
gaussian,16,ARC,71,0.4
gaussian,16,ARC,72,0.2
gaussian,16,ARC,73,0.2
gaussian,16,ARC,74,0.6
gaussian,16,ARC,75,1.2
gaussian,16,ARC,76,0.3
gaussian,16,ARC,77,0.3
gaussian,16,ARC,78,0.6
gaussian,16,ARC,79,0.3
gaussian,16,ARC,80,0.5
gaussian,16,ARC,81,0.8
gaussian,16,ARC,82,0.1
gaussian,16,ARC,83,0.3
gaussian,16,ARC,84,0.4
gaussian,16,ARC,85,0.8
gaussian,16,ARC,86,0.4
gaussian,16,ARC,87,0.3
gaussian,16,ARC,88,0.4
gaussian,16,ARC,89,0.5
gaussian,16,ARC,90,0.3
gaussian,16,ARC,91,0.7000000000000001
gaussian,16,ARC,92,0.7000000000000001
gaussian,16,ARC,93,0.6
gaussian,16,ARC,94,0.5
gaussian,16,ARC,95,0.4
gaussian,16,ARC,96,0.4
gaussian,16,ARC,97,0.5
gaussian,16,ARC,98,0.4
gaussian,16,ARC,99,0.3
gaussian,16,TIDE,0,0.5
gaussian,16,TIDE,1,0.3
gaussian,16,TIDE,2,0.2
gaussian,16,TIDE,3,0.7000000000000001
gaussian,16,TIDE,4,0.1
gaussian,16,TIDE,5,0.2
gaussian,16,TIDE,6,0.3
gaussian,16,TIDE,7,0.2
gaussian,16,TIDE,8,0.3
gaussian,16,TIDE,9,0.4
gaussian,16,TIDE,10,0.1
gaussian,16,TIDE,11,0.2
gaussian,16,TIDE,12,0.2
gaussian,16,TIDE,13,0.2
gaussian,16,TIDE,14,0.5
gaussian,16,TIDE,15,0.5
gaussian,16,TIDE,16,0.8999999999999999
gaussian,16,TIDE,17,0.5
gaussian,16,TIDE,18,0.6
gaussian,16,TIDE,19,0.1
gaussian,16,TIDE,20,0.4
gaussian,16,TIDE,21,0.5
gaussian,16,TIDE,22,0.7000000000000001
gaussian,16,TIDE,23,0.2
gaussian,16,TIDE,24,0.3
gaussian,16,TIDE,25,0.5
gaussian,16,TIDE,26,0.2
gaussian,16,TIDE,27,0.7000000000000001
gaussian,16,TIDE,28,0.5
gaussian,16,TIDE,29,0.4
gaussian,16,TIDE,30,0.2
gaussian,16,TIDE,31,0.3
gaussian,16,TIDE,32,0.6
gaussian,16,TIDE,33,0.4
gaussian,16,TIDE,34,0.3
gaussian,16,TIDE,35,1.0999999999999999
gaussian,16,TIDE,36,0.4
gaussian,16,TIDE,37,0.6
gaussian,16,TIDE,38,0.4
gaussian,16,TIDE,39,0.7000000000000001
gaussian,16,TIDE,40,0.5
gaussian,16,TIDE,41,0.5
gaussian,16,TIDE,42,0.5
gaussian,16,TIDE,43,0.3
gaussian,16,TIDE,44,0.5
gaussian,16,TIDE,45,0.3
gaussian,16,TIDE,46,0.4
gaussian,16,TIDE,47,0.3
gaussian,16,TIDE,48,0.4
gaussian,16,TIDE,49,0.8999999999999999
gaussian,16,TIDE,50,0.7000000000000001
gaussian,16,TIDE,51,0.5
gaussian,16,TIDE,52,0.5
gaussian,16,TIDE,53,0.8
gaussian,16,TIDE,54,0.5
gaussian,16,TIDE,55,0.5
gaussian,16,TIDE,56,0.5
gaussian,16,TIDE,57,0.6
gaussian,16,TIDE,58,0.4
gaussian,16,TIDE,59,0.8999999999999999
gaussian,16,TIDE,60,0.6
gaussian,16,TIDE,61,0.4
gaussian,16,TIDE,62,1.0999999999999999
gaussian,16,TIDE,63,0.7000000000000001
gaussian,16,TIDE,64,0.4
gaussian,16,TIDE,65,0.4
gaussian,16,TIDE,66,0.8
gaussian,16,TIDE,67,0.6
gaussian,16,TIDE,68,0.3
gaussian,16,TIDE,69,0.7000000000000001
gaussian,16,TIDE,70,0.2
gaussian,16,TIDE,71,0.3
gaussian,16,TIDE,72,0.3
gaussian,16,TIDE,73,0.3
gaussian,16,TIDE,74,0.5
gaussian,16,TIDE,75,1.0
gaussian,16,TIDE,76,0.6
gaussian,16,TIDE,77,0.3
gaussian,16,TIDE,78,0.8999999999999999
gaussian,16,TIDE,79,0.2
gaussian,16,TIDE,80,0.6
gaussian,16,TIDE,81,0.7000000000000001
gaussian,16,TIDE,82,0.3
gaussian,16,TIDE,83,0.4
gaussian,16,TIDE,84,0.3
gaussian,16,TIDE,85,0.6
gaussian,16,TIDE,86,0.6
gaussian,16,TIDE,87,0.7000000000000001
gaussian,16,TIDE,88,0.6
gaussian,16,TIDE,89,0.3
gaussian,16,TIDE,90,0.2
gaussian,16,TIDE,91,0.4
gaussian,16,TIDE,92,0.5
gaussian,16,TIDE,93,0.8
gaussian,16,TIDE,94,0.7000000000000001
gaussian,16,TIDE,95,0.3
gaussian,16,TIDE,96,0.4
gaussian,16,TIDE,97,0.3
gaussian,16,TIDE,98,0.2
gaussian,16,TIDE,99,0.2
gaussian,88,ARC,0,1.4000000000000001
gaussian,88,ARC,1,1.7000000000000002
gaussian,88,ARC,2,2.4
gaussian,88,ARC,3,2.3
gaussian,88,ARC,4,1.3
gaussian,88,ARC,5,2.3
gaussian,88,ARC,6,1.6
gaussian,88,ARC,7,2.0
gaussian,88,ARC,8,1.4000000000000001
gaussian,88,ARC,9,2.1999999999999997
gaussian,88,ARC,10,2.5
gaussian,88,ARC,11,1.4000000000000001
gaussian,88,ARC,12,2.1999999999999997
gaussian,88,ARC,13,1.7999999999999998
gaussian,88,ARC,14,1.6
gaussian,88,ARC,15,1.5
gaussian,88,ARC,16,1.9
gaussian,88,ARC,17,3.1
gaussian,88,ARC,18,2.3
gaussian,88,ARC,19,2.1
gaussian,88,ARC,20,2.4
gaussian,88,ARC,21,3.3000000000000003
gaussian,88,ARC,22,2.4
gaussian,88,ARC,23,1.3
gaussian,88,ARC,24,2.4
gaussian,88,ARC,25,1.9
gaussian,88,ARC,26,2.0
gaussian,88,ARC,27,2.0
gaussian,88,ARC,28,1.3
gaussian,88,ARC,29,2.1999999999999997
gaussian,88,ARC,30,2.4
gaussian,88,ARC,31,2.1
gaussian,88,ARC,32,2.1
gaussian,88,ARC,33,1.7999999999999998
gaussian,88,ARC,34,2.3
gaussian,88,ARC,35,2.5
gaussian,88,ARC,36,1.7000000000000002
gaussian,88,ARC,37,2.1999999999999997
gaussian,88,ARC,38,2.0
gaussian,88,ARC,39,2.1
gaussian,88,ARC,40,2.3
gaussian,88,ARC,41,1.7000000000000002
gaussian,88,ARC,42,2.0
gaussian,88,ARC,43,1.5
gaussian,88,ARC,44,1.6
gaussian,88,ARC,45,1.9
gaussian,88,ARC,46,2.1
gaussian,88,ARC,47,1.5
gaussian,88,ARC,48,2.0
gaussian,88,ARC,49,1.9
gaussian,88,ARC,50,2.3
gaussian,88,ARC,51,2.1999999999999997
gaussian,88,ARC,52,2.9000000000000004
gaussian,88,ARC,53,2.1999999999999997
gaussian,88,ARC,54,2.0
gaussian,88,ARC,55,1.7999999999999998
gaussian,88,ARC,56,1.7000000000000002
gaussian,88,ARC,57,2.7
gaussian,88,ARC,58,2.1999999999999997
gaussian,88,ARC,59,2.5
gaussian,88,ARC,60,2.0
gaussian,88,ARC,61,1.4000000000000001
gaussian,88,ARC,62,2.1999999999999997
gaussian,88,ARC,63,1.9
gaussian,88,ARC,64,2.1
gaussian,88,ARC,65,2.6
gaussian,88,ARC,66,2.4
gaussian,88,ARC,67,2.1999999999999997
gaussian,88,ARC,68,2.4
gaussian,88,ARC,69,1.7000000000000002
gaussian,88,ARC,70,1.3
gaussian,88,ARC,71,2.3
gaussian,88,ARC,72,2.1
gaussian,88,ARC,73,1.7999999999999998
gaussian,88,ARC,74,2.5
gaussian,88,ARC,75,2.6
gaussian,88,ARC,76,1.7000000000000002
gaussian,88,ARC,77,1.2
gaussian,88,ARC,78,1.5
gaussian,88,ARC,79,1.5
gaussian,88,ARC,80,2.8000000000000003
gaussian,88,ARC,81,1.9
gaussian,88,ARC,82,1.5
gaussian,88,ARC,83,1.6
gaussian,88,ARC,84,2.7
gaussian,88,ARC,85,3.3000000000000003
gaussian,88,ARC,86,1.4000000000000001
gaussian,88,ARC,87,1.2
gaussian,88,ARC,88,1.4000000000000001
gaussian,88,ARC,89,2.1
gaussian,88,ARC,90,1.2
gaussian,88,ARC,91,2.1999999999999997
gaussian,88,ARC,92,2.1999999999999997
gaussian,88,ARC,93,1.7999999999999998
gaussian,88,ARC,94,2.3
gaussian,88,ARC,95,1.3
gaussian,88,ARC,96,1.2
gaussian,88,ARC,97,1.0999999999999999
gaussian,88,ARC,98,1.9
gaussian,88,ARC,99,1.5
gaussian,88,TIDE,0,1.4000000000000001
gaussian,88,TIDE,1,1.7000000000000002
gaussian,88,TIDE,2,2.1999999999999997
gaussian,88,TIDE,3,2.1
gaussian,88,TIDE,4,1.7999999999999998
gaussian,88,TIDE,5,2.1999999999999997
gaussian,88,TIDE,6,1.7000000000000002
gaussian,88,TIDE,7,1.3
gaussian,88,TIDE,8,1.0999999999999999
gaussian,88,TIDE,9,1.7000000000000002
gaussian,88,TIDE,10,2.1
gaussian,88,TIDE,11,2.1
gaussian,88,TIDE,12,2.0
gaussian,88,TIDE,13,2.1999999999999997
gaussian,88,TIDE,14,1.7000000000000002
gaussian,88,TIDE,15,1.2
gaussian,88,TIDE,16,2.4
gaussian,88,TIDE,17,2.4
gaussian,88,TIDE,18,2.9000000000000004
gaussian,88,TIDE,19,2.0
gaussian,88,TIDE,20,2.3
gaussian,88,TIDE,21,3.5000000000000004
gaussian,88,TIDE,22,2.1999999999999997
gaussian,88,TIDE,23,1.3
gaussian,88,TIDE,24,2.7
gaussian,88,TIDE,25,2.4
gaussian,88,TIDE,26,2.1999999999999997
gaussian,88,TIDE,27,2.1
gaussian,88,TIDE,28,1.5
gaussian,88,TIDE,29,2.3
gaussian,88,TIDE,30,2.5
gaussian,88,TIDE,31,1.7999999999999998
gaussian,88,TIDE,32,2.1999999999999997
gaussian,88,TIDE,33,1.7999999999999998
gaussian,88,TIDE,34,2.1
gaussian,88,TIDE,35,2.1
gaussian,88,TIDE,36,1.6
gaussian,88,TIDE,37,1.7000000000000002
gaussian,88,TIDE,38,2.1999999999999997
gaussian,88,TIDE,39,2.1999999999999997
gaussian,88,TIDE,40,2.4
gaussian,88,TIDE,41,1.7999999999999998
gaussian,88,TIDE,42,1.4000000000000001
gaussian,88,TIDE,43,2.0
gaussian,88,TIDE,44,2.0
gaussian,88,TIDE,45,1.0999999999999999
gaussian,88,TIDE,46,2.3
gaussian,88,TIDE,47,1.6
gaussian,88,TIDE,48,1.7999999999999998
gaussian,88,TIDE,49,2.1999999999999997
gaussian,88,TIDE,50,2.1999999999999997
gaussian,88,TIDE,51,2.1999999999999997
gaussian,88,TIDE,52,2.6
gaussian,88,TIDE,53,2.4
gaussian,88,TIDE,54,2.3
gaussian,88,TIDE,55,1.7000000000000002
gaussian,88,TIDE,56,1.7999999999999998
gaussian,88,TIDE,57,2.3
gaussian,88,TIDE,58,1.7000000000000002
gaussian,88,TIDE,59,2.1
gaussian,88,TIDE,60,2.0
gaussian,88,TIDE,61,1.6
gaussian,88,TIDE,62,1.7000000000000002
gaussian,88,TIDE,63,2.1
gaussian,88,TIDE,64,2.0
gaussian,88,TIDE,65,2.7
gaussian,88,TIDE,66,2.1999999999999997
gaussian,88,TIDE,67,1.7999999999999998
gaussian,88,TIDE,68,2.7
gaussian,88,TIDE,69,1.5
gaussian,88,TIDE,70,1.4000000000000001
gaussian,88,TIDE,71,2.1
gaussian,88,TIDE,72,1.7999999999999998
gaussian,88,TIDE,73,2.1999999999999997
gaussian,88,TIDE,74,2.3
gaussian,88,TIDE,75,2.7
gaussian,88,TIDE,76,1.7000000000000002
gaussian,88,TIDE,77,1.6
gaussian,88,TIDE,78,1.4000000000000001
gaussian,88,TIDE,79,1.5
gaussian,88,TIDE,80,2.5
gaussian,88,TIDE,81,2.3
gaussian,88,TIDE,82,1.4000000000000001
gaussian,88,TIDE,83,1.5
gaussian,88,TIDE,84,3.0
gaussian,88,TIDE,85,3.3000000000000003
gaussian,88,TIDE,86,1.6
gaussian,88,TIDE,87,1.6
gaussian,88,TIDE,88,1.5
gaussian,88,TIDE,89,1.6
gaussian,88,TIDE,90,1.5
gaussian,88,TIDE,91,2.1999999999999997
gaussian,88,TIDE,92,1.9
gaussian,88,TIDE,93,1.9
gaussian,88,TIDE,94,2.1
gaussian,88,TIDE,95,1.6
gaussian,88,TIDE,96,1.5
gaussian,88,TIDE,97,1.2
gaussian,88,TIDE,98,1.6
gaussian,88,TIDE,99,1.4000000000000001
gaussian,876,ARC,0,8.6
gaussian,876,ARC,1,17.599999999999998
gaussian,876,ARC,2,15.8
gaussian,876,ARC,3,15.0
gaussian,876,ARC,4,15.299999999999999
gaussian,876,ARC,5,17.1
gaussian,876,ARC,6,16.5
gaussian,876,ARC,7,17.7
gaussian,876,ARC,8,16.5
gaussian,876,ARC,9,16.8
gaussian,876,ARC,10,17.0
gaussian,876,ARC,11,17.1
gaussian,876,ARC,12,19.2
gaussian,876,ARC,13,17.4
gaussian,876,ARC,14,16.1
gaussian,876,ARC,15,17.4
gaussian,876,ARC,16,18.9
gaussian,876,ARC,17,19.8
gaussian,876,ARC,18,17.599999999999998
gaussian,876,ARC,19,19.6
gaussian,876,ARC,20,18.099999999999998
gaussian,876,ARC,21,17.0
gaussian,876,ARC,22,16.900000000000002
gaussian,876,ARC,23,17.5
gaussian,876,ARC,24,15.6
gaussian,876,ARC,25,20.4
gaussian,876,ARC,26,15.299999999999999
gaussian,876,ARC,27,17.0
gaussian,876,ARC,28,16.2
gaussian,876,ARC,29,18.099999999999998
gaussian,876,ARC,30,17.4
gaussian,876,ARC,31,19.0
gaussian,876,ARC,32,18.4
gaussian,876,ARC,33,16.3
gaussian,876,ARC,34,15.8
gaussian,876,ARC,35,15.2
gaussian,876,ARC,36,15.5
gaussian,876,ARC,37,15.5
gaussian,876,ARC,38,15.9
gaussian,876,ARC,39,17.8
gaussian,876,ARC,40,17.0
gaussian,876,ARC,41,15.9
gaussian,876,ARC,42,17.0
gaussian,876,ARC,43,16.8
gaussian,876,ARC,44,18.099999999999998
gaussian,876,ARC,45,17.299999999999997
gaussian,876,ARC,46,17.0
gaussian,876,ARC,47,16.900000000000002
gaussian,876,ARC,48,16.1
gaussian,876,ARC,49,17.8
gaussian,876,ARC,50,16.400000000000002
gaussian,876,ARC,51,18.099999999999998
gaussian,876,ARC,52,19.8
gaussian,876,ARC,53,17.299999999999997
gaussian,876,ARC,54,14.499999999999998
gaussian,876,ARC,55,16.0
gaussian,876,ARC,56,17.1
gaussian,876,ARC,57,16.8
gaussian,876,ARC,58,17.299999999999997
gaussian,876,ARC,59,15.7
gaussian,876,ARC,60,16.3
gaussian,876,ARC,61,15.0
gaussian,876,ARC,62,17.599999999999998
gaussian,876,ARC,63,18.5
gaussian,876,ARC,64,16.900000000000002
gaussian,876,ARC,65,19.6
gaussian,876,ARC,66,17.4
gaussian,876,ARC,67,17.0
gaussian,876,ARC,68,19.900000000000002
gaussian,876,ARC,69,17.299999999999997
gaussian,876,ARC,70,17.4
gaussian,876,ARC,71,18.4
gaussian,876,ARC,72,17.2
gaussian,876,ARC,73,15.299999999999999
gaussian,876,ARC,74,17.2
gaussian,876,ARC,75,17.5
gaussian,876,ARC,76,15.6
gaussian,876,ARC,77,16.900000000000002
gaussian,876,ARC,78,16.900000000000002
gaussian,876,ARC,79,16.6
gaussian,876,ARC,80,17.299999999999997
gaussian,876,ARC,81,16.2
gaussian,876,ARC,82,17.299999999999997
gaussian,876,ARC,83,15.2
gaussian,876,ARC,84,18.5
gaussian,876,ARC,85,19.6
gaussian,876,ARC,86,15.6
gaussian,876,ARC,87,16.0
gaussian,876,ARC,88,16.2
gaussian,876,ARC,89,16.8
gaussian,876,ARC,90,16.400000000000002
gaussian,876,ARC,91,15.8
gaussian,876,ARC,92,18.2
gaussian,876,ARC,93,17.1
gaussian,876,ARC,94,18.099999999999998
gaussian,876,ARC,95,15.9
gaussian,876,ARC,96,17.599999999999998
gaussian,876,ARC,97,16.900000000000002
gaussian,876,ARC,98,15.7
gaussian,876,ARC,99,14.799999999999999
gaussian,876,TIDE,0,8.6
gaussian,876,TIDE,1,17.599999999999998
gaussian,876,TIDE,2,15.8
gaussian,876,TIDE,3,15.0
gaussian,876,TIDE,4,15.299999999999999
gaussian,876,TIDE,5,17.1
gaussian,876,TIDE,6,16.5
gaussian,876,TIDE,7,18.4
gaussian,876,TIDE,8,18.099999999999998
gaussian,876,TIDE,9,16.900000000000002
gaussian,876,TIDE,10,16.7
gaussian,876,TIDE,11,15.6
gaussian,876,TIDE,12,20.3
gaussian,876,TIDE,13,16.400000000000002
gaussian,876,TIDE,14,17.1
gaussian,876,TIDE,15,17.299999999999997
gaussian,876,TIDE,16,18.9
gaussian,876,TIDE,17,18.2
gaussian,876,TIDE,18,17.299999999999997
gaussian,876,TIDE,19,15.9
gaussian,876,TIDE,20,17.9
gaussian,876,TIDE,21,17.0
gaussian,876,TIDE,22,17.4
gaussian,876,TIDE,23,16.5
gaussian,876,TIDE,24,17.7
gaussian,876,TIDE,25,18.7
gaussian,876,TIDE,26,14.799999999999999
gaussian,876,TIDE,27,17.5
gaussian,876,TIDE,28,17.4
gaussian,876,TIDE,29,18.9
gaussian,876,TIDE,30,16.6
gaussian,876,TIDE,31,17.1
gaussian,876,TIDE,32,16.7
gaussian,876,TIDE,33,18.4
gaussian,876,TIDE,34,17.0
gaussian,876,TIDE,35,16.1
gaussian,876,TIDE,36,16.2
gaussian,876,TIDE,37,16.3
gaussian,876,TIDE,38,17.299999999999997
gaussian,876,TIDE,39,17.9
gaussian,876,TIDE,40,18.0
gaussian,876,TIDE,41,16.8
gaussian,876,TIDE,42,16.5
gaussian,876,TIDE,43,16.900000000000002
gaussian,876,TIDE,44,18.6
gaussian,876,TIDE,45,19.400000000000002
gaussian,876,TIDE,46,20.1
gaussian,876,TIDE,47,17.299999999999997
gaussian,876,TIDE,48,18.4
gaussian,876,TIDE,49,17.8
gaussian,876,TIDE,50,18.4
gaussian,876,TIDE,51,18.2
gaussian,876,TIDE,52,19.3
gaussian,876,TIDE,53,17.599999999999998
gaussian,876,TIDE,54,17.2
gaussian,876,TIDE,55,18.099999999999998
gaussian,876,TIDE,56,18.4
gaussian,876,TIDE,57,18.099999999999998
gaussian,876,TIDE,58,20.3
gaussian,876,TIDE,59,19.5
gaussian,876,TIDE,60,18.099999999999998
gaussian,876,TIDE,61,17.5
gaussian,876,TIDE,62,18.6
gaussian,876,TIDE,63,18.099999999999998
gaussian,876,TIDE,64,18.9
gaussian,876,TIDE,65,18.2
gaussian,876,TIDE,66,17.599999999999998
gaussian,876,TIDE,67,17.8
gaussian,876,TIDE,68,19.8
gaussian,876,TIDE,69,17.8
gaussian,876,TIDE,70,18.0
gaussian,876,TIDE,71,18.8
gaussian,876,TIDE,72,18.3
gaussian,876,TIDE,73,15.2
gaussian,876,TIDE,74,17.299999999999997
gaussian,876,TIDE,75,21.8
gaussian,876,TIDE,76,19.0
gaussian,876,TIDE,77,19.1
gaussian,876,TIDE,78,18.5
gaussian,876,TIDE,79,18.9
gaussian,876,TIDE,80,17.599999999999998
gaussian,876,TIDE,81,19.2
gaussian,876,TIDE,82,19.3
gaussian,876,TIDE,83,18.4
gaussian,876,TIDE,84,17.5
gaussian,876,TIDE,85,19.5
gaussian,876,TIDE,86,17.4
gaussian,876,TIDE,87,16.7
gaussian,876,TIDE,88,19.0
gaussian,876,TIDE,89,18.8
gaussian,876,TIDE,90,18.7
gaussian,876,TIDE,91,18.7
gaussian,876,TIDE,92,19.5
gaussian,876,TIDE,93,18.9
gaussian,876,TIDE,94,18.8
gaussian,876,TIDE,95,17.7
gaussian,876,TIDE,96,17.9
gaussian,876,TIDE,97,17.9
gaussian,876,TIDE,98,19.5
gaussian,876,TIDE,99,18.0
periodic,16,ARC,0,11.3
periodic,16,ARC,1,12.5
periodic,16,ARC,2,10.5
periodic,16,ARC,3,12.2
periodic,16,ARC,4,12.2
periodic,16,ARC,5,8.5
periodic,16,ARC,6,13.200000000000001
periodic,16,ARC,7,10.9
periodic,16,ARC,8,11.899999999999999
periodic,16,ARC,9,10.5
periodic,16,ARC,10,10.0
periodic,16,ARC,11,11.600000000000001
periodic,16,ARC,12,11.1
periodic,16,ARC,13,12.7
periodic,16,ARC,14,11.899999999999999
periodic,16,ARC,15,9.4
periodic,16,ARC,16,11.600000000000001
periodic,16,ARC,17,12.9
periodic,16,ARC,18,11.899999999999999
periodic,16,ARC,19,11.4
periodic,16,ARC,20,9.6
periodic,16,ARC,21,12.0
periodic,16,ARC,22,12.4
periodic,16,ARC,23,11.5
periodic,16,ARC,24,11.899999999999999
periodic,16,ARC,25,11.600000000000001
periodic,16,ARC,26,14.499999999999998
periodic,16,ARC,27,10.100000000000001
periodic,16,ARC,28,10.299999999999999
periodic,16,ARC,29,11.4
periodic,16,ARC,30,10.0
periodic,16,ARC,31,10.9
periodic,16,ARC,32,11.1
periodic,16,ARC,33,11.3
periodic,16,ARC,34,9.9
periodic,16,ARC,35,11.899999999999999
periodic,16,ARC,36,11.4
periodic,16,ARC,37,12.9
periodic,16,ARC,38,12.0
periodic,16,ARC,39,9.700000000000001
periodic,16,ARC,40,10.8
periodic,16,ARC,41,10.2
periodic,16,ARC,42,11.600000000000001
periodic,16,ARC,43,10.2
periodic,16,ARC,44,10.100000000000001
periodic,16,ARC,45,10.7
periodic,16,ARC,46,12.6
periodic,16,ARC,47,13.0
periodic,16,ARC,48,11.4
periodic,16,ARC,49,12.0
periodic,16,ARC,50,10.299999999999999
periodic,16,ARC,51,11.799999999999999
periodic,16,ARC,52,12.6
periodic,16,ARC,53,10.100000000000001
periodic,16,ARC,54,12.3
periodic,16,ARC,55,9.3
periodic,16,ARC,56,11.1
periodic,16,ARC,57,12.8
periodic,16,ARC,58,10.6
periodic,16,ARC,59,12.7
periodic,16,ARC,60,12.8
periodic,16,ARC,61,10.9
periodic,16,ARC,62,12.9
periodic,16,ARC,63,12.4
periodic,16,ARC,64,11.799999999999999
periodic,16,ARC,65,11.0
periodic,16,ARC,66,13.100000000000001
periodic,16,ARC,67,12.8
periodic,16,ARC,68,12.6
periodic,16,ARC,69,11.3
periodic,16,ARC,70,11.4
periodic,16,ARC,71,12.1
periodic,16,ARC,72,11.799999999999999
periodic,16,ARC,73,10.7
periodic,16,ARC,74,14.2
periodic,16,ARC,75,10.8
periodic,16,ARC,76,12.6
periodic,16,ARC,77,10.9
periodic,16,ARC,78,10.0
periodic,16,ARC,79,14.099999999999998
periodic,16,ARC,80,10.6
periodic,16,ARC,81,11.4
periodic,16,ARC,82,13.200000000000001
periodic,16,ARC,83,13.0
periodic,16,ARC,84,12.8
periodic,16,ARC,85,11.1
periodic,16,ARC,86,12.5
periodic,16,ARC,87,10.8
periodic,16,ARC,88,10.5
periodic,16,ARC,89,11.4
periodic,16,ARC,90,12.0
periodic,16,ARC,91,10.7
periodic,16,ARC,92,13.0
periodic,16,ARC,93,12.1
periodic,16,ARC,94,11.3
periodic,16,ARC,95,11.600000000000001
periodic,16,ARC,96,10.6
periodic,16,ARC,97,9.2
periodic,16,ARC,98,10.0
periodic,16,ARC,99,9.700000000000001
periodic,16,TIDE,0,11.3
periodic,16,TIDE,1,12.5
periodic,16,TIDE,2,11.899999999999999
periodic,16,TIDE,3,11.0
periodic,16,TIDE,4,11.3
periodic,16,TIDE,5,11.0
periodic,16,TIDE,6,13.600000000000001
periodic,16,TIDE,7,12.8
periodic,16,TIDE,8,12.7
periodic,16,TIDE,9,11.899999999999999
periodic,16,TIDE,10,10.2
periodic,16,TIDE,11,13.700000000000001
periodic,16,TIDE,12,13.5
periodic,16,TIDE,13,12.7
periodic,16,TIDE,14,13.3
periodic,16,TIDE,15,10.7
periodic,16,TIDE,16,14.2
periodic,16,TIDE,17,13.700000000000001
periodic,16,TIDE,18,13.3
periodic,16,TIDE,19,11.899999999999999
periodic,16,TIDE,20,12.2
periodic,16,TIDE,21,12.5
periodic,16,TIDE,22,14.299999999999999
periodic,16,TIDE,23,13.200000000000001
periodic,16,TIDE,24,12.6
periodic,16,TIDE,25,11.5
periodic,16,TIDE,26,12.9
periodic,16,TIDE,27,13.5
periodic,16,TIDE,28,12.0
periodic,16,TIDE,29,13.100000000000001
periodic,16,TIDE,30,11.600000000000001
periodic,16,TIDE,31,13.0
periodic,16,TIDE,32,12.4
periodic,16,TIDE,33,13.5
periodic,16,TIDE,34,10.8
periodic,16,TIDE,35,12.0
periodic,16,TIDE,36,12.6
periodic,16,TIDE,37,13.200000000000001
periodic,16,TIDE,38,12.3
periodic,16,TIDE,39,12.5
periodic,16,TIDE,40,10.8
periodic,16,TIDE,41,11.3
periodic,16,TIDE,42,12.2
periodic,16,TIDE,43,11.0
periodic,16,TIDE,44,13.0
periodic,16,TIDE,45,11.5
periodic,16,TIDE,46,13.100000000000001
periodic,16,TIDE,47,14.799999999999999
periodic,16,TIDE,48,13.900000000000002
periodic,16,TIDE,49,13.5
periodic,16,TIDE,50,11.700000000000001
periodic,16,TIDE,51,13.100000000000001
periodic,16,TIDE,52,13.900000000000002
periodic,16,TIDE,53,12.3
periodic,16,TIDE,54,11.3
periodic,16,TIDE,55,11.200000000000001
periodic,16,TIDE,56,13.900000000000002
periodic,16,TIDE,57,13.600000000000001
periodic,16,TIDE,58,10.5
periodic,16,TIDE,59,14.7
periodic,16,TIDE,60,12.8
periodic,16,TIDE,61,13.0
periodic,16,TIDE,62,14.2
periodic,16,TIDE,63,11.3
periodic,16,TIDE,64,13.3
periodic,16,TIDE,65,10.8
periodic,16,TIDE,66,12.4
periodic,16,TIDE,67,14.399999999999999
periodic,16,TIDE,68,13.8
periodic,16,TIDE,69,12.2
periodic,16,TIDE,70,11.600000000000001
periodic,16,TIDE,71,13.100000000000001
periodic,16,TIDE,72,13.900000000000002
periodic,16,TIDE,73,12.6
periodic,16,TIDE,74,13.8
periodic,16,TIDE,75,12.2
periodic,16,TIDE,76,14.899999999999999
periodic,16,TIDE,77,12.4
periodic,16,TIDE,78,12.4
periodic,16,TIDE,79,13.700000000000001
periodic,16,TIDE,80,11.600000000000001
periodic,16,TIDE,81,11.899999999999999
periodic,16,TIDE,82,12.5
periodic,16,TIDE,83,13.200000000000001
periodic,16,TIDE,84,12.6
periodic,16,TIDE,85,11.5
periodic,16,TIDE,86,14.099999999999998
periodic,16,TIDE,87,11.5
periodic,16,TIDE,88,13.3
periodic,16,TIDE,89,12.7
periodic,16,TIDE,90,14.099999999999998
periodic,16,TIDE,91,12.5
periodic,16,TIDE,92,13.600000000000001
periodic,16,TIDE,93,13.100000000000001
periodic,16,TIDE,94,11.700000000000001
periodic,16,TIDE,95,11.700000000000001
periodic,16,TIDE,96,12.3
periodic,16,TIDE,97,11.3
periodic,16,TIDE,98,13.200000000000001
periodic,16,TIDE,99,11.4
periodic,89,ARC,0,63.7
periodic,89,ARC,1,68.0
periodic,89,ARC,2,69.19999999999999
periodic,89,ARC,3,67.80000000000001
periodic,89,ARC,4,65.9
periodic,89,ARC,5,53.5
periodic,89,ARC,6,70.3
periodic,89,ARC,7,68.5
periodic,89,ARC,8,68.5
periodic,89,ARC,9,70.0
periodic,89,ARC,10,51.9
periodic,89,ARC,11,69.39999999999999
periodic,89,ARC,12,66.4
periodic,89,ARC,13,69.8
periodic,89,ARC,14,70.39999999999999
periodic,89,ARC,15,52.0
periodic,89,ARC,16,70.7
periodic,89,ARC,17,66.7
periodic,89,ARC,18,70.5
periodic,89,ARC,19,70.39999999999999
periodic,89,ARC,20,53.800000000000004
periodic,89,ARC,21,68.2
periodic,89,ARC,22,68.60000000000001
periodic,89,ARC,23,68.8
periodic,89,ARC,24,69.19999999999999
periodic,89,ARC,25,56.699999999999996
periodic,89,ARC,26,67.7
periodic,89,ARC,27,70.39999999999999
periodic,89,ARC,28,69.6
periodic,89,ARC,29,68.89999999999999
periodic,89,ARC,30,56.00000000000001
periodic,89,ARC,31,65.2
periodic,89,ARC,32,71.5
periodic,89,ARC,33,71.39999999999999
periodic,89,ARC,34,68.30000000000001
periodic,89,ARC,35,56.3
periodic,89,ARC,36,66.7
periodic,89,ARC,37,71.7
periodic,89,ARC,38,70.89999999999999
periodic,89,ARC,39,70.7
periodic,89,ARC,40,53.300000000000004
periodic,89,ARC,41,67.7
periodic,89,ARC,42,69.6
periodic,89,ARC,43,69.3
periodic,89,ARC,44,68.2
periodic,89,ARC,45,56.49999999999999
periodic,89,ARC,46,70.7
periodic,89,ARC,47,68.5
periodic,89,ARC,48,69.39999999999999
periodic,89,ARC,49,70.1
periodic,89,ARC,50,56.599999999999994
periodic,89,ARC,51,66.9
periodic,89,ARC,52,69.6
periodic,89,ARC,53,67.5
periodic,89,ARC,54,69.0
periodic,89,ARC,55,54.800000000000004
periodic,89,ARC,56,70.3
periodic,89,ARC,57,70.39999999999999
periodic,89,ARC,58,71.39999999999999
periodic,89,ARC,59,69.89999999999999
periodic,89,ARC,60,56.00000000000001
periodic,89,ARC,61,71.39999999999999
periodic,89,ARC,62,71.1
periodic,89,ARC,63,67.7
periodic,89,ARC,64,66.8
periodic,89,ARC,65,54.1
periodic,89,ARC,66,69.6
periodic,89,ARC,67,67.10000000000001
periodic,89,ARC,68,69.19999999999999
periodic,89,ARC,69,68.2
periodic,89,ARC,70,56.8
periodic,89,ARC,71,67.4
periodic,89,ARC,72,68.60000000000001
periodic,89,ARC,73,70.19999999999999
periodic,89,ARC,74,70.89999999999999
periodic,89,ARC,75,54.400000000000006
periodic,89,ARC,76,71.0
periodic,89,ARC,77,68.89999999999999
periodic,89,ARC,78,67.5
periodic,89,ARC,79,71.89999999999999
periodic,89,ARC,80,55.00000000000001
periodic,89,ARC,81,72.3
periodic,89,ARC,82,70.19999999999999
periodic,89,ARC,83,69.3
periodic,89,ARC,84,66.9
periodic,89,ARC,85,56.39999999999999
periodic,89,ARC,86,69.89999999999999
periodic,89,ARC,87,72.2
periodic,89,ARC,88,67.4
periodic,89,ARC,89,70.19999999999999
periodic,89,ARC,90,56.00000000000001
periodic,89,ARC,91,68.0
periodic,89,ARC,92,70.5
periodic,89,ARC,93,69.39999999999999
periodic,89,ARC,94,69.6
periodic,89,ARC,95,56.00000000000001
periodic,89,ARC,96,66.4
periodic,89,ARC,97,68.5
periodic,89,ARC,98,68.5
periodic,89,ARC,99,67.7
periodic,89,TIDE,0,63.7
periodic,89,TIDE,1,68.0
periodic,89,TIDE,2,69.19999999999999
periodic,89,TIDE,3,67.80000000000001
periodic,89,TIDE,4,65.9
periodic,89,TIDE,5,53.900000000000006
periodic,89,TIDE,6,72.3
periodic,89,TIDE,7,71.3
periodic,89,TIDE,8,70.19999999999999
periodic,89,TIDE,9,72.2
periodic,89,TIDE,10,47.099999999999994
periodic,89,TIDE,11,72.1
periodic,89,TIDE,12,66.3
periodic,89,TIDE,13,69.8
periodic,89,TIDE,14,70.39999999999999
periodic,89,TIDE,15,52.0
periodic,89,TIDE,16,72.7
periodic,89,TIDE,17,70.1
periodic,89,TIDE,18,73.4
periodic,89,TIDE,19,71.6
periodic,89,TIDE,20,52.0
periodic,89,TIDE,21,71.3
periodic,89,TIDE,22,70.89999999999999
periodic,89,TIDE,23,69.5
periodic,89,TIDE,24,70.39999999999999
periodic,89,TIDE,25,53.300000000000004
periodic,89,TIDE,26,67.10000000000001
periodic,89,TIDE,27,70.39999999999999
periodic,89,TIDE,28,69.6
periodic,89,TIDE,29,68.89999999999999
periodic,89,TIDE,30,54.800000000000004
periodic,89,TIDE,31,68.7
periodic,89,TIDE,32,73.6
periodic,89,TIDE,33,71.6
periodic,89,TIDE,34,70.19999999999999
periodic,89,TIDE,35,54.50000000000001
periodic,89,TIDE,36,68.0
periodic,89,TIDE,37,73.3
periodic,89,TIDE,38,72.1
periodic,89,TIDE,39,72.8
periodic,89,TIDE,40,51.800000000000004
periodic,89,TIDE,41,69.1
periodic,89,TIDE,42,71.1
periodic,89,TIDE,43,70.6
periodic,89,TIDE,44,71.6
periodic,89,TIDE,45,54.7
periodic,89,TIDE,46,72.39999999999999
periodic,89,TIDE,47,71.0
periodic,89,TIDE,48,72.0
periodic,89,TIDE,49,71.89999999999999
periodic,89,TIDE,50,55.300000000000004
periodic,89,TIDE,51,69.39999999999999
periodic,89,TIDE,52,72.7
periodic,89,TIDE,53,69.39999999999999
periodic,89,TIDE,54,70.0
periodic,89,TIDE,55,52.400000000000006
periodic,89,TIDE,56,72.2
periodic,89,TIDE,57,71.6
periodic,89,TIDE,58,72.8
periodic,89,TIDE,59,71.2
periodic,89,TIDE,60,53.6
periodic,89,TIDE,61,72.89999999999999
periodic,89,TIDE,62,72.89999999999999
periodic,89,TIDE,63,69.8
periodic,89,TIDE,64,68.7
periodic,89,TIDE,65,52.300000000000004
periodic,89,TIDE,66,72.0
periodic,89,TIDE,67,70.39999999999999
periodic,89,TIDE,68,70.7
periodic,89,TIDE,69,70.0
periodic,89,TIDE,70,54.1
periodic,89,TIDE,71,68.8
periodic,89,TIDE,72,68.89999999999999
periodic,89,TIDE,73,70.5
periodic,89,TIDE,74,73.4
periodic,89,TIDE,75,52.6
periodic,89,TIDE,76,71.6
periodic,89,TIDE,77,70.8
periodic,89,TIDE,78,70.0
periodic,89,TIDE,79,75.0
periodic,89,TIDE,80,51.4
periodic,89,TIDE,81,73.8
periodic,89,TIDE,82,70.6
periodic,89,TIDE,83,69.3
periodic,89,TIDE,84,66.9
periodic,89,TIDE,85,56.39999999999999
periodic,89,TIDE,86,71.1
periodic,89,TIDE,87,74.0
periodic,89,TIDE,88,69.19999999999999
periodic,89,TIDE,89,71.89999999999999
periodic,89,TIDE,90,54.400000000000006
periodic,89,TIDE,91,68.60000000000001
periodic,89,TIDE,92,73.4
periodic,89,TIDE,93,70.89999999999999
periodic,89,TIDE,94,72.1
periodic,89,TIDE,95,52.6
periodic,89,TIDE,96,69.1
periodic,89,TIDE,97,71.6
periodic,89,TIDE,98,69.89999999999999
periodic,89,TIDE,99,70.39999999999999
periodic,893,ARC,0,72.7
periodic,893,ARC,1,80.2
periodic,893,ARC,2,82.1
periodic,893,ARC,3,80.10000000000001
periodic,893,ARC,4,80.5
periodic,893,ARC,5,71.3
periodic,893,ARC,6,82.89999999999999
periodic,893,ARC,7,80.10000000000001
periodic,893,ARC,8,82.0
periodic,893,ARC,9,82.0
periodic,893,ARC,10,69.5
periodic,893,ARC,11,83.2
periodic,893,ARC,12,79.5
periodic,893,ARC,13,80.80000000000001
periodic,893,ARC,14,82.39999999999999
periodic,893,ARC,15,70.39999999999999
periodic,893,ARC,16,82.19999999999999
periodic,893,ARC,17,81.2
periodic,893,ARC,18,82.69999999999999
periodic,893,ARC,19,81.39999999999999
periodic,893,ARC,20,69.39999999999999
periodic,893,ARC,21,81.3
periodic,893,ARC,22,82.1
periodic,893,ARC,23,81.8
periodic,893,ARC,24,81.89999999999999
periodic,893,ARC,25,72.7
periodic,893,ARC,26,81.5
periodic,893,ARC,27,82.3
periodic,893,ARC,28,81.6
periodic,893,ARC,29,80.4
periodic,893,ARC,30,71.6
periodic,893,ARC,31,79.60000000000001
periodic,893,ARC,32,85.2
periodic,893,ARC,33,83.1
periodic,893,ARC,34,80.5
periodic,893,ARC,35,73.1
periodic,893,ARC,36,78.7
periodic,893,ARC,37,83.7
periodic,893,ARC,38,83.7
periodic,893,ARC,39,82.69999999999999
periodic,893,ARC,40,71.39999999999999
periodic,893,ARC,41,80.60000000000001
periodic,893,ARC,42,82.69999999999999
periodic,893,ARC,43,80.60000000000001
periodic,893,ARC,44,80.80000000000001
periodic,893,ARC,45,73.3
periodic,893,ARC,46,83.6
periodic,893,ARC,47,81.5
periodic,893,ARC,48,82.0
periodic,893,ARC,49,83.89999999999999
periodic,893,ARC,50,71.5
periodic,893,ARC,51,80.2
periodic,893,ARC,52,83.3
periodic,893,ARC,53,80.5
periodic,893,ARC,54,82.0
periodic,893,ARC,55,72.1
periodic,893,ARC,56,82.0
periodic,893,ARC,57,82.3
periodic,893,ARC,58,82.69999999999999
periodic,893,ARC,59,80.30000000000001
periodic,893,ARC,60,73.5
periodic,893,ARC,61,81.39999999999999
periodic,893,ARC,62,82.3
periodic,893,ARC,63,82.0
periodic,893,ARC,64,79.80000000000001
periodic,893,ARC,65,71.5
periodic,893,ARC,66,82.89999999999999
periodic,893,ARC,67,81.5
periodic,893,ARC,68,81.69999999999999
periodic,893,ARC,69,81.8
periodic,893,ARC,70,73.0
periodic,893,ARC,71,81.2
periodic,893,ARC,72,79.10000000000001
periodic,893,ARC,73,82.3
periodic,893,ARC,74,84.1
periodic,893,ARC,75,71.5
periodic,893,ARC,76,83.6
periodic,893,ARC,77,81.10000000000001
periodic,893,ARC,78,80.30000000000001
periodic,893,ARC,79,83.89999999999999
periodic,893,ARC,80,71.39999999999999
periodic,893,ARC,81,83.7
periodic,893,ARC,82,82.1
periodic,893,ARC,83,82.6
periodic,893,ARC,84,82.8
periodic,893,ARC,85,73.4
periodic,893,ARC,86,82.5
periodic,893,ARC,87,83.1
periodic,893,ARC,88,79.9
periodic,893,ARC,89,81.2
periodic,893,ARC,90,70.89999999999999
periodic,893,ARC,91,80.7
periodic,893,ARC,92,84.39999999999999
periodic,893,ARC,93,80.30000000000001
periodic,893,ARC,94,80.7
periodic,893,ARC,95,73.0
periodic,893,ARC,96,79.2
periodic,893,ARC,97,81.39999999999999
periodic,893,ARC,98,81.39999999999999
periodic,893,ARC,99,79.3
periodic,893,TIDE,0,72.7
periodic,893,TIDE,1,80.2
periodic,893,TIDE,2,82.1
periodic,893,TIDE,3,80.10000000000001
periodic,893,TIDE,4,80.5
periodic,893,TIDE,5,71.3
periodic,893,TIDE,6,82.89999999999999
periodic,893,TIDE,7,80.10000000000001
periodic,893,TIDE,8,82.0
periodic,893,TIDE,9,82.0
periodic,893,TIDE,10,69.5
periodic,893,TIDE,11,83.2
periodic,893,TIDE,12,79.5
periodic,893,TIDE,13,80.80000000000001
periodic,893,TIDE,14,82.39999999999999
periodic,893,TIDE,15,70.39999999999999
periodic,893,TIDE,16,82.19999999999999
periodic,893,TIDE,17,81.10000000000001
periodic,893,TIDE,18,82.6
periodic,893,TIDE,19,81.39999999999999
periodic,893,TIDE,20,64.3
periodic,893,TIDE,21,81.6
periodic,893,TIDE,22,82.39999999999999
periodic,893,TIDE,23,81.8
periodic,893,TIDE,24,81.8
periodic,893,TIDE,25,72.8
periodic,893,TIDE,26,81.2
periodic,893,TIDE,27,82.19999999999999
periodic,893,TIDE,28,81.8
periodic,893,TIDE,29,80.60000000000001
periodic,893,TIDE,30,62.2
periodic,893,TIDE,31,79.4
periodic,893,TIDE,32,85.0
periodic,893,TIDE,33,83.0
periodic,893,TIDE,34,80.30000000000001
periodic,893,TIDE,35,69.69999999999999
periodic,893,TIDE,36,79.2
periodic,893,TIDE,37,83.8
periodic,893,TIDE,38,84.1
periodic,893,TIDE,39,82.6
periodic,893,TIDE,40,69.6
periodic,893,TIDE,41,80.7
periodic,893,TIDE,42,82.69999999999999
periodic,893,TIDE,43,80.5
periodic,893,TIDE,44,80.80000000000001
periodic,893,TIDE,45,73.0
periodic,893,TIDE,46,83.5
periodic,893,TIDE,47,81.39999999999999
periodic,893,TIDE,48,82.19999999999999
periodic,893,TIDE,49,83.89999999999999
periodic,893,TIDE,50,67.60000000000001
periodic,893,TIDE,51,80.30000000000001
periodic,893,TIDE,52,82.89999999999999
periodic,893,TIDE,53,80.30000000000001
periodic,893,TIDE,54,82.1
periodic,893,TIDE,55,72.3
periodic,893,TIDE,56,82.0
periodic,893,TIDE,57,82.19999999999999
periodic,893,TIDE,58,82.69999999999999
periodic,893,TIDE,59,80.4
periodic,893,TIDE,60,73.8
periodic,893,TIDE,61,81.5
periodic,893,TIDE,62,82.5
periodic,893,TIDE,63,81.69999999999999
periodic,893,TIDE,64,80.0
periodic,893,TIDE,65,71.39999999999999
periodic,893,TIDE,66,82.8
periodic,893,TIDE,67,81.5
periodic,893,TIDE,68,81.69999999999999
periodic,893,TIDE,69,81.8
periodic,893,TIDE,70,69.3
periodic,893,TIDE,71,81.0
periodic,893,TIDE,72,79.0
periodic,893,TIDE,73,82.19999999999999
periodic,893,TIDE,74,84.0
periodic,893,TIDE,75,71.6
periodic,893,TIDE,76,83.5
periodic,893,TIDE,77,81.10000000000001
periodic,893,TIDE,78,80.30000000000001
periodic,893,TIDE,79,84.0
periodic,893,TIDE,80,71.1
periodic,893,TIDE,81,83.8
periodic,893,TIDE,82,82.19999999999999
periodic,893,TIDE,83,82.6
periodic,893,TIDE,84,83.0
periodic,893,TIDE,85,73.2
periodic,893,TIDE,86,82.6
periodic,893,TIDE,87,83.1
periodic,893,TIDE,88,79.7
periodic,893,TIDE,89,81.10000000000001
periodic,893,TIDE,90,72.39999999999999
periodic,893,TIDE,91,80.7
periodic,893,TIDE,92,84.3
periodic,893,TIDE,93,80.2
periodic,893,TIDE,94,80.60000000000001
periodic,893,TIDE,95,73.1
periodic,893,TIDE,96,79.4
periodic,893,TIDE,97,81.39999999999999
periodic,893,TIDE,98,81.3
periodic,893,TIDE,99,79.4
uniform,16,ARC,0,0.1
uniform,16,ARC,1,0.4
uniform,16,ARC,2,0.0
uniform,16,ARC,3,0.1
uniform,16,ARC,4,0.3
uniform,16,ARC,5,0.2
uniform,16,ARC,6,0.2
uniform,16,ARC,7,0.2
uniform,16,ARC,8,0.1
uniform,16,ARC,9,0.2
uniform,16,ARC,10,0.2
uniform,16,ARC,11,0.0
uniform,16,ARC,12,0.2
uniform,16,ARC,13,0.3
uniform,16,ARC,14,0.1
uniform,16,ARC,15,0.0
uniform,16,ARC,16,0.2
uniform,16,ARC,17,0.0
uniform,16,ARC,18,0.1
uniform,16,ARC,19,0.1
uniform,16,ARC,20,0.1
uniform,16,ARC,21,0.4
uniform,16,ARC,22,0.1
uniform,16,ARC,23,0.4
uniform,16,ARC,24,0.1
uniform,16,ARC,25,0.2
uniform,16,ARC,26,0.2
uniform,16,ARC,27,0.3
uniform,16,ARC,28,0.4
uniform,16,ARC,29,0.3
uniform,16,ARC,30,0.1
uniform,16,ARC,31,0.4
uniform,16,ARC,32,0.3
uniform,16,ARC,33,0.3
uniform,16,ARC,34,0.1
uniform,16,ARC,35,0.2
uniform,16,ARC,36,0.1
uniform,16,ARC,37,0.0
uniform,16,ARC,38,0.2
uniform,16,ARC,39,0.3
uniform,16,ARC,40,0.2
uniform,16,ARC,41,0.4
uniform,16,ARC,42,0.3
uniform,16,ARC,43,0.3
uniform,16,ARC,44,0.0
uniform,16,ARC,45,0.0
uniform,16,ARC,46,0.1
uniform,16,ARC,47,0.2
uniform,16,ARC,48,0.2
uniform,16,ARC,49,0.1
uniform,16,ARC,50,0.2
uniform,16,ARC,51,0.0
uniform,16,ARC,52,0.3
uniform,16,ARC,53,0.2
uniform,16,ARC,54,0.3
uniform,16,ARC,55,0.1
uniform,16,ARC,56,0.1
uniform,16,ARC,57,0.3
uniform,16,ARC,58,0.2
uniform,16,ARC,59,0.1
uniform,16,ARC,60,0.0
uniform,16,ARC,61,0.5
uniform,16,ARC,62,0.2
uniform,16,ARC,63,0.1
uniform,16,ARC,64,0.0
uniform,16,ARC,65,0.0
uniform,16,ARC,66,0.2
uniform,16,ARC,67,0.3
uniform,16,ARC,68,0.0
uniform,16,ARC,69,0.2
uniform,16,ARC,70,0.2
uniform,16,ARC,71,0.4
uniform,16,ARC,72,0.2
uniform,16,ARC,73,0.1
uniform,16,ARC,74,0.0
uniform,16,ARC,75,0.3
uniform,16,ARC,76,0.0
uniform,16,ARC,77,0.2
uniform,16,ARC,78,0.3
uniform,16,ARC,79,0.2
uniform,16,ARC,80,0.2
uniform,16,ARC,81,0.3
uniform,16,ARC,82,0.1
uniform,16,ARC,83,0.2
uniform,16,ARC,84,0.2
uniform,16,ARC,85,0.3
uniform,16,ARC,86,0.2
uniform,16,ARC,87,0.0
uniform,16,ARC,88,0.0
uniform,16,ARC,89,0.4
uniform,16,ARC,90,0.2
uniform,16,ARC,91,0.4
uniform,16,ARC,92,0.2
uniform,16,ARC,93,0.4
uniform,16,ARC,94,0.2
uniform,16,ARC,95,0.1
uniform,16,ARC,96,0.0
uniform,16,ARC,97,0.0
uniform,16,ARC,98,0.2
uniform,16,ARC,99,0.3
uniform,16,TIDE,0,0.1
uniform,16,TIDE,1,0.4
uniform,16,TIDE,2,0.0
uniform,16,TIDE,3,0.1
uniform,16,TIDE,4,0.1
uniform,16,TIDE,5,0.2
uniform,16,TIDE,6,0.2
uniform,16,TIDE,7,0.1
uniform,16,TIDE,8,0.1
uniform,16,TIDE,9,0.1
uniform,16,TIDE,10,0.0
uniform,16,TIDE,11,0.0
uniform,16,TIDE,12,0.0
uniform,16,TIDE,13,0.3
uniform,16,TIDE,14,0.2
uniform,16,TIDE,15,0.1
uniform,16,TIDE,16,0.3
uniform,16,TIDE,17,0.0
uniform,16,TIDE,18,0.0
uniform,16,TIDE,19,0.0
uniform,16,TIDE,20,0.1
uniform,16,TIDE,21,0.3
uniform,16,TIDE,22,0.5
uniform,16,TIDE,23,0.3
uniform,16,TIDE,24,0.1
uniform,16,TIDE,25,0.2
uniform,16,TIDE,26,0.3
uniform,16,TIDE,27,0.2
uniform,16,TIDE,28,0.3
uniform,16,TIDE,29,0.3
uniform,16,TIDE,30,0.0
uniform,16,TIDE,31,0.1
uniform,16,TIDE,32,0.5
uniform,16,TIDE,33,0.3
uniform,16,TIDE,34,0.0
uniform,16,TIDE,35,0.1
uniform,16,TIDE,36,0.3
uniform,16,TIDE,37,0.2
uniform,16,TIDE,38,0.0
uniform,16,TIDE,39,0.0
uniform,16,TIDE,40,0.2
uniform,16,TIDE,41,0.4
uniform,16,TIDE,42,0.3
uniform,16,TIDE,43,0.4
uniform,16,TIDE,44,0.0
uniform,16,TIDE,45,0.1
uniform,16,TIDE,46,0.1
uniform,16,TIDE,47,0.0
uniform,16,TIDE,48,0.2
uniform,16,TIDE,49,0.2
uniform,16,TIDE,50,0.3
uniform,16,TIDE,51,0.0
uniform,16,TIDE,52,0.3
uniform,16,TIDE,53,0.2
uniform,16,TIDE,54,0.3
uniform,16,TIDE,55,0.2
uniform,16,TIDE,56,0.2
uniform,16,TIDE,57,0.1
uniform,16,TIDE,58,0.1
uniform,16,TIDE,59,0.2
uniform,16,TIDE,60,0.2
uniform,16,TIDE,61,0.3
uniform,16,TIDE,62,0.2
uniform,16,TIDE,63,0.1
uniform,16,TIDE,64,0.4
uniform,16,TIDE,65,0.2
uniform,16,TIDE,66,0.1
uniform,16,TIDE,67,0.2
uniform,16,TIDE,68,0.0
uniform,16,TIDE,69,0.3
uniform,16,TIDE,70,0.1
uniform,16,TIDE,71,0.1
uniform,16,TIDE,72,0.2
uniform,16,TIDE,73,0.2
uniform,16,TIDE,74,0.0
uniform,16,TIDE,75,0.3
uniform,16,TIDE,76,0.0
uniform,16,TIDE,77,0.0
uniform,16,TIDE,78,0.2
uniform,16,TIDE,79,0.1
uniform,16,TIDE,80,0.1
uniform,16,TIDE,81,0.3
uniform,16,TIDE,82,0.2
uniform,16,TIDE,83,0.1
uniform,16,TIDE,84,0.2
uniform,16,TIDE,85,0.0
uniform,16,TIDE,86,0.4
uniform,16,TIDE,87,0.2
uniform,16,TIDE,88,0.0
uniform,16,TIDE,89,0.3
uniform,16,TIDE,90,0.3
uniform,16,TIDE,91,0.3
uniform,16,TIDE,92,0.1
uniform,16,TIDE,93,0.3
uniform,16,TIDE,94,0.1
uniform,16,TIDE,95,0.0
uniform,16,TIDE,96,0.0
uniform,16,TIDE,97,0.2
uniform,16,TIDE,98,0.3
uniform,16,TIDE,99,0.3
uniform,100,ARC,0,0.5
uniform,100,ARC,1,1.6
uniform,100,ARC,2,0.8999999999999999
uniform,100,ARC,3,0.7000000000000001
uniform,100,ARC,4,1.2
uniform,100,ARC,5,1.0
uniform,100,ARC,6,1.5
uniform,100,ARC,7,1.0
uniform,100,ARC,8,1.2
uniform,100,ARC,9,0.8999999999999999
uniform,100,ARC,10,0.6
uniform,100,ARC,11,0.8999999999999999
uniform,100,ARC,12,0.8
uniform,100,ARC,13,0.8999999999999999
uniform,100,ARC,14,0.7000000000000001
uniform,100,ARC,15,1.3
uniform,100,ARC,16,0.6
uniform,100,ARC,17,1.4000000000000001
uniform,100,ARC,18,1.0999999999999999
uniform,100,ARC,19,0.8
uniform,100,ARC,20,0.6
uniform,100,ARC,21,1.2
uniform,100,ARC,22,1.0
uniform,100,ARC,23,1.0999999999999999
uniform,100,ARC,24,1.0999999999999999
uniform,100,ARC,25,1.0999999999999999
uniform,100,ARC,26,1.3
uniform,100,ARC,27,1.2
uniform,100,ARC,28,1.4000000000000001
uniform,100,ARC,29,1.0999999999999999
uniform,100,ARC,30,0.8
uniform,100,ARC,31,0.8999999999999999
uniform,100,ARC,32,1.0
uniform,100,ARC,33,1.2
uniform,100,ARC,34,0.7000000000000001
uniform,100,ARC,35,1.0999999999999999
uniform,100,ARC,36,1.0999999999999999
uniform,100,ARC,37,0.7000000000000001
uniform,100,ARC,38,0.6
uniform,100,ARC,39,0.8
uniform,100,ARC,40,1.0999999999999999
uniform,100,ARC,41,1.2
uniform,100,ARC,42,1.0999999999999999
uniform,100,ARC,43,1.6
uniform,100,ARC,44,0.8999999999999999
uniform,100,ARC,45,1.0
uniform,100,ARC,46,0.8999999999999999
uniform,100,ARC,47,0.8999999999999999
uniform,100,ARC,48,1.0
uniform,100,ARC,49,1.2
uniform,100,ARC,50,1.0
uniform,100,ARC,51,1.0999999999999999
uniform,100,ARC,52,1.4000000000000001
uniform,100,ARC,53,1.6
uniform,100,ARC,54,0.8999999999999999
uniform,100,ARC,55,1.5
uniform,100,ARC,56,1.0
uniform,100,ARC,57,1.6
uniform,100,ARC,58,0.8999999999999999
uniform,100,ARC,59,1.2
uniform,100,ARC,60,0.8
uniform,100,ARC,61,1.6
uniform,100,ARC,62,1.3
uniform,100,ARC,63,0.7000000000000001
uniform,100,ARC,64,1.6
uniform,100,ARC,65,0.5
uniform,100,ARC,66,1.0999999999999999
uniform,100,ARC,67,0.8999999999999999
uniform,100,ARC,68,0.8999999999999999
uniform,100,ARC,69,1.0
uniform,100,ARC,70,1.0999999999999999
uniform,100,ARC,71,0.8999999999999999
uniform,100,ARC,72,1.0999999999999999
uniform,100,ARC,73,0.8
uniform,100,ARC,74,0.8999999999999999
uniform,100,ARC,75,0.6
uniform,100,ARC,76,0.6
uniform,100,ARC,77,0.8999999999999999
uniform,100,ARC,78,1.0999999999999999
uniform,100,ARC,79,1.0
uniform,100,ARC,80,1.2
uniform,100,ARC,81,1.2
uniform,100,ARC,82,1.0999999999999999
uniform,100,ARC,83,1.4000000000000001
uniform,100,ARC,84,0.7000000000000001
uniform,100,ARC,85,1.3
uniform,100,ARC,86,1.0
uniform,100,ARC,87,1.0
uniform,100,ARC,88,0.6
uniform,100,ARC,89,1.2
uniform,100,ARC,90,1.0999999999999999
uniform,100,ARC,91,1.3
uniform,100,ARC,92,0.8999999999999999
uniform,100,ARC,93,1.3
uniform,100,ARC,94,0.8999999999999999
uniform,100,ARC,95,1.2
uniform,100,ARC,96,0.7000000000000001
uniform,100,ARC,97,0.8
uniform,100,ARC,98,1.6
uniform,100,ARC,99,1.0999999999999999
uniform,100,TIDE,0,0.5
uniform,100,TIDE,1,1.6
uniform,100,TIDE,2,0.8999999999999999
uniform,100,TIDE,3,1.0999999999999999
uniform,100,TIDE,4,0.8
uniform,100,TIDE,5,0.8999999999999999
uniform,100,TIDE,6,1.4000000000000001
uniform,100,TIDE,7,2.1
uniform,100,TIDE,8,0.8999999999999999
uniform,100,TIDE,9,0.8999999999999999
uniform,100,TIDE,10,1.3
uniform,100,TIDE,11,0.8
uniform,100,TIDE,12,1.3
uniform,100,TIDE,13,1.0999999999999999
uniform,100,TIDE,14,1.2
uniform,100,TIDE,15,0.8
uniform,100,TIDE,16,0.8999999999999999
uniform,100,TIDE,17,0.7000000000000001
uniform,100,TIDE,18,0.8999999999999999
uniform,100,TIDE,19,1.0
uniform,100,TIDE,20,0.8
uniform,100,TIDE,21,1.4000000000000001
uniform,100,TIDE,22,1.2
uniform,100,TIDE,23,1.4000000000000001
uniform,100,TIDE,24,0.8
uniform,100,TIDE,25,1.5
uniform,100,TIDE,26,1.2
uniform,100,TIDE,27,0.8
uniform,100,TIDE,28,1.5
uniform,100,TIDE,29,1.3
uniform,100,TIDE,30,0.8999999999999999
uniform,100,TIDE,31,0.8999999999999999
uniform,100,TIDE,32,0.8999999999999999
uniform,100,TIDE,33,1.2
uniform,100,TIDE,34,0.8999999999999999
uniform,100,TIDE,35,1.0
uniform,100,TIDE,36,1.3
uniform,100,TIDE,37,1.2
uniform,100,TIDE,38,1.0999999999999999
uniform,100,TIDE,39,1.0999999999999999
uniform,100,TIDE,40,0.5
uniform,100,TIDE,41,1.2
uniform,100,TIDE,42,1.4000000000000001
uniform,100,TIDE,43,1.5
uniform,100,TIDE,44,0.6
uniform,100,TIDE,45,0.8999999999999999
uniform,100,TIDE,46,0.8
uniform,100,TIDE,47,1.3
uniform,100,TIDE,48,1.0
uniform,100,TIDE,49,0.8999999999999999
uniform,100,TIDE,50,1.3
uniform,100,TIDE,51,0.7000000000000001
uniform,100,TIDE,52,1.2
uniform,100,TIDE,53,1.0
uniform,100,TIDE,54,1.5
uniform,100,TIDE,55,0.8999999999999999
uniform,100,TIDE,56,0.7000000000000001
uniform,100,TIDE,57,1.4000000000000001
uniform,100,TIDE,58,0.8
uniform,100,TIDE,59,1.2
uniform,100,TIDE,60,0.8999999999999999
uniform,100,TIDE,61,1.0999999999999999
uniform,100,TIDE,62,1.2
uniform,100,TIDE,63,0.5
uniform,100,TIDE,64,1.6
uniform,100,TIDE,65,0.3
uniform,100,TIDE,66,1.0
uniform,100,TIDE,67,0.8
uniform,100,TIDE,68,0.8
uniform,100,TIDE,69,0.8999999999999999
uniform,100,TIDE,70,1.0
uniform,100,TIDE,71,0.8
uniform,100,TIDE,72,1.4000000000000001
uniform,100,TIDE,73,1.2
uniform,100,TIDE,74,0.6
uniform,100,TIDE,75,1.0999999999999999
uniform,100,TIDE,76,0.6
uniform,100,TIDE,77,1.2
uniform,100,TIDE,78,0.8999999999999999
uniform,100,TIDE,79,0.7000000000000001
uniform,100,TIDE,80,1.2
uniform,100,TIDE,81,1.5
uniform,100,TIDE,82,1.0999999999999999
uniform,100,TIDE,83,1.7000000000000002
uniform,100,TIDE,84,0.8
uniform,100,TIDE,85,1.2
uniform,100,TIDE,86,0.7000000000000001
uniform,100,TIDE,87,0.6
uniform,100,TIDE,88,0.5
uniform,100,TIDE,89,1.2
uniform,100,TIDE,90,1.3
uniform,100,TIDE,91,0.7000000000000001
uniform,100,TIDE,92,0.8999999999999999
uniform,100,TIDE,93,1.0999999999999999
uniform,100,TIDE,94,1.0
uniform,100,TIDE,95,1.0999999999999999
uniform,100,TIDE,96,0.8999999999999999
uniform,100,TIDE,97,0.7000000000000001
uniform,100,TIDE,98,1.0999999999999999
uniform,100,TIDE,99,0.6
uniform,1000,ARC,0,4.0
uniform,1000,ARC,1,10.7
uniform,1000,ARC,2,10.2
uniform,1000,ARC,3,8.9
uniform,1000,ARC,4,9.700000000000001
uniform,1000,ARC,5,9.0
uniform,1000,ARC,6,10.6
uniform,1000,ARC,7,9.6
uniform,1000,ARC,8,9.1
uniform,1000,ARC,9,10.299999999999999
uniform,1000,ARC,10,10.9
uniform,1000,ARC,11,10.7
uniform,1000,ARC,12,10.100000000000001
uniform,1000,ARC,13,9.5
uniform,1000,ARC,14,10.100000000000001
uniform,1000,ARC,15,10.4
uniform,1000,ARC,16,10.4
uniform,1000,ARC,17,9.5
uniform,1000,ARC,18,10.0
uniform,1000,ARC,19,9.700000000000001
uniform,1000,ARC,20,9.6
uniform,1000,ARC,21,9.700000000000001
uniform,1000,ARC,22,10.8
uniform,1000,ARC,23,11.5
uniform,1000,ARC,24,10.2
uniform,1000,ARC,25,10.0
uniform,1000,ARC,26,9.700000000000001
uniform,1000,ARC,27,10.7
uniform,1000,ARC,28,11.5
uniform,1000,ARC,29,9.4
uniform,1000,ARC,30,8.9
uniform,1000,ARC,31,9.4
uniform,1000,ARC,32,10.4
uniform,1000,ARC,33,10.100000000000001
uniform,1000,ARC,34,9.8
uniform,1000,ARC,35,10.4
uniform,1000,ARC,36,9.9
uniform,1000,ARC,37,9.3
uniform,1000,ARC,38,9.3
uniform,1000,ARC,39,10.2
uniform,1000,ARC,40,10.100000000000001
uniform,1000,ARC,41,8.9
uniform,1000,ARC,42,9.6
uniform,1000,ARC,43,11.799999999999999
uniform,1000,ARC,44,11.0
uniform,1000,ARC,45,10.4
uniform,1000,ARC,46,10.4
uniform,1000,ARC,47,10.2
uniform,1000,ARC,48,9.3
uniform,1000,ARC,49,8.9
uniform,1000,ARC,50,9.6
uniform,1000,ARC,51,11.700000000000001
uniform,1000,ARC,52,9.700000000000001
uniform,1000,ARC,53,11.600000000000001
uniform,1000,ARC,54,11.0
uniform,1000,ARC,55,11.1
uniform,1000,ARC,56,9.3
uniform,1000,ARC,57,9.8
uniform,1000,ARC,58,9.3
uniform,1000,ARC,59,10.5
uniform,1000,ARC,60,9.4
uniform,1000,ARC,61,8.799999999999999
uniform,1000,ARC,62,9.8
uniform,1000,ARC,63,9.4
uniform,1000,ARC,64,11.4
uniform,1000,ARC,65,9.700000000000001
uniform,1000,ARC,66,10.8
uniform,1000,ARC,67,8.9
uniform,1000,ARC,68,10.7
uniform,1000,ARC,69,8.3
uniform,1000,ARC,70,11.200000000000001
uniform,1000,ARC,71,9.5
uniform,1000,ARC,72,8.6
uniform,1000,ARC,73,9.5
uniform,1000,ARC,74,9.3
uniform,1000,ARC,75,12.2
uniform,1000,ARC,76,11.0
uniform,1000,ARC,77,11.899999999999999
uniform,1000,ARC,78,8.9
uniform,1000,ARC,79,10.8
uniform,1000,ARC,80,9.0
uniform,1000,ARC,81,9.5
uniform,1000,ARC,82,11.3
uniform,1000,ARC,83,11.200000000000001
uniform,1000,ARC,84,10.299999999999999
uniform,1000,ARC,85,11.4
uniform,1000,ARC,86,9.5
uniform,1000,ARC,87,10.299999999999999
uniform,1000,ARC,88,9.1
uniform,1000,ARC,89,10.100000000000001
uniform,1000,ARC,90,9.700000000000001
uniform,1000,ARC,91,11.5
uniform,1000,ARC,92,10.100000000000001
uniform,1000,ARC,93,10.0
uniform,1000,ARC,94,10.4
uniform,1000,ARC,95,8.200000000000001
uniform,1000,ARC,96,9.700000000000001
uniform,1000,ARC,97,8.5
uniform,1000,ARC,98,10.5
uniform,1000,ARC,99,11.799999999999999
uniform,1000,TIDE,0,4.0
uniform,1000,TIDE,1,10.7
uniform,1000,TIDE,2,10.2
uniform,1000,TIDE,3,8.9
uniform,1000,TIDE,4,9.700000000000001
uniform,1000,TIDE,5,9.0
uniform,1000,TIDE,6,10.6
uniform,1000,TIDE,7,9.6
uniform,1000,TIDE,8,9.0
uniform,1000,TIDE,9,10.5
uniform,1000,TIDE,10,10.5
uniform,1000,TIDE,11,8.1
uniform,1000,TIDE,12,9.2
uniform,1000,TIDE,13,10.4
uniform,1000,TIDE,14,10.5
uniform,1000,TIDE,15,10.7
uniform,1000,TIDE,16,10.0
uniform,1000,TIDE,17,10.8
uniform,1000,TIDE,18,10.299999999999999
uniform,1000,TIDE,19,10.100000000000001
uniform,1000,TIDE,20,10.0
uniform,1000,TIDE,21,9.3
uniform,1000,TIDE,22,9.3
uniform,1000,TIDE,23,9.5
uniform,1000,TIDE,24,10.2
uniform,1000,TIDE,25,9.9
uniform,1000,TIDE,26,10.2
uniform,1000,TIDE,27,10.6
uniform,1000,TIDE,28,10.100000000000001
uniform,1000,TIDE,29,9.8
uniform,1000,TIDE,30,10.4
uniform,1000,TIDE,31,9.6
uniform,1000,TIDE,32,9.5
uniform,1000,TIDE,33,9.6
uniform,1000,TIDE,34,9.6
uniform,1000,TIDE,35,10.7
uniform,1000,TIDE,36,11.5
uniform,1000,TIDE,37,9.3
uniform,1000,TIDE,38,10.5
uniform,1000,TIDE,39,9.8
uniform,1000,TIDE,40,10.6
uniform,1000,TIDE,41,11.4
uniform,1000,TIDE,42,8.1
uniform,1000,TIDE,43,11.700000000000001
uniform,1000,TIDE,44,10.5
uniform,1000,TIDE,45,10.9
uniform,1000,TIDE,46,9.6
uniform,1000,TIDE,47,10.100000000000001
uniform,1000,TIDE,48,8.4
uniform,1000,TIDE,49,10.100000000000001
uniform,1000,TIDE,50,10.9
uniform,1000,TIDE,51,10.6
uniform,1000,TIDE,52,9.3
uniform,1000,TIDE,53,10.5
uniform,1000,TIDE,54,11.700000000000001
uniform,1000,TIDE,55,10.2
uniform,1000,TIDE,56,9.4
uniform,1000,TIDE,57,8.7
uniform,1000,TIDE,58,12.5
uniform,1000,TIDE,59,10.7
uniform,1000,TIDE,60,11.899999999999999
uniform,1000,TIDE,61,10.0
uniform,1000,TIDE,62,8.5
uniform,1000,TIDE,63,9.3
uniform,1000,TIDE,64,10.4
uniform,1000,TIDE,65,9.4
uniform,1000,TIDE,66,8.7
uniform,1000,TIDE,67,9.9
uniform,1000,TIDE,68,10.100000000000001
uniform,1000,TIDE,69,10.6
uniform,1000,TIDE,70,11.4
uniform,1000,TIDE,71,9.9
uniform,1000,TIDE,72,8.7
uniform,1000,TIDE,73,9.6
uniform,1000,TIDE,74,9.8
uniform,1000,TIDE,75,11.700000000000001
uniform,1000,TIDE,76,11.600000000000001
uniform,1000,TIDE,77,10.7
uniform,1000,TIDE,78,9.9
uniform,1000,TIDE,79,10.0
uniform,1000,TIDE,80,12.4
uniform,1000,TIDE,81,9.1
uniform,1000,TIDE,82,9.4
uniform,1000,TIDE,83,11.899999999999999
uniform,1000,TIDE,84,9.5
uniform,1000,TIDE,85,10.8
uniform,1000,TIDE,86,10.2
uniform,1000,TIDE,87,11.600000000000001
uniform,1000,TIDE,88,6.3
uniform,1000,TIDE,89,9.4
uniform,1000,TIDE,90,10.2
uniform,1000,TIDE,91,11.4
uniform,1000,TIDE,92,10.4
uniform,1000,TIDE,93,10.5
uniform,1000,TIDE,94,9.8
uniform,1000,TIDE,95,8.200000000000001
uniform,1000,TIDE,96,10.2
uniform,1000,TIDE,97,7.5
uniform,1000,TIDE,98,10.5
uniform,1000,TIDE,99,11.799999999999999
zipf_alpha_0.5,16,ARC,0,0.5
zipf_alpha_0.5,16,ARC,1,0.6
zipf_alpha_0.5,16,ARC,2,1.4000000000000001
zipf_alpha_0.5,16,ARC,3,2.3
zipf_alpha_0.5,16,ARC,4,1.6
zipf_alpha_0.5,16,ARC,5,1.7000000000000002
zipf_alpha_0.5,16,ARC,6,1.3
zipf_alpha_0.5,16,ARC,7,1.6
zipf_alpha_0.5,16,ARC,8,2.3
zipf_alpha_0.5,16,ARC,9,2.4
zipf_alpha_0.5,16,ARC,10,3.2
zipf_alpha_0.5,16,ARC,11,1.7999999999999998
zipf_alpha_0.5,16,ARC,12,2.1
zipf_alpha_0.5,16,ARC,13,1.2
zipf_alpha_0.5,16,ARC,14,3.0
zipf_alpha_0.5,16,ARC,15,1.7000000000000002
zipf_alpha_0.5,16,ARC,16,2.0
zipf_alpha_0.5,16,ARC,17,1.7999999999999998
zipf_alpha_0.5,16,ARC,18,1.2
zipf_alpha_0.5,16,ARC,19,2.1999999999999997
zipf_alpha_0.5,16,ARC,20,2.0
zipf_alpha_0.5,16,ARC,21,1.7000000000000002
zipf_alpha_0.5,16,ARC,22,2.1
zipf_alpha_0.5,16,ARC,23,2.0
zipf_alpha_0.5,16,ARC,24,2.0
zipf_alpha_0.5,16,ARC,25,2.6
zipf_alpha_0.5,16,ARC,26,2.0
zipf_alpha_0.5,16,ARC,27,2.9000000000000004
zipf_alpha_0.5,16,ARC,28,2.5
zipf_alpha_0.5,16,ARC,29,2.6
zipf_alpha_0.5,16,ARC,30,2.3
zipf_alpha_0.5,16,ARC,31,2.5
zipf_alpha_0.5,16,ARC,32,1.9
zipf_alpha_0.5,16,ARC,33,1.6
zipf_alpha_0.5,16,ARC,34,2.5
zipf_alpha_0.5,16,ARC,35,2.1
zipf_alpha_0.5,16,ARC,36,2.9000000000000004
zipf_alpha_0.5,16,ARC,37,2.1999999999999997
zipf_alpha_0.5,16,ARC,38,2.1999999999999997
zipf_alpha_0.5,16,ARC,39,1.6
zipf_alpha_0.5,16,ARC,40,2.0
zipf_alpha_0.5,16,ARC,41,2.9000000000000004
zipf_alpha_0.5,16,ARC,42,3.0
zipf_alpha_0.5,16,ARC,43,1.9
zipf_alpha_0.5,16,ARC,44,2.3
zipf_alpha_0.5,16,ARC,45,3.0
zipf_alpha_0.5,16,ARC,46,1.7999999999999998
zipf_alpha_0.5,16,ARC,47,2.4
zipf_alpha_0.5,16,ARC,48,2.8000000000000003
zipf_alpha_0.5,16,ARC,49,2.7
zipf_alpha_0.5,16,ARC,50,1.2
zipf_alpha_0.5,16,ARC,51,2.1
zipf_alpha_0.5,16,ARC,52,2.1
zipf_alpha_0.5,16,ARC,53,3.1
zipf_alpha_0.5,16,ARC,54,2.1999999999999997
zipf_alpha_0.5,16,ARC,55,1.4000000000000001
zipf_alpha_0.5,16,ARC,56,2.1
zipf_alpha_0.5,16,ARC,57,1.7999999999999998
zipf_alpha_0.5,16,ARC,58,2.6
zipf_alpha_0.5,16,ARC,59,2.9000000000000004
zipf_alpha_0.5,16,ARC,60,2.9000000000000004
zipf_alpha_0.5,16,ARC,61,2.0
zipf_alpha_0.5,16,ARC,62,2.6
zipf_alpha_0.5,16,ARC,63,2.4
zipf_alpha_0.5,16,ARC,64,2.4
zipf_alpha_0.5,16,ARC,65,2.4
zipf_alpha_0.5,16,ARC,66,2.1
zipf_alpha_0.5,16,ARC,67,2.7
zipf_alpha_0.5,16,ARC,68,2.1999999999999997
zipf_alpha_0.5,16,ARC,69,2.3
zipf_alpha_0.5,16,ARC,70,2.1999999999999997
zipf_alpha_0.5,16,ARC,71,1.7999999999999998
zipf_alpha_0.5,16,ARC,72,2.7
zipf_alpha_0.5,16,ARC,73,3.4000000000000004
zipf_alpha_0.5,16,ARC,74,2.4
zipf_alpha_0.5,16,ARC,75,2.6
zipf_alpha_0.5,16,ARC,76,2.4
zipf_alpha_0.5,16,ARC,77,2.5
zipf_alpha_0.5,16,ARC,78,3.1
zipf_alpha_0.5,16,ARC,79,3.1
zipf_alpha_0.5,16,ARC,80,3.4000000000000004
zipf_alpha_0.5,16,ARC,81,2.3
zipf_alpha_0.5,16,ARC,82,1.9
zipf_alpha_0.5,16,ARC,83,3.0
zipf_alpha_0.5,16,ARC,84,2.3
zipf_alpha_0.5,16,ARC,85,3.8
zipf_alpha_0.5,16,ARC,86,2.4
zipf_alpha_0.5,16,ARC,87,2.4
zipf_alpha_0.5,16,ARC,88,2.3
zipf_alpha_0.5,16,ARC,89,2.1999999999999997
zipf_alpha_0.5,16,ARC,90,2.3
zipf_alpha_0.5,16,ARC,91,2.1999999999999997
zipf_alpha_0.5,16,ARC,92,1.2
zipf_alpha_0.5,16,ARC,93,2.6
zipf_alpha_0.5,16,ARC,94,2.4
zipf_alpha_0.5,16,ARC,95,2.7
zipf_alpha_0.5,16,ARC,96,1.7999999999999998
zipf_alpha_0.5,16,ARC,97,2.8000000000000003
zipf_alpha_0.5,16,ARC,98,3.1
zipf_alpha_0.5,16,ARC,99,1.7000000000000002
zipf_alpha_0.5,16,TIDE,0,0.5
zipf_alpha_0.5,16,TIDE,1,0.6
zipf_alpha_0.5,16,TIDE,2,1.7000000000000002
zipf_alpha_0.5,16,TIDE,3,2.1999999999999997
zipf_alpha_0.5,16,TIDE,4,1.7000000000000002
zipf_alpha_0.5,16,TIDE,5,1.6
zipf_alpha_0.5,16,TIDE,6,1.3
zipf_alpha_0.5,16,TIDE,7,2.1
zipf_alpha_0.5,16,TIDE,8,2.5
zipf_alpha_0.5,16,TIDE,9,2.5
zipf_alpha_0.5,16,TIDE,10,3.5999999999999996
zipf_alpha_0.5,16,TIDE,11,2.1
zipf_alpha_0.5,16,TIDE,12,2.3
zipf_alpha_0.5,16,TIDE,13,1.6
zipf_alpha_0.5,16,TIDE,14,3.0
zipf_alpha_0.5,16,TIDE,15,1.7999999999999998
zipf_alpha_0.5,16,TIDE,16,2.6
zipf_alpha_0.5,16,TIDE,17,2.1999999999999997
zipf_alpha_0.5,16,TIDE,18,1.2
zipf_alpha_0.5,16,TIDE,19,1.5
zipf_alpha_0.5,16,TIDE,20,1.6
zipf_alpha_0.5,16,TIDE,21,2.1
zipf_alpha_0.5,16,TIDE,22,2.0
zipf_alpha_0.5,16,TIDE,23,2.0
zipf_alpha_0.5,16,TIDE,24,2.1999999999999997
zipf_alpha_0.5,16,TIDE,25,2.6
zipf_alpha_0.5,16,TIDE,26,2.8000000000000003
zipf_alpha_0.5,16,TIDE,27,3.0
zipf_alpha_0.5,16,TIDE,28,2.6
zipf_alpha_0.5,16,TIDE,29,2.5
zipf_alpha_0.5,16,TIDE,30,2.3
zipf_alpha_0.5,16,TIDE,31,2.3
zipf_alpha_0.5,16,TIDE,32,2.0
zipf_alpha_0.5,16,TIDE,33,1.7000000000000002
zipf_alpha_0.5,16,TIDE,34,1.5
zipf_alpha_0.5,16,TIDE,35,2.0
zipf_alpha_0.5,16,TIDE,36,2.9000000000000004
zipf_alpha_0.5,16,TIDE,37,2.0
zipf_alpha_0.5,16,TIDE,38,2.3
zipf_alpha_0.5,16,TIDE,39,1.4000000000000001
zipf_alpha_0.5,16,TIDE,40,2.1
zipf_alpha_0.5,16,TIDE,41,3.0
zipf_alpha_0.5,16,TIDE,42,3.2
zipf_alpha_0.5,16,TIDE,43,2.4
zipf_alpha_0.5,16,TIDE,44,2.1999999999999997
zipf_alpha_0.5,16,TIDE,45,3.0
zipf_alpha_0.5,16,TIDE,46,1.9
zipf_alpha_0.5,16,TIDE,47,2.7
zipf_alpha_0.5,16,TIDE,48,2.7
zipf_alpha_0.5,16,TIDE,49,2.5
zipf_alpha_0.5,16,TIDE,50,1.3
zipf_alpha_0.5,16,TIDE,51,2.0
zipf_alpha_0.5,16,TIDE,52,2.0
zipf_alpha_0.5,16,TIDE,53,3.1
zipf_alpha_0.5,16,TIDE,54,2.0
zipf_alpha_0.5,16,TIDE,55,1.7000000000000002
zipf_alpha_0.5,16,TIDE,56,2.1
zipf_alpha_0.5,16,TIDE,57,1.9
zipf_alpha_0.5,16,TIDE,58,2.5
zipf_alpha_0.5,16,TIDE,59,2.9000000000000004
zipf_alpha_0.5,16,TIDE,60,2.9000000000000004
zipf_alpha_0.5,16,TIDE,61,1.9
zipf_alpha_0.5,16,TIDE,62,3.1
zipf_alpha_0.5,16,TIDE,63,2.3
zipf_alpha_0.5,16,TIDE,64,2.4
zipf_alpha_0.5,16,TIDE,65,2.1999999999999997
zipf_alpha_0.5,16,TIDE,66,2.0
zipf_alpha_0.5,16,TIDE,67,3.1
zipf_alpha_0.5,16,TIDE,68,1.9
zipf_alpha_0.5,16,TIDE,69,2.1999999999999997
zipf_alpha_0.5,16,TIDE,70,2.5
zipf_alpha_0.5,16,TIDE,71,1.7999999999999998
zipf_alpha_0.5,16,TIDE,72,2.7
zipf_alpha_0.5,16,TIDE,73,3.3000000000000003
zipf_alpha_0.5,16,TIDE,74,2.3
zipf_alpha_0.5,16,TIDE,75,2.9000000000000004
zipf_alpha_0.5,16,TIDE,76,2.6
zipf_alpha_0.5,16,TIDE,77,2.8000000000000003
zipf_alpha_0.5,16,TIDE,78,3.2
zipf_alpha_0.5,16,TIDE,79,3.2
zipf_alpha_0.5,16,TIDE,80,3.2
zipf_alpha_0.5,16,TIDE,81,2.1
zipf_alpha_0.5,16,TIDE,82,2.1999999999999997
zipf_alpha_0.5,16,TIDE,83,3.1
zipf_alpha_0.5,16,TIDE,84,1.7999999999999998
zipf_alpha_0.5,16,TIDE,85,3.1
zipf_alpha_0.5,16,TIDE,86,2.0
zipf_alpha_0.5,16,TIDE,87,2.4
zipf_alpha_0.5,16,TIDE,88,2.5
zipf_alpha_0.5,16,TIDE,89,2.1999999999999997
zipf_alpha_0.5,16,TIDE,90,2.1
zipf_alpha_0.5,16,TIDE,91,2.3
zipf_alpha_0.5,16,TIDE,92,1.3
zipf_alpha_0.5,16,TIDE,93,2.5
zipf_alpha_0.5,16,TIDE,94,2.6
zipf_alpha_0.5,16,TIDE,95,2.9000000000000004
zipf_alpha_0.5,16,TIDE,96,1.9
zipf_alpha_0.5,16,TIDE,97,2.7
zipf_alpha_0.5,16,TIDE,98,3.3000000000000003
zipf_alpha_0.5,16,TIDE,99,1.7000000000000002
zipf_alpha_0.5,100,ARC,0,2.7
zipf_alpha_0.5,100,ARC,1,3.2
zipf_alpha_0.5,100,ARC,2,5.0
zipf_alpha_0.5,100,ARC,3,5.6000000000000005
zipf_alpha_0.5,100,ARC,4,5.2
zipf_alpha_0.5,100,ARC,5,5.2
zipf_alpha_0.5,100,ARC,6,5.3
zipf_alpha_0.5,100,ARC,7,6.0
zipf_alpha_0.5,100,ARC,8,5.7
zipf_alpha_0.5,100,ARC,9,6.6000000000000005
zipf_alpha_0.5,100,ARC,10,7.7
zipf_alpha_0.5,100,ARC,11,6.2
zipf_alpha_0.5,100,ARC,12,6.5
zipf_alpha_0.5,100,ARC,13,5.1
zipf_alpha_0.5,100,ARC,14,8.7
zipf_alpha_0.5,100,ARC,15,6.3
zipf_alpha_0.5,100,ARC,16,7.7
zipf_alpha_0.5,100,ARC,17,5.1
zipf_alpha_0.5,100,ARC,18,6.2
zipf_alpha_0.5,100,ARC,19,5.800000000000001
zipf_alpha_0.5,100,ARC,20,6.1
zipf_alpha_0.5,100,ARC,21,6.1
zipf_alpha_0.5,100,ARC,22,7.3
zipf_alpha_0.5,100,ARC,23,5.2
zipf_alpha_0.5,100,ARC,24,6.4
zipf_alpha_0.5,100,ARC,25,7.000000000000001
zipf_alpha_0.5,100,ARC,26,5.8999999999999995
zipf_alpha_0.5,100,ARC,27,7.199999999999999
zipf_alpha_0.5,100,ARC,28,6.0
zipf_alpha_0.5,100,ARC,29,6.3
zipf_alpha_0.5,100,ARC,30,6.7
zipf_alpha_0.5,100,ARC,31,6.7
zipf_alpha_0.5,100,ARC,32,5.800000000000001
zipf_alpha_0.5,100,ARC,33,6.1
zipf_alpha_0.5,100,ARC,34,7.3999999999999995
zipf_alpha_0.5,100,ARC,35,6.3
zipf_alpha_0.5,100,ARC,36,6.3
zipf_alpha_0.5,100,ARC,37,6.3
zipf_alpha_0.5,100,ARC,38,6.4
zipf_alpha_0.5,100,ARC,39,6.6000000000000005
zipf_alpha_0.5,100,ARC,40,5.800000000000001
zipf_alpha_0.5,100,ARC,41,8.6
zipf_alpha_0.5,100,ARC,42,7.6
zipf_alpha_0.5,100,ARC,43,8.200000000000001
zipf_alpha_0.5,100,ARC,44,7.1
zipf_alpha_0.5,100,ARC,45,9.4
zipf_alpha_0.5,100,ARC,46,5.800000000000001
zipf_alpha_0.5,100,ARC,47,6.4
zipf_alpha_0.5,100,ARC,48,6.7
zipf_alpha_0.5,100,ARC,49,6.1
zipf_alpha_0.5,100,ARC,50,7.000000000000001
zipf_alpha_0.5,100,ARC,51,6.6000000000000005
zipf_alpha_0.5,100,ARC,52,5.8999999999999995
zipf_alpha_0.5,100,ARC,53,7.3
zipf_alpha_0.5,100,ARC,54,7.3
zipf_alpha_0.5,100,ARC,55,7.3
zipf_alpha_0.5,100,ARC,56,7.5
zipf_alpha_0.5,100,ARC,57,7.1
zipf_alpha_0.5,100,ARC,58,7.6
zipf_alpha_0.5,100,ARC,59,7.9
zipf_alpha_0.5,100,ARC,60,7.199999999999999
zipf_alpha_0.5,100,ARC,61,6.6000000000000005
zipf_alpha_0.5,100,ARC,62,8.0
zipf_alpha_0.5,100,ARC,63,6.6000000000000005
zipf_alpha_0.5,100,ARC,64,5.5
zipf_alpha_0.5,100,ARC,65,7.000000000000001
zipf_alpha_0.5,100,ARC,66,6.800000000000001
zipf_alpha_0.5,100,ARC,67,7.3
zipf_alpha_0.5,100,ARC,68,5.5
zipf_alpha_0.5,100,ARC,69,5.8999999999999995
zipf_alpha_0.5,100,ARC,70,6.6000000000000005
zipf_alpha_0.5,100,ARC,71,4.3999999999999995
zipf_alpha_0.5,100,ARC,72,8.200000000000001
zipf_alpha_0.5,100,ARC,73,7.9
zipf_alpha_0.5,100,ARC,74,7.1
zipf_alpha_0.5,100,ARC,75,7.199999999999999
zipf_alpha_0.5,100,ARC,76,7.199999999999999
zipf_alpha_0.5,100,ARC,77,7.3
zipf_alpha_0.5,100,ARC,78,7.6
zipf_alpha_0.5,100,ARC,79,9.1
zipf_alpha_0.5,100,ARC,80,7.3
zipf_alpha_0.5,100,ARC,81,7.1
zipf_alpha_0.5,100,ARC,82,6.0
zipf_alpha_0.5,100,ARC,83,7.000000000000001
zipf_alpha_0.5,100,ARC,84,5.800000000000001
zipf_alpha_0.5,100,ARC,85,8.0
zipf_alpha_0.5,100,ARC,86,5.4
zipf_alpha_0.5,100,ARC,87,6.3
zipf_alpha_0.5,100,ARC,88,6.7
zipf_alpha_0.5,100,ARC,89,5.7
zipf_alpha_0.5,100,ARC,90,6.7
zipf_alpha_0.5,100,ARC,91,6.6000000000000005
zipf_alpha_0.5,100,ARC,92,4.8
zipf_alpha_0.5,100,ARC,93,7.1
zipf_alpha_0.5,100,ARC,94,6.2
zipf_alpha_0.5,100,ARC,95,6.800000000000001
zipf_alpha_0.5,100,ARC,96,6.1
zipf_alpha_0.5,100,ARC,97,7.1
zipf_alpha_0.5,100,ARC,98,7.1
zipf_alpha_0.5,100,ARC,99,5.8999999999999995
zipf_alpha_0.5,100,TIDE,0,2.7
zipf_alpha_0.5,100,TIDE,1,3.2
zipf_alpha_0.5,100,TIDE,2,5.0
zipf_alpha_0.5,100,TIDE,3,5.7
zipf_alpha_0.5,100,TIDE,4,5.800000000000001
zipf_alpha_0.5,100,TIDE,5,6.1
zipf_alpha_0.5,100,TIDE,6,5.5
zipf_alpha_0.5,100,TIDE,7,6.6000000000000005
zipf_alpha_0.5,100,TIDE,8,6.2
zipf_alpha_0.5,100,TIDE,9,7.000000000000001
zipf_alpha_0.5,100,TIDE,10,7.3999999999999995
zipf_alpha_0.5,100,TIDE,11,6.4
zipf_alpha_0.5,100,TIDE,12,6.4
zipf_alpha_0.5,100,TIDE,13,5.7
zipf_alpha_0.5,100,TIDE,14,8.200000000000001
zipf_alpha_0.5,100,TIDE,15,6.7
zipf_alpha_0.5,100,TIDE,16,7.8
zipf_alpha_0.5,100,TIDE,17,6.1
zipf_alpha_0.5,100,TIDE,18,6.1
zipf_alpha_0.5,100,TIDE,19,6.1
zipf_alpha_0.5,100,TIDE,20,6.5
zipf_alpha_0.5,100,TIDE,21,5.8999999999999995
zipf_alpha_0.5,100,TIDE,22,7.7
zipf_alpha_0.5,100,TIDE,23,5.3
zipf_alpha_0.5,100,TIDE,24,7.8
zipf_alpha_0.5,100,TIDE,25,7.7
zipf_alpha_0.5,100,TIDE,26,6.7
zipf_alpha_0.5,100,TIDE,27,6.6000000000000005
zipf_alpha_0.5,100,TIDE,28,5.6000000000000005
zipf_alpha_0.5,100,TIDE,29,6.4
zipf_alpha_0.5,100,TIDE,30,6.800000000000001
zipf_alpha_0.5,100,TIDE,31,7.8
zipf_alpha_0.5,100,TIDE,32,5.7
zipf_alpha_0.5,100,TIDE,33,6.3
zipf_alpha_0.5,100,TIDE,34,8.1
zipf_alpha_0.5,100,TIDE,35,6.7
zipf_alpha_0.5,100,TIDE,36,6.4
zipf_alpha_0.5,100,TIDE,37,6.5
zipf_alpha_0.5,100,TIDE,38,6.6000000000000005
zipf_alpha_0.5,100,TIDE,39,6.4
zipf_alpha_0.5,100,TIDE,40,6.7
zipf_alpha_0.5,100,TIDE,41,8.1
zipf_alpha_0.5,100,TIDE,42,7.6
zipf_alpha_0.5,100,TIDE,43,8.0
zipf_alpha_0.5,100,TIDE,44,6.6000000000000005
zipf_alpha_0.5,100,TIDE,45,9.2
zipf_alpha_0.5,100,TIDE,46,5.6000000000000005
zipf_alpha_0.5,100,TIDE,47,6.7
zipf_alpha_0.5,100,TIDE,48,6.7
zipf_alpha_0.5,100,TIDE,49,6.1
zipf_alpha_0.5,100,TIDE,50,6.1
zipf_alpha_0.5,100,TIDE,51,6.6000000000000005
zipf_alpha_0.5,100,TIDE,52,6.2
zipf_alpha_0.5,100,TIDE,53,7.6
zipf_alpha_0.5,100,TIDE,54,7.3
zipf_alpha_0.5,100,TIDE,55,7.3999999999999995
zipf_alpha_0.5,100,TIDE,56,7.3999999999999995
zipf_alpha_0.5,100,TIDE,57,7.5
zipf_alpha_0.5,100,TIDE,58,7.3
zipf_alpha_0.5,100,TIDE,59,8.3
zipf_alpha_0.5,100,TIDE,60,8.0
zipf_alpha_0.5,100,TIDE,61,6.3
zipf_alpha_0.5,100,TIDE,62,7.6
zipf_alpha_0.5,100,TIDE,63,6.800000000000001
zipf_alpha_0.5,100,TIDE,64,5.6000000000000005
zipf_alpha_0.5,100,TIDE,65,7.7
zipf_alpha_0.5,100,TIDE,66,7.000000000000001
zipf_alpha_0.5,100,TIDE,67,8.0
zipf_alpha_0.5,100,TIDE,68,6.7
zipf_alpha_0.5,100,TIDE,69,6.2
zipf_alpha_0.5,100,TIDE,70,7.3
zipf_alpha_0.5,100,TIDE,71,4.5
zipf_alpha_0.5,100,TIDE,72,8.1
zipf_alpha_0.5,100,TIDE,73,8.7
zipf_alpha_0.5,100,TIDE,74,7.3999999999999995
zipf_alpha_0.5,100,TIDE,75,7.6
zipf_alpha_0.5,100,TIDE,76,7.3999999999999995
zipf_alpha_0.5,100,TIDE,77,7.3999999999999995
zipf_alpha_0.5,100,TIDE,78,7.7
zipf_alpha_0.5,100,TIDE,79,9.6
zipf_alpha_0.5,100,TIDE,80,7.3
zipf_alpha_0.5,100,TIDE,81,7.8
zipf_alpha_0.5,100,TIDE,82,6.4
zipf_alpha_0.5,100,TIDE,83,7.9
zipf_alpha_0.5,100,TIDE,84,6.6000000000000005
zipf_alpha_0.5,100,TIDE,85,8.3
zipf_alpha_0.5,100,TIDE,86,7.5
zipf_alpha_0.5,100,TIDE,87,7.8
zipf_alpha_0.5,100,TIDE,88,7.8
zipf_alpha_0.5,100,TIDE,89,6.5
zipf_alpha_0.5,100,TIDE,90,7.1
zipf_alpha_0.5,100,TIDE,91,7.000000000000001
zipf_alpha_0.5,100,TIDE,92,6.0
zipf_alpha_0.5,100,TIDE,93,6.9
zipf_alpha_0.5,100,TIDE,94,7.6
zipf_alpha_0.5,100,TIDE,95,7.199999999999999
zipf_alpha_0.5,100,TIDE,96,6.9
zipf_alpha_0.5,100,TIDE,97,7.3999999999999995
zipf_alpha_0.5,100,TIDE,98,8.4
zipf_alpha_0.5,100,TIDE,99,6.2
zipf_alpha_0.5,998,ARC,0,9.0
zipf_alpha_0.5,998,ARC,1,18.3
zipf_alpha_0.5,998,ARC,2,18.8
zipf_alpha_0.5,998,ARC,3,17.9
zipf_alpha_0.5,998,ARC,4,21.0
zipf_alpha_0.5,998,ARC,5,21.0
zipf_alpha_0.5,998,ARC,6,21.5
zipf_alpha_0.5,998,ARC,7,20.9
zipf_alpha_0.5,998,ARC,8,23.400000000000002
zipf_alpha_0.5,998,ARC,9,22.3
zipf_alpha_0.5,998,ARC,10,22.1
zipf_alpha_0.5,998,ARC,11,24.9
zipf_alpha_0.5,998,ARC,12,22.1
zipf_alpha_0.5,998,ARC,13,21.2
zipf_alpha_0.5,998,ARC,14,25.7
zipf_alpha_0.5,998,ARC,15,24.0
zipf_alpha_0.5,998,ARC,16,25.2
zipf_alpha_0.5,998,ARC,17,24.3
zipf_alpha_0.5,998,ARC,18,24.6
zipf_alpha_0.5,998,ARC,19,25.5
zipf_alpha_0.5,998,ARC,20,23.200000000000003
zipf_alpha_0.5,998,ARC,21,20.8
zipf_alpha_0.5,998,ARC,22,24.4
zipf_alpha_0.5,998,ARC,23,22.3
zipf_alpha_0.5,998,ARC,24,25.0
zipf_alpha_0.5,998,ARC,25,24.9
zipf_alpha_0.5,998,ARC,26,23.9
zipf_alpha_0.5,998,ARC,27,25.8
zipf_alpha_0.5,998,ARC,28,23.599999999999998
zipf_alpha_0.5,998,ARC,29,23.200000000000003
zipf_alpha_0.5,998,ARC,30,25.2
zipf_alpha_0.5,998,ARC,31,24.4
zipf_alpha_0.5,998,ARC,32,23.400000000000002
zipf_alpha_0.5,998,ARC,33,24.3
zipf_alpha_0.5,998,ARC,34,25.2
zipf_alpha_0.5,998,ARC,35,24.5
zipf_alpha_0.5,998,ARC,36,24.7
zipf_alpha_0.5,998,ARC,37,23.200000000000003
zipf_alpha_0.5,998,ARC,38,24.8
zipf_alpha_0.5,998,ARC,39,25.3
zipf_alpha_0.5,998,ARC,40,24.2
zipf_alpha_0.5,998,ARC,41,24.0
zipf_alpha_0.5,998,ARC,42,22.5
zipf_alpha_0.5,998,ARC,43,26.6
zipf_alpha_0.5,998,ARC,44,24.5
zipf_alpha_0.5,998,ARC,45,26.1
zipf_alpha_0.5,998,ARC,46,21.3
zipf_alpha_0.5,998,ARC,47,25.900000000000002
zipf_alpha_0.5,998,ARC,48,23.7
zipf_alpha_0.5,998,ARC,49,23.0
zipf_alpha_0.5,998,ARC,50,24.2
zipf_alpha_0.5,998,ARC,51,21.6
zipf_alpha_0.5,998,ARC,52,23.1
zipf_alpha_0.5,998,ARC,53,26.5
zipf_alpha_0.5,998,ARC,54,23.5
zipf_alpha_0.5,998,ARC,55,23.599999999999998
zipf_alpha_0.5,998,ARC,56,22.900000000000002
zipf_alpha_0.5,998,ARC,57,25.6
zipf_alpha_0.5,998,ARC,58,22.8
zipf_alpha_0.5,998,ARC,59,23.599999999999998
zipf_alpha_0.5,998,ARC,60,24.3
zipf_alpha_0.5,998,ARC,61,22.900000000000002
zipf_alpha_0.5,998,ARC,62,21.9
zipf_alpha_0.5,998,ARC,63,22.5
zipf_alpha_0.5,998,ARC,64,23.400000000000002
zipf_alpha_0.5,998,ARC,65,25.2
zipf_alpha_0.5,998,ARC,66,22.3
zipf_alpha_0.5,998,ARC,67,23.0
zipf_alpha_0.5,998,ARC,68,24.099999999999998
zipf_alpha_0.5,998,ARC,69,23.3
zipf_alpha_0.5,998,ARC,70,23.400000000000002
zipf_alpha_0.5,998,ARC,71,21.7
zipf_alpha_0.5,998,ARC,72,25.8
zipf_alpha_0.5,998,ARC,73,24.7
zipf_alpha_0.5,998,ARC,74,21.8
zipf_alpha_0.5,998,ARC,75,23.400000000000002
zipf_alpha_0.5,998,ARC,76,23.7
zipf_alpha_0.5,998,ARC,77,23.3
zipf_alpha_0.5,998,ARC,78,24.6
zipf_alpha_0.5,998,ARC,79,25.2
zipf_alpha_0.5,998,ARC,80,23.200000000000003
zipf_alpha_0.5,998,ARC,81,23.1
zipf_alpha_0.5,998,ARC,82,21.6
zipf_alpha_0.5,998,ARC,83,25.1
zipf_alpha_0.5,998,ARC,84,23.200000000000003
zipf_alpha_0.5,998,ARC,85,24.2
zipf_alpha_0.5,998,ARC,86,23.1
zipf_alpha_0.5,998,ARC,87,23.200000000000003
zipf_alpha_0.5,998,ARC,88,25.0
zipf_alpha_0.5,998,ARC,89,23.3
zipf_alpha_0.5,998,ARC,90,23.3
zipf_alpha_0.5,998,ARC,91,23.1
zipf_alpha_0.5,998,ARC,92,22.7
zipf_alpha_0.5,998,ARC,93,24.6
zipf_alpha_0.5,998,ARC,94,23.599999999999998
zipf_alpha_0.5,998,ARC,95,25.2
zipf_alpha_0.5,998,ARC,96,24.8
zipf_alpha_0.5,998,ARC,97,23.1
zipf_alpha_0.5,998,ARC,98,25.6
zipf_alpha_0.5,998,ARC,99,22.6
zipf_alpha_0.5,998,TIDE,0,9.0
zipf_alpha_0.5,998,TIDE,1,18.3
zipf_alpha_0.5,998,TIDE,2,18.8
zipf_alpha_0.5,998,TIDE,3,17.9
zipf_alpha_0.5,998,TIDE,4,21.0
zipf_alpha_0.5,998,TIDE,5,21.0
zipf_alpha_0.5,998,TIDE,6,21.5
zipf_alpha_0.5,998,TIDE,7,20.9
zipf_alpha_0.5,998,TIDE,8,23.400000000000002
zipf_alpha_0.5,998,TIDE,9,21.9
zipf_alpha_0.5,998,TIDE,10,22.7
zipf_alpha_0.5,998,TIDE,11,24.7
zipf_alpha_0.5,998,TIDE,12,22.3
zipf_alpha_0.5,998,TIDE,13,22.7
zipf_alpha_0.5,998,TIDE,14,25.4
zipf_alpha_0.5,998,TIDE,15,24.2
zipf_alpha_0.5,998,TIDE,16,25.2
zipf_alpha_0.5,998,TIDE,17,26.3
zipf_alpha_0.5,998,TIDE,18,24.5
zipf_alpha_0.5,998,TIDE,19,27.6
zipf_alpha_0.5,998,TIDE,20,24.9
zipf_alpha_0.5,998,TIDE,21,23.599999999999998
zipf_alpha_0.5,998,TIDE,22,24.7
zipf_alpha_0.5,998,TIDE,23,22.7
zipf_alpha_0.5,998,TIDE,24,24.8
zipf_alpha_0.5,998,TIDE,25,26.8
zipf_alpha_0.5,998,TIDE,26,25.7
zipf_alpha_0.5,998,TIDE,27,27.400000000000002
zipf_alpha_0.5,998,TIDE,28,24.5
zipf_alpha_0.5,998,TIDE,29,25.6
zipf_alpha_0.5,998,TIDE,30,26.200000000000003
zipf_alpha_0.5,998,TIDE,31,25.8
zipf_alpha_0.5,998,TIDE,32,23.3
zipf_alpha_0.5,998,TIDE,33,25.3
zipf_alpha_0.5,998,TIDE,34,25.900000000000002
zipf_alpha_0.5,998,TIDE,35,26.400000000000002
zipf_alpha_0.5,998,TIDE,36,25.900000000000002
zipf_alpha_0.5,998,TIDE,37,25.6
zipf_alpha_0.5,998,TIDE,38,25.900000000000002
zipf_alpha_0.5,998,TIDE,39,25.8
zipf_alpha_0.5,998,TIDE,40,25.6
zipf_alpha_0.5,998,TIDE,41,26.0
zipf_alpha_0.5,998,TIDE,42,26.3
zipf_alpha_0.5,998,TIDE,43,27.3
zipf_alpha_0.5,998,TIDE,44,26.200000000000003
zipf_alpha_0.5,998,TIDE,45,28.1
zipf_alpha_0.5,998,TIDE,46,24.6
zipf_alpha_0.5,998,TIDE,47,26.1
zipf_alpha_0.5,998,TIDE,48,26.200000000000003
zipf_alpha_0.5,998,TIDE,49,26.400000000000002
zipf_alpha_0.5,998,TIDE,50,26.200000000000003
zipf_alpha_0.5,998,TIDE,51,25.3
zipf_alpha_0.5,998,TIDE,52,26.3
zipf_alpha_0.5,998,TIDE,53,28.599999999999998
zipf_alpha_0.5,998,TIDE,54,26.6
zipf_alpha_0.5,998,TIDE,55,25.4
zipf_alpha_0.5,998,TIDE,56,27.3
zipf_alpha_0.5,998,TIDE,57,27.400000000000002
zipf_alpha_0.5,998,TIDE,58,27.1
zipf_alpha_0.5,998,TIDE,59,27.700000000000003
zipf_alpha_0.5,998,TIDE,60,26.200000000000003
zipf_alpha_0.5,998,TIDE,61,25.6
zipf_alpha_0.5,998,TIDE,62,23.9
zipf_alpha_0.5,998,TIDE,63,26.900000000000002
zipf_alpha_0.5,998,TIDE,64,26.1
zipf_alpha_0.5,998,TIDE,65,27.700000000000003
zipf_alpha_0.5,998,TIDE,66,26.1
zipf_alpha_0.5,998,TIDE,67,25.0
zipf_alpha_0.5,998,TIDE,68,25.3
zipf_alpha_0.5,998,TIDE,69,26.400000000000002
zipf_alpha_0.5,998,TIDE,70,25.900000000000002
zipf_alpha_0.5,998,TIDE,71,25.4
zipf_alpha_0.5,998,TIDE,72,27.700000000000003
zipf_alpha_0.5,998,TIDE,73,27.400000000000002
zipf_alpha_0.5,998,TIDE,74,28.599999999999998
zipf_alpha_0.5,998,TIDE,75,28.000000000000004
zipf_alpha_0.5,998,TIDE,76,26.3
zipf_alpha_0.5,998,TIDE,77,27.1
zipf_alpha_0.5,998,TIDE,78,28.599999999999998
zipf_alpha_0.5,998,TIDE,79,29.2
zipf_alpha_0.5,998,TIDE,80,26.0
zipf_alpha_0.5,998,TIDE,81,27.400000000000002
zipf_alpha_0.5,998,TIDE,82,25.900000000000002
zipf_alpha_0.5,998,TIDE,83,26.400000000000002
zipf_alpha_0.5,998,TIDE,84,26.400000000000002
zipf_alpha_0.5,998,TIDE,85,28.7
zipf_alpha_0.5,998,TIDE,86,26.0
zipf_alpha_0.5,998,TIDE,87,26.8
zipf_alpha_0.5,998,TIDE,88,28.7
zipf_alpha_0.5,998,TIDE,89,29.5
zipf_alpha_0.5,998,TIDE,90,26.8
zipf_alpha_0.5,998,TIDE,91,26.700000000000003
zipf_alpha_0.5,998,TIDE,92,26.1
zipf_alpha_0.5,998,TIDE,93,27.1
zipf_alpha_0.5,998,TIDE,94,26.200000000000003
zipf_alpha_0.5,998,TIDE,95,28.1
zipf_alpha_0.5,998,TIDE,96,26.6
zipf_alpha_0.5,998,TIDE,97,25.8
zipf_alpha_0.5,998,TIDE,98,28.000000000000004
zipf_alpha_0.5,998,TIDE,99,24.099999999999998
zipf_alpha_0.8,16,ARC,0,9.700000000000001
zipf_alpha_0.8,16,ARC,1,12.2
zipf_alpha_0.8,16,ARC,2,13.600000000000001
zipf_alpha_0.8,16,ARC,3,16.1
zipf_alpha_0.8,16,ARC,4,13.3
zipf_alpha_0.8,16,ARC,5,13.8
zipf_alpha_0.8,16,ARC,6,12.6
zipf_alpha_0.8,16,ARC,7,13.5
zipf_alpha_0.8,16,ARC,8,15.5
zipf_alpha_0.8,16,ARC,9,13.3
zipf_alpha_0.8,16,ARC,10,12.6
zipf_alpha_0.8,16,ARC,11,13.4
zipf_alpha_0.8,16,ARC,12,12.9
zipf_alpha_0.8,16,ARC,13,13.0
zipf_alpha_0.8,16,ARC,14,13.0
zipf_alpha_0.8,16,ARC,15,17.0
zipf_alpha_0.8,16,ARC,16,13.900000000000002
zipf_alpha_0.8,16,ARC,17,14.2
zipf_alpha_0.8,16,ARC,18,14.6
zipf_alpha_0.8,16,ARC,19,12.8
zipf_alpha_0.8,16,ARC,20,12.9
zipf_alpha_0.8,16,ARC,21,13.600000000000001
zipf_alpha_0.8,16,ARC,22,14.000000000000002
zipf_alpha_0.8,16,ARC,23,12.8
zipf_alpha_0.8,16,ARC,24,14.099999999999998
zipf_alpha_0.8,16,ARC,25,10.299999999999999
zipf_alpha_0.8,16,ARC,26,13.3
zipf_alpha_0.8,16,ARC,27,12.2
zipf_alpha_0.8,16,ARC,28,12.0
zipf_alpha_0.8,16,ARC,29,11.899999999999999
zipf_alpha_0.8,16,ARC,30,12.7
zipf_alpha_0.8,16,ARC,31,14.299999999999999
zipf_alpha_0.8,16,ARC,32,11.700000000000001
zipf_alpha_0.8,16,ARC,33,14.899999999999999
zipf_alpha_0.8,16,ARC,34,12.8
zipf_alpha_0.8,16,ARC,35,14.299999999999999
zipf_alpha_0.8,16,ARC,36,15.8
zipf_alpha_0.8,16,ARC,37,12.1
zipf_alpha_0.8,16,ARC,38,11.600000000000001
zipf_alpha_0.8,16,ARC,39,11.200000000000001
zipf_alpha_0.8,16,ARC,40,12.7
zipf_alpha_0.8,16,ARC,41,14.499999999999998
zipf_alpha_0.8,16,ARC,42,14.399999999999999
zipf_alpha_0.8,16,ARC,43,14.2
zipf_alpha_0.8,16,ARC,44,13.8
zipf_alpha_0.8,16,ARC,45,14.7
zipf_alpha_0.8,16,ARC,46,13.100000000000001
zipf_alpha_0.8,16,ARC,47,12.8
zipf_alpha_0.8,16,ARC,48,13.600000000000001
zipf_alpha_0.8,16,ARC,49,13.3
zipf_alpha_0.8,16,ARC,50,12.5
zipf_alpha_0.8,16,ARC,51,11.3
zipf_alpha_0.8,16,ARC,52,12.7
zipf_alpha_0.8,16,ARC,53,15.4
zipf_alpha_0.8,16,ARC,54,11.1
zipf_alpha_0.8,16,ARC,55,11.4
zipf_alpha_0.8,16,ARC,56,11.600000000000001
zipf_alpha_0.8,16,ARC,57,12.2
zipf_alpha_0.8,16,ARC,58,13.700000000000001
zipf_alpha_0.8,16,ARC,59,13.100000000000001
zipf_alpha_0.8,16,ARC,60,11.600000000000001
zipf_alpha_0.8,16,ARC,61,13.100000000000001
zipf_alpha_0.8,16,ARC,62,12.7
zipf_alpha_0.8,16,ARC,63,15.1
zipf_alpha_0.8,16,ARC,64,13.0
zipf_alpha_0.8,16,ARC,65,13.8
zipf_alpha_0.8,16,ARC,66,14.799999999999999
zipf_alpha_0.8,16,ARC,67,11.799999999999999
zipf_alpha_0.8,16,ARC,68,13.600000000000001
zipf_alpha_0.8,16,ARC,69,13.3
zipf_alpha_0.8,16,ARC,70,14.2
zipf_alpha_0.8,16,ARC,71,10.8
zipf_alpha_0.8,16,ARC,72,14.799999999999999
zipf_alpha_0.8,16,ARC,73,12.6
zipf_alpha_0.8,16,ARC,74,14.799999999999999
zipf_alpha_0.8,16,ARC,75,13.8
zipf_alpha_0.8,16,ARC,76,11.799999999999999
zipf_alpha_0.8,16,ARC,77,13.700000000000001
zipf_alpha_0.8,16,ARC,78,12.4
zipf_alpha_0.8,16,ARC,79,14.7
zipf_alpha_0.8,16,ARC,80,15.1
zipf_alpha_0.8,16,ARC,81,15.1
zipf_alpha_0.8,16,ARC,82,12.0
zipf_alpha_0.8,16,ARC,83,14.499999999999998
zipf_alpha_0.8,16,ARC,84,15.0
zipf_alpha_0.8,16,ARC,85,14.6
zipf_alpha_0.8,16,ARC,86,13.8
zipf_alpha_0.8,16,ARC,87,14.799999999999999
zipf_alpha_0.8,16,ARC,88,15.1
zipf_alpha_0.8,16,ARC,89,13.100000000000001
zipf_alpha_0.8,16,ARC,90,12.6
zipf_alpha_0.8,16,ARC,91,13.4
zipf_alpha_0.8,16,ARC,92,12.1
zipf_alpha_0.8,16,ARC,93,14.499999999999998
zipf_alpha_0.8,16,ARC,94,15.7
zipf_alpha_0.8,16,ARC,95,14.399999999999999
zipf_alpha_0.8,16,ARC,96,11.5
zipf_alpha_0.8,16,ARC,97,13.5
zipf_alpha_0.8,16,ARC,98,12.9
zipf_alpha_0.8,16,ARC,99,12.5
zipf_alpha_0.8,16,TIDE,0,9.700000000000001
zipf_alpha_0.8,16,TIDE,1,12.2
zipf_alpha_0.8,16,TIDE,2,13.4
zipf_alpha_0.8,16,TIDE,3,16.3
zipf_alpha_0.8,16,TIDE,4,13.200000000000001
zipf_alpha_0.8,16,TIDE,5,14.799999999999999
zipf_alpha_0.8,16,TIDE,6,14.299999999999999
zipf_alpha_0.8,16,TIDE,7,14.499999999999998
zipf_alpha_0.8,16,TIDE,8,15.2
zipf_alpha_0.8,16,TIDE,9,14.799999999999999
zipf_alpha_0.8,16,TIDE,10,13.4
zipf_alpha_0.8,16,TIDE,11,13.900000000000002
zipf_alpha_0.8,16,TIDE,12,15.2
zipf_alpha_0.8,16,TIDE,13,13.5
zipf_alpha_0.8,16,TIDE,14,14.099999999999998
zipf_alpha_0.8,16,TIDE,15,17.7
zipf_alpha_0.8,16,TIDE,16,13.8
zipf_alpha_0.8,16,TIDE,17,14.499999999999998
zipf_alpha_0.8,16,TIDE,18,16.400000000000002
zipf_alpha_0.8,16,TIDE,19,13.700000000000001
zipf_alpha_0.8,16,TIDE,20,15.0
zipf_alpha_0.8,16,TIDE,21,14.799999999999999
zipf_alpha_0.8,16,TIDE,22,14.499999999999998
zipf_alpha_0.8,16,TIDE,23,12.9
zipf_alpha_0.8,16,TIDE,24,14.099999999999998
zipf_alpha_0.8,16,TIDE,25,12.0
zipf_alpha_0.8,16,TIDE,26,15.4
zipf_alpha_0.8,16,TIDE,27,13.100000000000001
zipf_alpha_0.8,16,TIDE,28,13.200000000000001
zipf_alpha_0.8,16,TIDE,29,13.4
zipf_alpha_0.8,16,TIDE,30,15.4
zipf_alpha_0.8,16,TIDE,31,15.4
zipf_alpha_0.8,16,TIDE,32,12.7
zipf_alpha_0.8,16,TIDE,33,16.2
zipf_alpha_0.8,16,TIDE,34,14.000000000000002
zipf_alpha_0.8,16,TIDE,35,13.700000000000001
zipf_alpha_0.8,16,TIDE,36,16.5
zipf_alpha_0.8,16,TIDE,37,13.5
zipf_alpha_0.8,16,TIDE,38,14.000000000000002
zipf_alpha_0.8,16,TIDE,39,13.200000000000001
zipf_alpha_0.8,16,TIDE,40,14.299999999999999
zipf_alpha_0.8,16,TIDE,41,14.799999999999999
zipf_alpha_0.8,16,TIDE,42,15.2
zipf_alpha_0.8,16,TIDE,43,15.1
zipf_alpha_0.8,16,TIDE,44,14.7
zipf_alpha_0.8,16,TIDE,45,14.7
zipf_alpha_0.8,16,TIDE,46,14.6
zipf_alpha_0.8,16,TIDE,47,13.3
zipf_alpha_0.8,16,TIDE,48,14.2
zipf_alpha_0.8,16,TIDE,49,15.2
zipf_alpha_0.8,16,TIDE,50,13.600000000000001
zipf_alpha_0.8,16,TIDE,51,11.799999999999999
zipf_alpha_0.8,16,TIDE,52,14.399999999999999
zipf_alpha_0.8,16,TIDE,53,16.0
zipf_alpha_0.8,16,TIDE,54,13.200000000000001
zipf_alpha_0.8,16,TIDE,55,12.9
zipf_alpha_0.8,16,TIDE,56,13.0
zipf_alpha_0.8,16,TIDE,57,13.900000000000002
zipf_alpha_0.8,16,TIDE,58,15.9
zipf_alpha_0.8,16,TIDE,59,15.6
zipf_alpha_0.8,16,TIDE,60,13.200000000000001
zipf_alpha_0.8,16,TIDE,61,14.099999999999998
zipf_alpha_0.8,16,TIDE,62,13.700000000000001
zipf_alpha_0.8,16,TIDE,63,16.0
zipf_alpha_0.8,16,TIDE,64,14.399999999999999
zipf_alpha_0.8,16,TIDE,65,14.2
zipf_alpha_0.8,16,TIDE,66,15.6
zipf_alpha_0.8,16,TIDE,67,13.5
zipf_alpha_0.8,16,TIDE,68,15.7
zipf_alpha_0.8,16,TIDE,69,14.6
zipf_alpha_0.8,16,TIDE,70,15.2
zipf_alpha_0.8,16,TIDE,71,12.1
zipf_alpha_0.8,16,TIDE,72,15.0
zipf_alpha_0.8,16,TIDE,73,13.700000000000001
zipf_alpha_0.8,16,TIDE,74,15.4
zipf_alpha_0.8,16,TIDE,75,15.0
zipf_alpha_0.8,16,TIDE,76,12.6
zipf_alpha_0.8,16,TIDE,77,15.1
zipf_alpha_0.8,16,TIDE,78,13.5
zipf_alpha_0.8,16,TIDE,79,15.4
zipf_alpha_0.8,16,TIDE,80,15.6
zipf_alpha_0.8,16,TIDE,81,16.8
zipf_alpha_0.8,16,TIDE,82,13.5
zipf_alpha_0.8,16,TIDE,83,16.7
zipf_alpha_0.8,16,TIDE,84,15.7
zipf_alpha_0.8,16,TIDE,85,16.6
zipf_alpha_0.8,16,TIDE,86,14.299999999999999
zipf_alpha_0.8,16,TIDE,87,16.5
zipf_alpha_0.8,16,TIDE,88,16.1
zipf_alpha_0.8,16,TIDE,89,15.0
zipf_alpha_0.8,16,TIDE,90,14.499999999999998
zipf_alpha_0.8,16,TIDE,91,16.3
zipf_alpha_0.8,16,TIDE,92,13.5
zipf_alpha_0.8,16,TIDE,93,15.7
zipf_alpha_0.8,16,TIDE,94,16.3
zipf_alpha_0.8,16,TIDE,95,15.2
zipf_alpha_0.8,16,TIDE,96,13.100000000000001
zipf_alpha_0.8,16,TIDE,97,15.8
zipf_alpha_0.8,16,TIDE,98,13.700000000000001
zipf_alpha_0.8,16,TIDE,99,14.2
zipf_alpha_0.8,97,ARC,0,20.1
zipf_alpha_0.8,97,ARC,1,21.8
zipf_alpha_0.8,97,ARC,2,25.900000000000002
zipf_alpha_0.8,97,ARC,3,27.1
zipf_alpha_0.8,97,ARC,4,25.0
zipf_alpha_0.8,97,ARC,5,24.0
zipf_alpha_0.8,97,ARC,6,24.3
zipf_alpha_0.8,97,ARC,7,24.8
zipf_alpha_0.8,97,ARC,8,26.700000000000003
zipf_alpha_0.8,97,ARC,9,27.1
zipf_alpha_0.8,97,ARC,10,26.1
zipf_alpha_0.8,97,ARC,11,25.1
zipf_alpha_0.8,97,ARC,12,28.4
zipf_alpha_0.8,97,ARC,13,26.8
zipf_alpha_0.8,97,ARC,14,26.200000000000003
zipf_alpha_0.8,97,ARC,15,28.9
zipf_alpha_0.8,97,ARC,16,25.1
zipf_alpha_0.8,97,ARC,17,25.7
zipf_alpha_0.8,97,ARC,18,27.200000000000003
zipf_alpha_0.8,97,ARC,19,25.5
zipf_alpha_0.8,97,ARC,20,26.8
zipf_alpha_0.8,97,ARC,21,25.0
zipf_alpha_0.8,97,ARC,22,25.0
zipf_alpha_0.8,97,ARC,23,26.700000000000003
zipf_alpha_0.8,97,ARC,24,26.0
zipf_alpha_0.8,97,ARC,25,26.3
zipf_alpha_0.8,97,ARC,26,27.3
zipf_alpha_0.8,97,ARC,27,25.8
zipf_alpha_0.8,97,ARC,28,26.6
zipf_alpha_0.8,97,ARC,29,25.6
zipf_alpha_0.8,97,ARC,30,27.200000000000003
zipf_alpha_0.8,97,ARC,31,28.4
zipf_alpha_0.8,97,ARC,32,25.3
zipf_alpha_0.8,97,ARC,33,28.7
zipf_alpha_0.8,97,ARC,34,26.0
zipf_alpha_0.8,97,ARC,35,26.900000000000002
zipf_alpha_0.8,97,ARC,36,29.7
zipf_alpha_0.8,97,ARC,37,26.8
zipf_alpha_0.8,97,ARC,38,27.900000000000002
zipf_alpha_0.8,97,ARC,39,26.200000000000003
zipf_alpha_0.8,97,ARC,40,25.0
zipf_alpha_0.8,97,ARC,41,28.499999999999996
zipf_alpha_0.8,97,ARC,42,27.500000000000004
zipf_alpha_0.8,97,ARC,43,27.0
zipf_alpha_0.8,97,ARC,44,25.6
zipf_alpha_0.8,97,ARC,45,28.199999999999996
zipf_alpha_0.8,97,ARC,46,25.7
zipf_alpha_0.8,97,ARC,47,27.800000000000004
zipf_alpha_0.8,97,ARC,48,27.0
zipf_alpha_0.8,97,ARC,49,27.0
zipf_alpha_0.8,97,ARC,50,26.3
zipf_alpha_0.8,97,ARC,51,24.3
zipf_alpha_0.8,97,ARC,52,26.400000000000002
zipf_alpha_0.8,97,ARC,53,29.799999999999997
zipf_alpha_0.8,97,ARC,54,26.900000000000002
zipf_alpha_0.8,97,ARC,55,27.500000000000004
zipf_alpha_0.8,97,ARC,56,25.1
zipf_alpha_0.8,97,ARC,57,26.200000000000003
zipf_alpha_0.8,97,ARC,58,28.199999999999996
zipf_alpha_0.8,97,ARC,59,29.099999999999998
zipf_alpha_0.8,97,ARC,60,26.5
zipf_alpha_0.8,97,ARC,61,26.6
zipf_alpha_0.8,97,ARC,62,25.5
zipf_alpha_0.8,97,ARC,63,27.6
zipf_alpha_0.8,97,ARC,64,27.500000000000004
zipf_alpha_0.8,97,ARC,65,25.4
zipf_alpha_0.8,97,ARC,66,27.500000000000004
zipf_alpha_0.8,97,ARC,67,26.400000000000002
zipf_alpha_0.8,97,ARC,68,27.200000000000003
zipf_alpha_0.8,97,ARC,69,26.5
zipf_alpha_0.8,97,ARC,70,25.7
zipf_alpha_0.8,97,ARC,71,22.8
zipf_alpha_0.8,97,ARC,72,26.6
zipf_alpha_0.8,97,ARC,73,26.0
zipf_alpha_0.8,97,ARC,74,27.400000000000002
zipf_alpha_0.8,97,ARC,75,26.200000000000003
zipf_alpha_0.8,97,ARC,76,23.7
zipf_alpha_0.8,97,ARC,77,27.0
zipf_alpha_0.8,97,ARC,78,25.5
zipf_alpha_0.8,97,ARC,79,28.1
zipf_alpha_0.8,97,ARC,80,26.700000000000003
zipf_alpha_0.8,97,ARC,81,26.6
zipf_alpha_0.8,97,ARC,82,24.8
zipf_alpha_0.8,97,ARC,83,29.7
zipf_alpha_0.8,97,ARC,84,28.7
zipf_alpha_0.8,97,ARC,85,26.1
zipf_alpha_0.8,97,ARC,86,24.2
zipf_alpha_0.8,97,ARC,87,27.6
zipf_alpha_0.8,97,ARC,88,27.0
zipf_alpha_0.8,97,ARC,89,25.5
zipf_alpha_0.8,97,ARC,90,23.9
zipf_alpha_0.8,97,ARC,91,28.000000000000004
zipf_alpha_0.8,97,ARC,92,24.5
zipf_alpha_0.8,97,ARC,93,26.0
zipf_alpha_0.8,97,ARC,94,26.900000000000002
zipf_alpha_0.8,97,ARC,95,26.1
zipf_alpha_0.8,97,ARC,96,27.1
zipf_alpha_0.8,97,ARC,97,26.5
zipf_alpha_0.8,97,ARC,98,24.4
zipf_alpha_0.8,97,ARC,99,25.6
zipf_alpha_0.8,97,TIDE,0,20.1
zipf_alpha_0.8,97,TIDE,1,21.8
zipf_alpha_0.8,97,TIDE,2,25.900000000000002
zipf_alpha_0.8,97,TIDE,3,27.400000000000002
zipf_alpha_0.8,97,TIDE,4,25.6
zipf_alpha_0.8,97,TIDE,5,26.0
zipf_alpha_0.8,97,TIDE,6,25.6
zipf_alpha_0.8,97,TIDE,7,26.200000000000003
zipf_alpha_0.8,97,TIDE,8,27.400000000000002
zipf_alpha_0.8,97,TIDE,9,28.799999999999997
zipf_alpha_0.8,97,TIDE,10,27.900000000000002
zipf_alpha_0.8,97,TIDE,11,27.0
zipf_alpha_0.8,97,TIDE,12,29.4
zipf_alpha_0.8,97,TIDE,13,27.400000000000002
zipf_alpha_0.8,97,TIDE,14,26.900000000000002
zipf_alpha_0.8,97,TIDE,15,30.5
zipf_alpha_0.8,97,TIDE,16,26.1
zipf_alpha_0.8,97,TIDE,17,27.1
zipf_alpha_0.8,97,TIDE,18,28.9
zipf_alpha_0.8,97,TIDE,19,25.4
zipf_alpha_0.8,97,TIDE,20,28.1
zipf_alpha_0.8,97,TIDE,21,27.3
zipf_alpha_0.8,97,TIDE,22,26.400000000000002
zipf_alpha_0.8,97,TIDE,23,28.000000000000004
zipf_alpha_0.8,97,TIDE,24,27.0
zipf_alpha_0.8,97,TIDE,25,25.5
zipf_alpha_0.8,97,TIDE,26,28.499999999999996
zipf_alpha_0.8,97,TIDE,27,26.5
zipf_alpha_0.8,97,TIDE,28,27.700000000000003
zipf_alpha_0.8,97,TIDE,29,26.1
zipf_alpha_0.8,97,TIDE,30,28.000000000000004
zipf_alpha_0.8,97,TIDE,31,29.799999999999997
zipf_alpha_0.8,97,TIDE,32,26.900000000000002
zipf_alpha_0.8,97,TIDE,33,28.1
zipf_alpha_0.8,97,TIDE,34,27.700000000000003
zipf_alpha_0.8,97,TIDE,35,28.000000000000004
zipf_alpha_0.8,97,TIDE,36,31.900000000000002
zipf_alpha_0.8,97,TIDE,37,28.199999999999996
zipf_alpha_0.8,97,TIDE,38,28.599999999999998
zipf_alpha_0.8,97,TIDE,39,26.900000000000002
zipf_alpha_0.8,97,TIDE,40,26.3
zipf_alpha_0.8,97,TIDE,41,27.700000000000003
zipf_alpha_0.8,97,TIDE,42,28.799999999999997
zipf_alpha_0.8,97,TIDE,43,27.400000000000002
zipf_alpha_0.8,97,TIDE,44,25.7
zipf_alpha_0.8,97,TIDE,45,29.5
zipf_alpha_0.8,97,TIDE,46,26.400000000000002
zipf_alpha_0.8,97,TIDE,47,28.799999999999997
zipf_alpha_0.8,97,TIDE,48,28.1
zipf_alpha_0.8,97,TIDE,49,29.2
zipf_alpha_0.8,97,TIDE,50,25.3
zipf_alpha_0.8,97,TIDE,51,24.6
zipf_alpha_0.8,97,TIDE,52,26.700000000000003
zipf_alpha_0.8,97,TIDE,53,30.4
zipf_alpha_0.8,97,TIDE,54,27.500000000000004
zipf_alpha_0.8,97,TIDE,55,29.099999999999998
zipf_alpha_0.8,97,TIDE,56,26.900000000000002
zipf_alpha_0.8,97,TIDE,57,28.199999999999996
zipf_alpha_0.8,97,TIDE,58,30.2
zipf_alpha_0.8,97,TIDE,59,29.4
zipf_alpha_0.8,97,TIDE,60,27.3
zipf_alpha_0.8,97,TIDE,61,28.199999999999996
zipf_alpha_0.8,97,TIDE,62,26.900000000000002
zipf_alpha_0.8,97,TIDE,63,28.299999999999997
zipf_alpha_0.8,97,TIDE,64,28.799999999999997
zipf_alpha_0.8,97,TIDE,65,26.0
zipf_alpha_0.8,97,TIDE,66,28.499999999999996
zipf_alpha_0.8,97,TIDE,67,25.900000000000002
zipf_alpha_0.8,97,TIDE,68,28.000000000000004
zipf_alpha_0.8,97,TIDE,69,28.299999999999997
zipf_alpha_0.8,97,TIDE,70,26.6
zipf_alpha_0.8,97,TIDE,71,23.799999999999997
zipf_alpha_0.8,97,TIDE,72,27.800000000000004
zipf_alpha_0.8,97,TIDE,73,26.900000000000002
zipf_alpha_0.8,97,TIDE,74,28.199999999999996
zipf_alpha_0.8,97,TIDE,75,27.800000000000004
zipf_alpha_0.8,97,TIDE,76,25.3
zipf_alpha_0.8,97,TIDE,77,27.700000000000003
zipf_alpha_0.8,97,TIDE,78,27.400000000000002
zipf_alpha_0.8,97,TIDE,79,28.199999999999996
zipf_alpha_0.8,97,TIDE,80,26.8
zipf_alpha_0.8,97,TIDE,81,27.900000000000002
zipf_alpha_0.8,97,TIDE,82,26.400000000000002
zipf_alpha_0.8,97,TIDE,83,30.099999999999998
zipf_alpha_0.8,97,TIDE,84,30.599999999999998
zipf_alpha_0.8,97,TIDE,85,26.8
zipf_alpha_0.8,97,TIDE,86,26.700000000000003
zipf_alpha_0.8,97,TIDE,87,28.4
zipf_alpha_0.8,97,TIDE,88,27.800000000000004
zipf_alpha_0.8,97,TIDE,89,25.900000000000002
zipf_alpha_0.8,97,TIDE,90,25.8
zipf_alpha_0.8,97,TIDE,91,29.299999999999997
zipf_alpha_0.8,97,TIDE,92,24.7
zipf_alpha_0.8,97,TIDE,93,27.900000000000002
zipf_alpha_0.8,97,TIDE,94,27.700000000000003
zipf_alpha_0.8,97,TIDE,95,27.200000000000003
zipf_alpha_0.8,97,TIDE,96,28.299999999999997
zipf_alpha_0.8,97,TIDE,97,28.000000000000004
zipf_alpha_0.8,97,TIDE,98,26.5
zipf_alpha_0.8,97,TIDE,99,27.0
zipf_alpha_0.8,968,ARC,0,29.5
zipf_alpha_0.8,968,ARC,1,42.4
zipf_alpha_0.8,968,ARC,2,44.9
zipf_alpha_0.8,968,ARC,3,46.2
zipf_alpha_0.8,968,ARC,4,43.9
zipf_alpha_0.8,968,ARC,5,47.199999999999996
zipf_alpha_0.8,968,ARC,6,47.9
zipf_alpha_0.8,968,ARC,7,46.6
zipf_alpha_0.8,968,ARC,8,50.1
zipf_alpha_0.8,968,ARC,9,50.2
zipf_alpha_0.8,968,ARC,10,49.9
zipf_alpha_0.8,968,ARC,11,49.1
zipf_alpha_0.8,968,ARC,12,52.800000000000004
zipf_alpha_0.8,968,ARC,13,49.0
zipf_alpha_0.8,968,ARC,14,51.4
zipf_alpha_0.8,968,ARC,15,53.300000000000004
zipf_alpha_0.8,968,ARC,16,51.800000000000004
zipf_alpha_0.8,968,ARC,17,49.0
zipf_alpha_0.8,968,ARC,18,50.5
zipf_alpha_0.8,968,ARC,19,50.1
zipf_alpha_0.8,968,ARC,20,51.1
zipf_alpha_0.8,968,ARC,21,51.9
zipf_alpha_0.8,968,ARC,22,48.199999999999996
zipf_alpha_0.8,968,ARC,23,50.4
zipf_alpha_0.8,968,ARC,24,51.300000000000004
zipf_alpha_0.8,968,ARC,25,49.7
zipf_alpha_0.8,968,ARC,26,50.7
zipf_alpha_0.8,968,ARC,27,49.5
zipf_alpha_0.8,968,ARC,28,52.1
zipf_alpha_0.8,968,ARC,29,51.5
zipf_alpha_0.8,968,ARC,30,53.0
zipf_alpha_0.8,968,ARC,31,52.300000000000004
zipf_alpha_0.8,968,ARC,32,51.0
zipf_alpha_0.8,968,ARC,33,52.400000000000006
zipf_alpha_0.8,968,ARC,34,50.2
zipf_alpha_0.8,968,ARC,35,50.1
zipf_alpha_0.8,968,ARC,36,53.900000000000006
zipf_alpha_0.8,968,ARC,37,52.6
zipf_alpha_0.8,968,ARC,38,52.400000000000006
zipf_alpha_0.8,968,ARC,39,48.6
zipf_alpha_0.8,968,ARC,40,49.8
zipf_alpha_0.8,968,ARC,41,53.0
zipf_alpha_0.8,968,ARC,42,50.9
zipf_alpha_0.8,968,ARC,43,49.8
zipf_alpha_0.8,968,ARC,44,51.300000000000004
zipf_alpha_0.8,968,ARC,45,52.800000000000004
zipf_alpha_0.8,968,ARC,46,51.2
zipf_alpha_0.8,968,ARC,47,53.300000000000004
zipf_alpha_0.8,968,ARC,48,51.1
zipf_alpha_0.8,968,ARC,49,52.6
zipf_alpha_0.8,968,ARC,50,51.300000000000004
zipf_alpha_0.8,968,ARC,51,48.4
zipf_alpha_0.8,968,ARC,52,47.8
zipf_alpha_0.8,968,ARC,53,50.7
zipf_alpha_0.8,968,ARC,54,49.4
zipf_alpha_0.8,968,ARC,55,51.800000000000004
zipf_alpha_0.8,968,ARC,56,52.400000000000006
zipf_alpha_0.8,968,ARC,57,49.4
zipf_alpha_0.8,968,ARC,58,50.4
zipf_alpha_0.8,968,ARC,59,54.6
zipf_alpha_0.8,968,ARC,60,50.5
zipf_alpha_0.8,968,ARC,61,50.7
zipf_alpha_0.8,968,ARC,62,48.5
zipf_alpha_0.8,968,ARC,63,49.9
zipf_alpha_0.8,968,ARC,64,54.300000000000004
zipf_alpha_0.8,968,ARC,65,51.0
zipf_alpha_0.8,968,ARC,66,51.5
zipf_alpha_0.8,968,ARC,67,49.9
zipf_alpha_0.8,968,ARC,68,50.5
zipf_alpha_0.8,968,ARC,69,51.9
zipf_alpha_0.8,968,ARC,70,54.50000000000001
zipf_alpha_0.8,968,ARC,71,48.4
zipf_alpha_0.8,968,ARC,72,51.6
zipf_alpha_0.8,968,ARC,73,52.5
zipf_alpha_0.8,968,ARC,74,51.5
zipf_alpha_0.8,968,ARC,75,52.1
zipf_alpha_0.8,968,ARC,76,49.6
zipf_alpha_0.8,968,ARC,77,50.6
zipf_alpha_0.8,968,ARC,78,49.2
zipf_alpha_0.8,968,ARC,79,54.1
zipf_alpha_0.8,968,ARC,80,51.6
zipf_alpha_0.8,968,ARC,81,50.1
zipf_alpha_0.8,968,ARC,82,46.9
zipf_alpha_0.8,968,ARC,83,53.7
zipf_alpha_0.8,968,ARC,84,52.0
zipf_alpha_0.8,968,ARC,85,50.6
zipf_alpha_0.8,968,ARC,86,51.6
zipf_alpha_0.8,968,ARC,87,52.7
zipf_alpha_0.8,968,ARC,88,49.7
zipf_alpha_0.8,968,ARC,89,49.1
zipf_alpha_0.8,968,ARC,90,49.3
zipf_alpha_0.8,968,ARC,91,51.300000000000004
zipf_alpha_0.8,968,ARC,92,46.800000000000004
zipf_alpha_0.8,968,ARC,93,51.6
zipf_alpha_0.8,968,ARC,94,52.300000000000004
zipf_alpha_0.8,968,ARC,95,50.2
zipf_alpha_0.8,968,ARC,96,51.7
zipf_alpha_0.8,968,ARC,97,50.2
zipf_alpha_0.8,968,ARC,98,49.1
zipf_alpha_0.8,968,ARC,99,48.8
zipf_alpha_0.8,968,TIDE,0,29.5
zipf_alpha_0.8,968,TIDE,1,42.4
zipf_alpha_0.8,968,TIDE,2,44.9
zipf_alpha_0.8,968,TIDE,3,46.2
zipf_alpha_0.8,968,TIDE,4,43.9
zipf_alpha_0.8,968,TIDE,5,47.199999999999996
zipf_alpha_0.8,968,TIDE,6,47.9
zipf_alpha_0.8,968,TIDE,7,46.6
zipf_alpha_0.8,968,TIDE,8,50.1
zipf_alpha_0.8,968,TIDE,9,50.2
zipf_alpha_0.8,968,TIDE,10,49.9
zipf_alpha_0.8,968,TIDE,11,49.6
zipf_alpha_0.8,968,TIDE,12,52.7
zipf_alpha_0.8,968,TIDE,13,49.8
zipf_alpha_0.8,968,TIDE,14,52.5
zipf_alpha_0.8,968,TIDE,15,53.5
zipf_alpha_0.8,968,TIDE,16,52.1
zipf_alpha_0.8,968,TIDE,17,49.1
zipf_alpha_0.8,968,TIDE,18,51.9
zipf_alpha_0.8,968,TIDE,19,51.7
zipf_alpha_0.8,968,TIDE,20,52.0
zipf_alpha_0.8,968,TIDE,21,52.800000000000004
zipf_alpha_0.8,968,TIDE,22,49.4
zipf_alpha_0.8,968,TIDE,23,51.300000000000004
zipf_alpha_0.8,968,TIDE,24,50.7
zipf_alpha_0.8,968,TIDE,25,50.6
zipf_alpha_0.8,968,TIDE,26,50.4
zipf_alpha_0.8,968,TIDE,27,50.8
zipf_alpha_0.8,968,TIDE,28,52.900000000000006
zipf_alpha_0.8,968,TIDE,29,52.5
zipf_alpha_0.8,968,TIDE,30,52.900000000000006
zipf_alpha_0.8,968,TIDE,31,52.900000000000006
zipf_alpha_0.8,968,TIDE,32,50.8
zipf_alpha_0.8,968,TIDE,33,52.7
zipf_alpha_0.8,968,TIDE,34,51.6
zipf_alpha_0.8,968,TIDE,35,52.7
zipf_alpha_0.8,968,TIDE,36,56.00000000000001
zipf_alpha_0.8,968,TIDE,37,53.2
zipf_alpha_0.8,968,TIDE,38,54.0
zipf_alpha_0.8,968,TIDE,39,51.2
zipf_alpha_0.8,968,TIDE,40,51.800000000000004
zipf_alpha_0.8,968,TIDE,41,54.2
zipf_alpha_0.8,968,TIDE,42,53.0
zipf_alpha_0.8,968,TIDE,43,52.2
zipf_alpha_0.8,968,TIDE,44,53.5
zipf_alpha_0.8,968,TIDE,45,53.1
zipf_alpha_0.8,968,TIDE,46,52.6
zipf_alpha_0.8,968,TIDE,47,53.400000000000006
zipf_alpha_0.8,968,TIDE,48,52.1
zipf_alpha_0.8,968,TIDE,49,54.6
zipf_alpha_0.8,968,TIDE,50,53.0
zipf_alpha_0.8,968,TIDE,51,49.1
zipf_alpha_0.8,968,TIDE,52,51.5
zipf_alpha_0.8,968,TIDE,53,52.400000000000006
zipf_alpha_0.8,968,TIDE,54,51.7
zipf_alpha_0.8,968,TIDE,55,53.400000000000006
zipf_alpha_0.8,968,TIDE,56,53.900000000000006
zipf_alpha_0.8,968,TIDE,57,52.0
zipf_alpha_0.8,968,TIDE,58,51.1
zipf_alpha_0.8,968,TIDE,59,56.99999999999999
zipf_alpha_0.8,968,TIDE,60,53.7
zipf_alpha_0.8,968,TIDE,61,53.800000000000004
zipf_alpha_0.8,968,TIDE,62,52.0
zipf_alpha_0.8,968,TIDE,63,52.1
zipf_alpha_0.8,968,TIDE,64,55.300000000000004
zipf_alpha_0.8,968,TIDE,65,52.5
zipf_alpha_0.8,968,TIDE,66,52.6
zipf_alpha_0.8,968,TIDE,67,52.400000000000006
zipf_alpha_0.8,968,TIDE,68,51.2
zipf_alpha_0.8,968,TIDE,69,54.1
zipf_alpha_0.8,968,TIDE,70,55.2
zipf_alpha_0.8,968,TIDE,71,50.7
zipf_alpha_0.8,968,TIDE,72,52.5
zipf_alpha_0.8,968,TIDE,73,53.5
zipf_alpha_0.8,968,TIDE,74,52.0
zipf_alpha_0.8,968,TIDE,75,53.900000000000006
zipf_alpha_0.8,968,TIDE,76,52.5
zipf_alpha_0.8,968,TIDE,77,54.1
zipf_alpha_0.8,968,TIDE,78,53.300000000000004
zipf_alpha_0.8,968,TIDE,79,57.3
zipf_alpha_0.8,968,TIDE,80,53.300000000000004
zipf_alpha_0.8,968,TIDE,81,50.4
zipf_alpha_0.8,968,TIDE,82,50.2
zipf_alpha_0.8,968,TIDE,83,55.900000000000006
zipf_alpha_0.8,968,TIDE,84,55.1
zipf_alpha_0.8,968,TIDE,85,53.1
zipf_alpha_0.8,968,TIDE,86,53.1
zipf_alpha_0.8,968,TIDE,87,54.6
zipf_alpha_0.8,968,TIDE,88,52.1
zipf_alpha_0.8,968,TIDE,89,50.4
zipf_alpha_0.8,968,TIDE,90,51.2
zipf_alpha_0.8,968,TIDE,91,53.400000000000006
zipf_alpha_0.8,968,TIDE,92,47.8
zipf_alpha_0.8,968,TIDE,93,54.900000000000006
zipf_alpha_0.8,968,TIDE,94,55.00000000000001
zipf_alpha_0.8,968,TIDE,95,53.800000000000004
zipf_alpha_0.8,968,TIDE,96,55.400000000000006
zipf_alpha_0.8,968,TIDE,97,54.800000000000004
zipf_alpha_0.8,968,TIDE,98,51.6
zipf_alpha_0.8,968,TIDE,99,51.7
zipf_alpha_1.0,16,ARC,0,25.8
zipf_alpha_1.0,16,ARC,1,30.5
zipf_alpha_1.0,16,ARC,2,28.000000000000004
zipf_alpha_1.0,16,ARC,3,29.4
zipf_alpha_1.0,16,ARC,4,29.299999999999997
zipf_alpha_1.0,16,ARC,5,31.2
zipf_alpha_1.0,16,ARC,6,29.9
zipf_alpha_1.0,16,ARC,7,30.3
zipf_alpha_1.0,16,ARC,8,31.5
zipf_alpha_1.0,16,ARC,9,31.2
zipf_alpha_1.0,16,ARC,10,30.9
zipf_alpha_1.0,16,ARC,11,30.7
zipf_alpha_1.0,16,ARC,12,34.300000000000004
zipf_alpha_1.0,16,ARC,13,28.299999999999997
zipf_alpha_1.0,16,ARC,14,34.2
zipf_alpha_1.0,16,ARC,15,30.2
zipf_alpha_1.0,16,ARC,16,30.599999999999998
zipf_alpha_1.0,16,ARC,17,32.4
zipf_alpha_1.0,16,ARC,18,30.0
zipf_alpha_1.0,16,ARC,19,32.300000000000004
zipf_alpha_1.0,16,ARC,20,30.7
zipf_alpha_1.0,16,ARC,21,31.900000000000002
zipf_alpha_1.0,16,ARC,22,30.4
zipf_alpha_1.0,16,ARC,23,32.0
zipf_alpha_1.0,16,ARC,24,29.2
zipf_alpha_1.0,16,ARC,25,31.5
zipf_alpha_1.0,16,ARC,26,28.1
zipf_alpha_1.0,16,ARC,27,30.3
zipf_alpha_1.0,16,ARC,28,31.8
zipf_alpha_1.0,16,ARC,29,29.4
zipf_alpha_1.0,16,ARC,30,28.499999999999996
zipf_alpha_1.0,16,ARC,31,32.2
zipf_alpha_1.0,16,ARC,32,31.2
zipf_alpha_1.0,16,ARC,33,30.5
zipf_alpha_1.0,16,ARC,34,30.4
zipf_alpha_1.0,16,ARC,35,30.599999999999998
zipf_alpha_1.0,16,ARC,36,30.2
zipf_alpha_1.0,16,ARC,37,27.1
zipf_alpha_1.0,16,ARC,38,32.6
zipf_alpha_1.0,16,ARC,39,28.599999999999998
zipf_alpha_1.0,16,ARC,40,27.900000000000002
zipf_alpha_1.0,16,ARC,41,30.099999999999998
zipf_alpha_1.0,16,ARC,42,32.2
zipf_alpha_1.0,16,ARC,43,33.800000000000004
zipf_alpha_1.0,16,ARC,44,31.6
zipf_alpha_1.0,16,ARC,45,32.7
zipf_alpha_1.0,16,ARC,46,31.7
zipf_alpha_1.0,16,ARC,47,29.799999999999997
zipf_alpha_1.0,16,ARC,48,33.300000000000004
zipf_alpha_1.0,16,ARC,49,35.3
zipf_alpha_1.0,16,ARC,50,31.7
zipf_alpha_1.0,16,ARC,51,34.699999999999996
zipf_alpha_1.0,16,ARC,52,30.0
zipf_alpha_1.0,16,ARC,53,29.5
zipf_alpha_1.0,16,ARC,54,32.1
zipf_alpha_1.0,16,ARC,55,29.099999999999998
zipf_alpha_1.0,16,ARC,56,31.4
zipf_alpha_1.0,16,ARC,57,33.1
zipf_alpha_1.0,16,ARC,58,29.5
zipf_alpha_1.0,16,ARC,59,32.2
zipf_alpha_1.0,16,ARC,60,31.8
zipf_alpha_1.0,16,ARC,61,33.4
zipf_alpha_1.0,16,ARC,62,30.9
zipf_alpha_1.0,16,ARC,63,32.6
zipf_alpha_1.0,16,ARC,64,31.0
zipf_alpha_1.0,16,ARC,65,31.5
zipf_alpha_1.0,16,ARC,66,32.1
zipf_alpha_1.0,16,ARC,67,30.3
zipf_alpha_1.0,16,ARC,68,33.1
zipf_alpha_1.0,16,ARC,69,32.300000000000004
zipf_alpha_1.0,16,ARC,70,29.9
zipf_alpha_1.0,16,ARC,71,30.0
zipf_alpha_1.0,16,ARC,72,31.5
zipf_alpha_1.0,16,ARC,73,31.0
zipf_alpha_1.0,16,ARC,74,29.9
zipf_alpha_1.0,16,ARC,75,31.900000000000002
zipf_alpha_1.0,16,ARC,76,32.4
zipf_alpha_1.0,16,ARC,77,31.8
zipf_alpha_1.0,16,ARC,78,27.700000000000003
zipf_alpha_1.0,16,ARC,79,32.2
zipf_alpha_1.0,16,ARC,80,29.299999999999997
zipf_alpha_1.0,16,ARC,81,31.8
zipf_alpha_1.0,16,ARC,82,29.599999999999998
zipf_alpha_1.0,16,ARC,83,33.0
zipf_alpha_1.0,16,ARC,84,31.2
zipf_alpha_1.0,16,ARC,85,28.7
zipf_alpha_1.0,16,ARC,86,31.5
zipf_alpha_1.0,16,ARC,87,29.7
zipf_alpha_1.0,16,ARC,88,31.2
zipf_alpha_1.0,16,ARC,89,28.799999999999997
zipf_alpha_1.0,16,ARC,90,28.4
zipf_alpha_1.0,16,ARC,91,32.2
zipf_alpha_1.0,16,ARC,92,33.300000000000004
zipf_alpha_1.0,16,ARC,93,31.5
zipf_alpha_1.0,16,ARC,94,30.8
zipf_alpha_1.0,16,ARC,95,30.0
zipf_alpha_1.0,16,ARC,96,33.0
zipf_alpha_1.0,16,ARC,97,32.5
zipf_alpha_1.0,16,ARC,98,36.0
zipf_alpha_1.0,16,ARC,99,32.800000000000004
zipf_alpha_1.0,16,TIDE,0,25.8
zipf_alpha_1.0,16,TIDE,1,30.5
zipf_alpha_1.0,16,TIDE,2,28.599999999999998
zipf_alpha_1.0,16,TIDE,3,30.8
zipf_alpha_1.0,16,TIDE,4,31.0
zipf_alpha_1.0,16,TIDE,5,33.0
zipf_alpha_1.0,16,TIDE,6,32.5
zipf_alpha_1.0,16,TIDE,7,32.5
zipf_alpha_1.0,16,TIDE,8,34.5
zipf_alpha_1.0,16,TIDE,9,33.5
zipf_alpha_1.0,16,TIDE,10,31.8
zipf_alpha_1.0,16,TIDE,11,32.6
zipf_alpha_1.0,16,TIDE,12,35.8
zipf_alpha_1.0,16,TIDE,13,29.9
zipf_alpha_1.0,16,TIDE,14,35.3
zipf_alpha_1.0,16,TIDE,15,31.6
zipf_alpha_1.0,16,TIDE,16,32.5
zipf_alpha_1.0,16,TIDE,17,35.4
zipf_alpha_1.0,16,TIDE,18,32.300000000000004
zipf_alpha_1.0,16,TIDE,19,35.199999999999996
zipf_alpha_1.0,16,TIDE,20,33.6
zipf_alpha_1.0,16,TIDE,21,34.1
zipf_alpha_1.0,16,TIDE,22,33.0
zipf_alpha_1.0,16,TIDE,23,33.300000000000004
zipf_alpha_1.0,16,TIDE,24,31.0
zipf_alpha_1.0,16,TIDE,25,34.8
zipf_alpha_1.0,16,TIDE,26,30.2
zipf_alpha_1.0,16,TIDE,27,33.900000000000006
zipf_alpha_1.0,16,TIDE,28,34.5
zipf_alpha_1.0,16,TIDE,29,30.7
zipf_alpha_1.0,16,TIDE,30,33.300000000000004
zipf_alpha_1.0,16,TIDE,31,34.599999999999994
zipf_alpha_1.0,16,TIDE,32,33.900000000000006
zipf_alpha_1.0,16,TIDE,33,32.7
zipf_alpha_1.0,16,TIDE,34,33.4
zipf_alpha_1.0,16,TIDE,35,32.1
zipf_alpha_1.0,16,TIDE,36,32.5
zipf_alpha_1.0,16,TIDE,37,30.3
zipf_alpha_1.0,16,TIDE,38,34.599999999999994
zipf_alpha_1.0,16,TIDE,39,31.3
zipf_alpha_1.0,16,TIDE,40,30.099999999999998
zipf_alpha_1.0,16,TIDE,41,33.5
zipf_alpha_1.0,16,TIDE,42,35.0
zipf_alpha_1.0,16,TIDE,43,36.5
zipf_alpha_1.0,16,TIDE,44,32.7
zipf_alpha_1.0,16,TIDE,45,35.0
zipf_alpha_1.0,16,TIDE,46,34.4
zipf_alpha_1.0,16,TIDE,47,32.1
zipf_alpha_1.0,16,TIDE,48,35.099999999999994
zipf_alpha_1.0,16,TIDE,49,37.1
zipf_alpha_1.0,16,TIDE,50,34.2
zipf_alpha_1.0,16,TIDE,51,36.7
zipf_alpha_1.0,16,TIDE,52,31.5
zipf_alpha_1.0,16,TIDE,53,32.1
zipf_alpha_1.0,16,TIDE,54,33.1
zipf_alpha_1.0,16,TIDE,55,32.2
zipf_alpha_1.0,16,TIDE,56,33.1
zipf_alpha_1.0,16,TIDE,57,35.5
zipf_alpha_1.0,16,TIDE,58,31.5
zipf_alpha_1.0,16,TIDE,59,34.9
zipf_alpha_1.0,16,TIDE,60,33.300000000000004
zipf_alpha_1.0,16,TIDE,61,35.0
zipf_alpha_1.0,16,TIDE,62,32.9
zipf_alpha_1.0,16,TIDE,63,33.0
zipf_alpha_1.0,16,TIDE,64,31.7
zipf_alpha_1.0,16,TIDE,65,32.9
zipf_alpha_1.0,16,TIDE,66,32.4
zipf_alpha_1.0,16,TIDE,67,31.6
zipf_alpha_1.0,16,TIDE,68,34.4
zipf_alpha_1.0,16,TIDE,69,33.900000000000006
zipf_alpha_1.0,16,TIDE,70,32.6
zipf_alpha_1.0,16,TIDE,71,32.300000000000004
zipf_alpha_1.0,16,TIDE,72,33.4
zipf_alpha_1.0,16,TIDE,73,33.2
zipf_alpha_1.0,16,TIDE,74,32.1
zipf_alpha_1.0,16,TIDE,75,35.099999999999994
zipf_alpha_1.0,16,TIDE,76,34.699999999999996
zipf_alpha_1.0,16,TIDE,77,33.800000000000004
zipf_alpha_1.0,16,TIDE,78,29.299999999999997
zipf_alpha_1.0,16,TIDE,79,32.9
zipf_alpha_1.0,16,TIDE,80,33.5
zipf_alpha_1.0,16,TIDE,81,34.0
zipf_alpha_1.0,16,TIDE,82,31.900000000000002
zipf_alpha_1.0,16,TIDE,83,36.0
zipf_alpha_1.0,16,TIDE,84,33.900000000000006
zipf_alpha_1.0,16,TIDE,85,30.9
zipf_alpha_1.0,16,TIDE,86,34.1
zipf_alpha_1.0,16,TIDE,87,32.2
zipf_alpha_1.0,16,TIDE,88,33.5
zipf_alpha_1.0,16,TIDE,89,31.4
zipf_alpha_1.0,16,TIDE,90,30.7
zipf_alpha_1.0,16,TIDE,91,34.1
zipf_alpha_1.0,16,TIDE,92,35.0
zipf_alpha_1.0,16,TIDE,93,33.5
zipf_alpha_1.0,16,TIDE,94,33.1
zipf_alpha_1.0,16,TIDE,95,31.8
zipf_alpha_1.0,16,TIDE,96,34.1
zipf_alpha_1.0,16,TIDE,97,34.5
zipf_alpha_1.0,16,TIDE,98,36.9
zipf_alpha_1.0,16,TIDE,99,34.4
zipf_alpha_1.0,86,ARC,0,38.9
zipf_alpha_1.0,86,ARC,1,46.400000000000006
zipf_alpha_1.0,86,ARC,2,47.9
zipf_alpha_1.0,86,ARC,3,47.199999999999996
zipf_alpha_1.0,86,ARC,4,48.199999999999996
zipf_alpha_1.0,86,ARC,5,50.6
zipf_alpha_1.0,86,ARC,6,49.4
zipf_alpha_1.0,86,ARC,7,48.0
zipf_alpha_1.0,86,ARC,8,47.0
zipf_alpha_1.0,86,ARC,9,48.6
zipf_alpha_1.0,86,ARC,10,46.300000000000004
zipf_alpha_1.0,86,ARC,11,46.6
zipf_alpha_1.0,86,ARC,12,50.9
zipf_alpha_1.0,86,ARC,13,43.6
zipf_alpha_1.0,86,ARC,14,50.4
zipf_alpha_1.0,86,ARC,15,46.400000000000006
zipf_alpha_1.0,86,ARC,16,47.9
zipf_alpha_1.0,86,ARC,17,49.6
zipf_alpha_1.0,86,ARC,18,47.0
zipf_alpha_1.0,86,ARC,19,50.6
zipf_alpha_1.0,86,ARC,20,48.8
zipf_alpha_1.0,86,ARC,21,48.199999999999996
zipf_alpha_1.0,86,ARC,22,45.5
zipf_alpha_1.0,86,ARC,23,48.4
zipf_alpha_1.0,86,ARC,24,46.0
zipf_alpha_1.0,86,ARC,25,49.1
zipf_alpha_1.0,86,ARC,26,46.300000000000004
zipf_alpha_1.0,86,ARC,27,48.8
zipf_alpha_1.0,86,ARC,28,50.7
zipf_alpha_1.0,86,ARC,29,45.5
zipf_alpha_1.0,86,ARC,30,48.5
zipf_alpha_1.0,86,ARC,31,51.1
zipf_alpha_1.0,86,ARC,32,48.8
zipf_alpha_1.0,86,ARC,33,47.3
zipf_alpha_1.0,86,ARC,34,47.099999999999994
zipf_alpha_1.0,86,ARC,35,46.2
zipf_alpha_1.0,86,ARC,36,50.3
zipf_alpha_1.0,86,ARC,37,45.9
zipf_alpha_1.0,86,ARC,38,49.4
zipf_alpha_1.0,86,ARC,39,43.7
zipf_alpha_1.0,86,ARC,40,46.800000000000004
zipf_alpha_1.0,86,ARC,41,46.7
zipf_alpha_1.0,86,ARC,42,49.0
zipf_alpha_1.0,86,ARC,43,47.5
zipf_alpha_1.0,86,ARC,44,47.099999999999994
zipf_alpha_1.0,86,ARC,45,47.699999999999996
zipf_alpha_1.0,86,ARC,46,49.2
zipf_alpha_1.0,86,ARC,47,47.699999999999996
zipf_alpha_1.0,86,ARC,48,50.6
zipf_alpha_1.0,86,ARC,49,52.2
zipf_alpha_1.0,86,ARC,50,50.9
zipf_alpha_1.0,86,ARC,51,49.7
zipf_alpha_1.0,86,ARC,52,47.8
zipf_alpha_1.0,86,ARC,53,47.5
zipf_alpha_1.0,86,ARC,54,47.199999999999996
zipf_alpha_1.0,86,ARC,55,47.5
zipf_alpha_1.0,86,ARC,56,50.3
zipf_alpha_1.0,86,ARC,57,50.6
zipf_alpha_1.0,86,ARC,58,46.7
zipf_alpha_1.0,86,ARC,59,48.9
zipf_alpha_1.0,86,ARC,60,49.6
zipf_alpha_1.0,86,ARC,61,51.300000000000004
zipf_alpha_1.0,86,ARC,62,49.5
zipf_alpha_1.0,86,ARC,63,49.0
zipf_alpha_1.0,86,ARC,64,49.6
zipf_alpha_1.0,86,ARC,65,48.6
zipf_alpha_1.0,86,ARC,66,49.2
zipf_alpha_1.0,86,ARC,67,45.800000000000004
zipf_alpha_1.0,86,ARC,68,50.2
zipf_alpha_1.0,86,ARC,69,49.3
zipf_alpha_1.0,86,ARC,70,48.199999999999996
zipf_alpha_1.0,86,ARC,71,45.4
zipf_alpha_1.0,86,ARC,72,51.1
zipf_alpha_1.0,86,ARC,73,48.199999999999996
zipf_alpha_1.0,86,ARC,74,46.5
zipf_alpha_1.0,86,ARC,75,50.6
zipf_alpha_1.0,86,ARC,76,49.9
zipf_alpha_1.0,86,ARC,77,47.8
zipf_alpha_1.0,86,ARC,78,45.6
zipf_alpha_1.0,86,ARC,79,48.3
zipf_alpha_1.0,86,ARC,80,48.699999999999996
zipf_alpha_1.0,86,ARC,81,50.5
zipf_alpha_1.0,86,ARC,82,48.1
zipf_alpha_1.0,86,ARC,83,50.4
zipf_alpha_1.0,86,ARC,84,49.8
zipf_alpha_1.0,86,ARC,85,45.6
zipf_alpha_1.0,86,ARC,86,48.199999999999996
zipf_alpha_1.0,86,ARC,87,47.099999999999994
zipf_alpha_1.0,86,ARC,88,49.4
zipf_alpha_1.0,86,ARC,89,48.1
zipf_alpha_1.0,86,ARC,90,46.9
zipf_alpha_1.0,86,ARC,91,49.6
zipf_alpha_1.0,86,ARC,92,46.9
zipf_alpha_1.0,86,ARC,93,48.9
zipf_alpha_1.0,86,ARC,94,49.1
zipf_alpha_1.0,86,ARC,95,47.599999999999994
zipf_alpha_1.0,86,ARC,96,48.0
zipf_alpha_1.0,86,ARC,97,51.300000000000004
zipf_alpha_1.0,86,ARC,98,50.7
zipf_alpha_1.0,86,ARC,99,49.3
zipf_alpha_1.0,86,TIDE,0,38.9
zipf_alpha_1.0,86,TIDE,1,46.400000000000006
zipf_alpha_1.0,86,TIDE,2,47.9
zipf_alpha_1.0,86,TIDE,3,47.199999999999996
zipf_alpha_1.0,86,TIDE,4,48.6
zipf_alpha_1.0,86,TIDE,5,50.4
zipf_alpha_1.0,86,TIDE,6,49.7
zipf_alpha_1.0,86,TIDE,7,50.0
zipf_alpha_1.0,86,TIDE,8,47.4
zipf_alpha_1.0,86,TIDE,9,49.0
zipf_alpha_1.0,86,TIDE,10,47.599999999999994
zipf_alpha_1.0,86,TIDE,11,47.3
zipf_alpha_1.0,86,TIDE,12,52.0
zipf_alpha_1.0,86,TIDE,13,44.800000000000004
zipf_alpha_1.0,86,TIDE,14,50.6
zipf_alpha_1.0,86,TIDE,15,47.199999999999996
zipf_alpha_1.0,86,TIDE,16,48.8
zipf_alpha_1.0,86,TIDE,17,50.8
zipf_alpha_1.0,86,TIDE,18,48.6
zipf_alpha_1.0,86,TIDE,19,51.1
zipf_alpha_1.0,86,TIDE,20,49.4
zipf_alpha_1.0,86,TIDE,21,48.699999999999996
zipf_alpha_1.0,86,TIDE,22,47.4
zipf_alpha_1.0,86,TIDE,23,48.8
zipf_alpha_1.0,86,TIDE,24,47.8
zipf_alpha_1.0,86,TIDE,25,49.9
zipf_alpha_1.0,86,TIDE,26,47.099999999999994
zipf_alpha_1.0,86,TIDE,27,50.2
zipf_alpha_1.0,86,TIDE,28,52.0
zipf_alpha_1.0,86,TIDE,29,46.300000000000004
zipf_alpha_1.0,86,TIDE,30,50.2
zipf_alpha_1.0,86,TIDE,31,51.5
zipf_alpha_1.0,86,TIDE,32,50.0
zipf_alpha_1.0,86,TIDE,33,48.199999999999996
zipf_alpha_1.0,86,TIDE,34,49.6
zipf_alpha_1.0,86,TIDE,35,47.0
zipf_alpha_1.0,86,TIDE,36,51.300000000000004
zipf_alpha_1.0,86,TIDE,37,47.4
zipf_alpha_1.0,86,TIDE,38,49.4
zipf_alpha_1.0,86,TIDE,39,46.300000000000004
zipf_alpha_1.0,86,TIDE,40,48.8
zipf_alpha_1.0,86,TIDE,41,49.8
zipf_alpha_1.0,86,TIDE,42,51.300000000000004
zipf_alpha_1.0,86,TIDE,43,49.3
zipf_alpha_1.0,86,TIDE,44,47.199999999999996
zipf_alpha_1.0,86,TIDE,45,49.4
zipf_alpha_1.0,86,TIDE,46,50.5
zipf_alpha_1.0,86,TIDE,47,48.3
zipf_alpha_1.0,86,TIDE,48,51.9
zipf_alpha_1.0,86,TIDE,49,52.6
zipf_alpha_1.0,86,TIDE,50,51.7
zipf_alpha_1.0,86,TIDE,51,51.5
zipf_alpha_1.0,86,TIDE,52,50.5
zipf_alpha_1.0,86,TIDE,53,49.7
zipf_alpha_1.0,86,TIDE,54,49.3
zipf_alpha_1.0,86,TIDE,55,47.8
zipf_alpha_1.0,86,TIDE,56,50.9
zipf_alpha_1.0,86,TIDE,57,51.800000000000004
zipf_alpha_1.0,86,TIDE,58,48.699999999999996
zipf_alpha_1.0,86,TIDE,59,49.7
zipf_alpha_1.0,86,TIDE,60,51.300000000000004
zipf_alpha_1.0,86,TIDE,61,52.400000000000006
zipf_alpha_1.0,86,TIDE,62,51.1
zipf_alpha_1.0,86,TIDE,63,51.6
zipf_alpha_1.0,86,TIDE,64,49.7
zipf_alpha_1.0,86,TIDE,65,49.4
zipf_alpha_1.0,86,TIDE,66,50.6
zipf_alpha_1.0,86,TIDE,67,49.0
zipf_alpha_1.0,86,TIDE,68,51.0
zipf_alpha_1.0,86,TIDE,69,50.8
zipf_alpha_1.0,86,TIDE,70,49.4
zipf_alpha_1.0,86,TIDE,71,46.400000000000006
zipf_alpha_1.0,86,TIDE,72,52.1
zipf_alpha_1.0,86,TIDE,73,49.3
zipf_alpha_1.0,86,TIDE,74,48.1
zipf_alpha_1.0,86,TIDE,75,51.1
zipf_alpha_1.0,86,TIDE,76,51.1
zipf_alpha_1.0,86,TIDE,77,48.9
zipf_alpha_1.0,86,TIDE,78,47.0
zipf_alpha_1.0,86,TIDE,79,49.2
zipf_alpha_1.0,86,TIDE,80,50.1
zipf_alpha_1.0,86,TIDE,81,51.5
zipf_alpha_1.0,86,TIDE,82,49.2
zipf_alpha_1.0,86,TIDE,83,51.0
zipf_alpha_1.0,86,TIDE,84,51.2
zipf_alpha_1.0,86,TIDE,85,45.9
zipf_alpha_1.0,86,TIDE,86,50.5
zipf_alpha_1.0,86,TIDE,87,48.6
zipf_alpha_1.0,86,TIDE,88,50.0
zipf_alpha_1.0,86,TIDE,89,49.1
zipf_alpha_1.0,86,TIDE,90,48.5
zipf_alpha_1.0,86,TIDE,91,52.0
zipf_alpha_1.0,86,TIDE,92,48.699999999999996
zipf_alpha_1.0,86,TIDE,93,50.8
zipf_alpha_1.0,86,TIDE,94,49.5
zipf_alpha_1.0,86,TIDE,95,48.8
zipf_alpha_1.0,86,TIDE,96,49.4
zipf_alpha_1.0,86,TIDE,97,52.1
zipf_alpha_1.0,86,TIDE,98,51.300000000000004
zipf_alpha_1.0,86,TIDE,99,50.2
zipf_alpha_1.0,857,ARC,0,47.3
zipf_alpha_1.0,857,ARC,1,63.2
zipf_alpha_1.0,857,ARC,2,63.5
zipf_alpha_1.0,857,ARC,3,67.80000000000001
zipf_alpha_1.0,857,ARC,4,66.8
zipf_alpha_1.0,857,ARC,5,69.5
zipf_alpha_1.0,857,ARC,6,70.1
zipf_alpha_1.0,857,ARC,7,71.0
zipf_alpha_1.0,857,ARC,8,68.8
zipf_alpha_1.0,857,ARC,9,72.89999999999999
zipf_alpha_1.0,857,ARC,10,68.2
zipf_alpha_1.0,857,ARC,11,69.5
zipf_alpha_1.0,857,ARC,12,72.2
zipf_alpha_1.0,857,ARC,13,69.1
zipf_alpha_1.0,857,ARC,14,71.5
zipf_alpha_1.0,857,ARC,15,71.2
zipf_alpha_1.0,857,ARC,16,75.0
zipf_alpha_1.0,857,ARC,17,72.2
zipf_alpha_1.0,857,ARC,18,69.3
zipf_alpha_1.0,857,ARC,19,72.39999999999999
zipf_alpha_1.0,857,ARC,20,71.7
zipf_alpha_1.0,857,ARC,21,71.89999999999999
zipf_alpha_1.0,857,ARC,22,71.89999999999999
zipf_alpha_1.0,857,ARC,23,71.1
zipf_alpha_1.0,857,ARC,24,69.6
zipf_alpha_1.0,857,ARC,25,73.8
zipf_alpha_1.0,857,ARC,26,68.60000000000001
zipf_alpha_1.0,857,ARC,27,71.2
zipf_alpha_1.0,857,ARC,28,73.4
zipf_alpha_1.0,857,ARC,29,70.1
zipf_alpha_1.0,857,ARC,30,72.3
zipf_alpha_1.0,857,ARC,31,72.8
zipf_alpha_1.0,857,ARC,32,71.1
zipf_alpha_1.0,857,ARC,33,69.19999999999999
zipf_alpha_1.0,857,ARC,34,73.8
zipf_alpha_1.0,857,ARC,35,69.89999999999999
zipf_alpha_1.0,857,ARC,36,70.7
zipf_alpha_1.0,857,ARC,37,69.89999999999999
zipf_alpha_1.0,857,ARC,38,72.8
zipf_alpha_1.0,857,ARC,39,68.7
zipf_alpha_1.0,857,ARC,40,72.2
zipf_alpha_1.0,857,ARC,41,70.19999999999999
zipf_alpha_1.0,857,ARC,42,75.0
zipf_alpha_1.0,857,ARC,43,70.7
zipf_alpha_1.0,857,ARC,44,69.1
zipf_alpha_1.0,857,ARC,45,72.3
zipf_alpha_1.0,857,ARC,46,72.1
zipf_alpha_1.0,857,ARC,47,71.39999999999999
zipf_alpha_1.0,857,ARC,48,72.8
zipf_alpha_1.0,857,ARC,49,74.1
zipf_alpha_1.0,857,ARC,50,74.2
zipf_alpha_1.0,857,ARC,51,73.2
zipf_alpha_1.0,857,ARC,52,70.8
zipf_alpha_1.0,857,ARC,53,71.7
zipf_alpha_1.0,857,ARC,54,69.3
zipf_alpha_1.0,857,ARC,55,69.39999999999999
zipf_alpha_1.0,857,ARC,56,70.7
zipf_alpha_1.0,857,ARC,57,73.7
zipf_alpha_1.0,857,ARC,58,69.5
zipf_alpha_1.0,857,ARC,59,71.8
zipf_alpha_1.0,857,ARC,60,72.7
zipf_alpha_1.0,857,ARC,61,75.3
zipf_alpha_1.0,857,ARC,62,71.7
zipf_alpha_1.0,857,ARC,63,71.5
zipf_alpha_1.0,857,ARC,64,71.5
zipf_alpha_1.0,857,ARC,65,70.5
zipf_alpha_1.0,857,ARC,66,73.9
zipf_alpha_1.0,857,ARC,67,71.39999999999999
zipf_alpha_1.0,857,ARC,68,72.0
zipf_alpha_1.0,857,ARC,69,70.7
zipf_alpha_1.0,857,ARC,70,71.5
zipf_alpha_1.0,857,ARC,71,71.3
zipf_alpha_1.0,857,ARC,72,73.5
zipf_alpha_1.0,857,ARC,73,71.0
zipf_alpha_1.0,857,ARC,74,72.2
zipf_alpha_1.0,857,ARC,75,72.6
zipf_alpha_1.0,857,ARC,76,71.89999999999999
zipf_alpha_1.0,857,ARC,77,70.7
zipf_alpha_1.0,857,ARC,78,69.3
zipf_alpha_1.0,857,ARC,79,71.1
zipf_alpha_1.0,857,ARC,80,71.39999999999999
zipf_alpha_1.0,857,ARC,81,73.4
zipf_alpha_1.0,857,ARC,82,69.89999999999999
zipf_alpha_1.0,857,ARC,83,71.0
zipf_alpha_1.0,857,ARC,84,70.6
zipf_alpha_1.0,857,ARC,85,69.39999999999999
zipf_alpha_1.0,857,ARC,86,71.89999999999999
zipf_alpha_1.0,857,ARC,87,69.69999999999999
zipf_alpha_1.0,857,ARC,88,72.3
zipf_alpha_1.0,857,ARC,89,72.3
zipf_alpha_1.0,857,ARC,90,71.6
zipf_alpha_1.0,857,ARC,91,72.0
zipf_alpha_1.0,857,ARC,92,68.89999999999999
zipf_alpha_1.0,857,ARC,93,72.5
zipf_alpha_1.0,857,ARC,94,71.1
zipf_alpha_1.0,857,ARC,95,68.7
zipf_alpha_1.0,857,ARC,96,71.7
zipf_alpha_1.0,857,ARC,97,72.39999999999999
zipf_alpha_1.0,857,ARC,98,70.89999999999999
zipf_alpha_1.0,857,ARC,99,72.5
zipf_alpha_1.0,857,TIDE,0,47.3
zipf_alpha_1.0,857,TIDE,1,63.2
zipf_alpha_1.0,857,TIDE,2,63.5
zipf_alpha_1.0,857,TIDE,3,67.80000000000001
zipf_alpha_1.0,857,TIDE,4,66.8
zipf_alpha_1.0,857,TIDE,5,69.5
zipf_alpha_1.0,857,TIDE,6,70.1
zipf_alpha_1.0,857,TIDE,7,71.0
zipf_alpha_1.0,857,TIDE,8,68.8
zipf_alpha_1.0,857,TIDE,9,72.89999999999999
zipf_alpha_1.0,857,TIDE,10,68.2
zipf_alpha_1.0,857,TIDE,11,69.5
zipf_alpha_1.0,857,TIDE,12,72.1
zipf_alpha_1.0,857,TIDE,13,68.7
zipf_alpha_1.0,857,TIDE,14,71.5
zipf_alpha_1.0,857,TIDE,15,71.5
zipf_alpha_1.0,857,TIDE,16,75.4
zipf_alpha_1.0,857,TIDE,17,72.7
zipf_alpha_1.0,857,TIDE,18,70.7
zipf_alpha_1.0,857,TIDE,19,73.2
zipf_alpha_1.0,857,TIDE,20,72.1
zipf_alpha_1.0,857,TIDE,21,72.7
zipf_alpha_1.0,857,TIDE,22,71.89999999999999
zipf_alpha_1.0,857,TIDE,23,72.1
zipf_alpha_1.0,857,TIDE,24,71.3
zipf_alpha_1.0,857,TIDE,25,73.9
zipf_alpha_1.0,857,TIDE,26,69.0
zipf_alpha_1.0,857,TIDE,27,73.0
zipf_alpha_1.0,857,TIDE,28,74.9
zipf_alpha_1.0,857,TIDE,29,69.5
zipf_alpha_1.0,857,TIDE,30,73.0
zipf_alpha_1.0,857,TIDE,31,74.2
zipf_alpha_1.0,857,TIDE,32,71.7
zipf_alpha_1.0,857,TIDE,33,70.3
zipf_alpha_1.0,857,TIDE,34,73.6
zipf_alpha_1.0,857,TIDE,35,69.5
zipf_alpha_1.0,857,TIDE,36,71.3
zipf_alpha_1.0,857,TIDE,37,71.5
zipf_alpha_1.0,857,TIDE,38,72.7
zipf_alpha_1.0,857,TIDE,39,69.3
zipf_alpha_1.0,857,TIDE,40,72.3
zipf_alpha_1.0,857,TIDE,41,71.6
zipf_alpha_1.0,857,TIDE,42,75.7
zipf_alpha_1.0,857,TIDE,43,71.3
zipf_alpha_1.0,857,TIDE,44,70.3
zipf_alpha_1.0,857,TIDE,45,72.89999999999999
zipf_alpha_1.0,857,TIDE,46,72.5
zipf_alpha_1.0,857,TIDE,47,71.8
zipf_alpha_1.0,857,TIDE,48,72.7
zipf_alpha_1.0,857,TIDE,49,74.7
zipf_alpha_1.0,857,TIDE,50,75.1
zipf_alpha_1.0,857,TIDE,51,73.3
zipf_alpha_1.0,857,TIDE,52,71.3
zipf_alpha_1.0,857,TIDE,53,70.89999999999999
zipf_alpha_1.0,857,TIDE,54,69.39999999999999
zipf_alpha_1.0,857,TIDE,55,69.69999999999999
zipf_alpha_1.0,857,TIDE,56,72.0
zipf_alpha_1.0,857,TIDE,57,74.1
zipf_alpha_1.0,857,TIDE,58,70.1
zipf_alpha_1.0,857,TIDE,59,72.5
zipf_alpha_1.0,857,TIDE,60,73.8
zipf_alpha_1.0,857,TIDE,61,75.3
zipf_alpha_1.0,857,TIDE,62,72.6
zipf_alpha_1.0,857,TIDE,63,72.39999999999999
zipf_alpha_1.0,857,TIDE,64,71.89999999999999
zipf_alpha_1.0,857,TIDE,65,70.39999999999999
zipf_alpha_1.0,857,TIDE,66,74.1
zipf_alpha_1.0,857,TIDE,67,72.2
zipf_alpha_1.0,857,TIDE,68,72.7
zipf_alpha_1.0,857,TIDE,69,71.89999999999999
zipf_alpha_1.0,857,TIDE,70,70.6
zipf_alpha_1.0,857,TIDE,71,71.7
zipf_alpha_1.0,857,TIDE,72,75.1
zipf_alpha_1.0,857,TIDE,73,73.0
zipf_alpha_1.0,857,TIDE,74,71.89999999999999
zipf_alpha_1.0,857,TIDE,75,72.89999999999999
zipf_alpha_1.0,857,TIDE,76,73.8
zipf_alpha_1.0,857,TIDE,77,72.7
zipf_alpha_1.0,857,TIDE,78,70.8
zipf_alpha_1.0,857,TIDE,79,71.7
zipf_alpha_1.0,857,TIDE,80,72.1
zipf_alpha_1.0,857,TIDE,81,73.2
zipf_alpha_1.0,857,TIDE,82,70.8
zipf_alpha_1.0,857,TIDE,83,72.1
zipf_alpha_1.0,857,TIDE,84,71.6
zipf_alpha_1.0,857,TIDE,85,70.7
zipf_alpha_1.0,857,TIDE,86,73.5
zipf_alpha_1.0,857,TIDE,87,70.3
zipf_alpha_1.0,857,TIDE,88,74.2
zipf_alpha_1.0,857,TIDE,89,72.3
zipf_alpha_1.0,857,TIDE,90,73.0
zipf_alpha_1.0,857,TIDE,91,73.7
zipf_alpha_1.0,857,TIDE,92,70.89999999999999
zipf_alpha_1.0,857,TIDE,93,74.3
zipf_alpha_1.0,857,TIDE,94,73.1
zipf_alpha_1.0,857,TIDE,95,69.5
zipf_alpha_1.0,857,TIDE,96,72.3
zipf_alpha_1.0,857,TIDE,97,73.3
zipf_alpha_1.0,857,TIDE,98,72.3
zipf_alpha_1.0,857,TIDE,99,73.8
zipf_alpha_1.2,16,ARC,0,40.6
zipf_alpha_1.2,16,ARC,1,45.2
zipf_alpha_1.2,16,ARC,2,46.2
zipf_alpha_1.2,16,ARC,3,46.400000000000006
zipf_alpha_1.2,16,ARC,4,47.099999999999994
zipf_alpha_1.2,16,ARC,5,44.2
zipf_alpha_1.2,16,ARC,6,45.800000000000004
zipf_alpha_1.2,16,ARC,7,45.7
zipf_alpha_1.2,16,ARC,8,49.1
zipf_alpha_1.2,16,ARC,9,43.8
zipf_alpha_1.2,16,ARC,10,45.2
zipf_alpha_1.2,16,ARC,11,46.1
zipf_alpha_1.2,16,ARC,12,45.6
zipf_alpha_1.2,16,ARC,13,41.5
zipf_alpha_1.2,16,ARC,14,48.6
zipf_alpha_1.2,16,ARC,15,46.5
zipf_alpha_1.2,16,ARC,16,46.0
zipf_alpha_1.2,16,ARC,17,44.3
zipf_alpha_1.2,16,ARC,18,41.6
zipf_alpha_1.2,16,ARC,19,47.699999999999996
zipf_alpha_1.2,16,ARC,20,45.7
zipf_alpha_1.2,16,ARC,21,46.800000000000004
zipf_alpha_1.2,16,ARC,22,46.0
zipf_alpha_1.2,16,ARC,23,45.1
zipf_alpha_1.2,16,ARC,24,49.3
zipf_alpha_1.2,16,ARC,25,46.400000000000006
zipf_alpha_1.2,16,ARC,26,45.5
zipf_alpha_1.2,16,ARC,27,47.5
zipf_alpha_1.2,16,ARC,28,48.0
zipf_alpha_1.2,16,ARC,29,46.400000000000006
zipf_alpha_1.2,16,ARC,30,44.6
zipf_alpha_1.2,16,ARC,31,44.7
zipf_alpha_1.2,16,ARC,32,43.0
zipf_alpha_1.2,16,ARC,33,48.4
zipf_alpha_1.2,16,ARC,34,47.0
zipf_alpha_1.2,16,ARC,35,44.6
zipf_alpha_1.2,16,ARC,36,46.2
zipf_alpha_1.2,16,ARC,37,44.9
zipf_alpha_1.2,16,ARC,38,47.8
zipf_alpha_1.2,16,ARC,39,48.199999999999996
zipf_alpha_1.2,16,ARC,40,44.1
zipf_alpha_1.2,16,ARC,41,47.699999999999996
zipf_alpha_1.2,16,ARC,42,44.3
zipf_alpha_1.2,16,ARC,43,47.099999999999994
zipf_alpha_1.2,16,ARC,44,46.300000000000004
zipf_alpha_1.2,16,ARC,45,45.6
zipf_alpha_1.2,16,ARC,46,46.7
zipf_alpha_1.2,16,ARC,47,44.6
zipf_alpha_1.2,16,ARC,48,44.0
zipf_alpha_1.2,16,ARC,49,45.1
zipf_alpha_1.2,16,ARC,50,45.2
zipf_alpha_1.2,16,ARC,51,44.800000000000004
zipf_alpha_1.2,16,ARC,52,47.199999999999996
zipf_alpha_1.2,16,ARC,53,46.2
zipf_alpha_1.2,16,ARC,54,47.099999999999994
zipf_alpha_1.2,16,ARC,55,45.800000000000004
zipf_alpha_1.2,16,ARC,56,47.8
zipf_alpha_1.2,16,ARC,57,45.7
zipf_alpha_1.2,16,ARC,58,47.099999999999994
zipf_alpha_1.2,16,ARC,59,46.7
zipf_alpha_1.2,16,ARC,60,45.4
zipf_alpha_1.2,16,ARC,61,46.2
zipf_alpha_1.2,16,ARC,62,43.1
zipf_alpha_1.2,16,ARC,63,42.0
zipf_alpha_1.2,16,ARC,64,46.5
zipf_alpha_1.2,16,ARC,65,44.2
zipf_alpha_1.2,16,ARC,66,45.0
zipf_alpha_1.2,16,ARC,67,46.0
zipf_alpha_1.2,16,ARC,68,45.2
zipf_alpha_1.2,16,ARC,69,48.8
zipf_alpha_1.2,16,ARC,70,45.2
zipf_alpha_1.2,16,ARC,71,44.2
zipf_alpha_1.2,16,ARC,72,47.199999999999996
zipf_alpha_1.2,16,ARC,73,42.699999999999996
zipf_alpha_1.2,16,ARC,74,44.1
zipf_alpha_1.2,16,ARC,75,42.199999999999996
zipf_alpha_1.2,16,ARC,76,45.1
zipf_alpha_1.2,16,ARC,77,46.1
zipf_alpha_1.2,16,ARC,78,47.599999999999994
zipf_alpha_1.2,16,ARC,79,43.1
zipf_alpha_1.2,16,ARC,80,44.9
zipf_alpha_1.2,16,ARC,81,45.4
zipf_alpha_1.2,16,ARC,82,49.2
zipf_alpha_1.2,16,ARC,83,43.3
zipf_alpha_1.2,16,ARC,84,47.699999999999996
zipf_alpha_1.2,16,ARC,85,46.800000000000004
zipf_alpha_1.2,16,ARC,86,46.300000000000004
zipf_alpha_1.2,16,ARC,87,45.1
zipf_alpha_1.2,16,ARC,88,48.0
zipf_alpha_1.2,16,ARC,89,47.9
zipf_alpha_1.2,16,ARC,90,47.199999999999996
zipf_alpha_1.2,16,ARC,91,45.9
zipf_alpha_1.2,16,ARC,92,47.599999999999994
zipf_alpha_1.2,16,ARC,93,47.3
zipf_alpha_1.2,16,ARC,94,45.6
zipf_alpha_1.2,16,ARC,95,47.699999999999996
zipf_alpha_1.2,16,ARC,96,42.8
zipf_alpha_1.2,16,ARC,97,45.7
zipf_alpha_1.2,16,ARC,98,46.6
zipf_alpha_1.2,16,ARC,99,44.800000000000004
zipf_alpha_1.2,16,TIDE,0,40.6
zipf_alpha_1.2,16,TIDE,1,45.2
zipf_alpha_1.2,16,TIDE,2,46.2
zipf_alpha_1.2,16,TIDE,3,47.099999999999994
zipf_alpha_1.2,16,TIDE,4,48.6
zipf_alpha_1.2,16,TIDE,5,45.1
zipf_alpha_1.2,16,TIDE,6,47.8
zipf_alpha_1.2,16,TIDE,7,47.099999999999994
zipf_alpha_1.2,16,TIDE,8,51.0
zipf_alpha_1.2,16,TIDE,9,45.9
zipf_alpha_1.2,16,TIDE,10,47.699999999999996
zipf_alpha_1.2,16,TIDE,11,48.699999999999996
zipf_alpha_1.2,16,TIDE,12,47.9
zipf_alpha_1.2,16,TIDE,13,43.5
zipf_alpha_1.2,16,TIDE,14,49.5
zipf_alpha_1.2,16,TIDE,15,48.5
zipf_alpha_1.2,16,TIDE,16,49.5
zipf_alpha_1.2,16,TIDE,17,46.300000000000004
zipf_alpha_1.2,16,TIDE,18,43.7
zipf_alpha_1.2,16,TIDE,19,49.4
zipf_alpha_1.2,16,TIDE,20,46.9
zipf_alpha_1.2,16,TIDE,21,47.9
zipf_alpha_1.2,16,TIDE,22,46.9
zipf_alpha_1.2,16,TIDE,23,47.5
zipf_alpha_1.2,16,TIDE,24,50.1
zipf_alpha_1.2,16,TIDE,25,48.8
zipf_alpha_1.2,16,TIDE,26,47.4
zipf_alpha_1.2,16,TIDE,27,50.0
zipf_alpha_1.2,16,TIDE,28,48.8
zipf_alpha_1.2,16,TIDE,29,49.4
zipf_alpha_1.2,16,TIDE,30,47.8
zipf_alpha_1.2,16,TIDE,31,46.1
zipf_alpha_1.2,16,TIDE,32,44.6
zipf_alpha_1.2,16,TIDE,33,48.8
zipf_alpha_1.2,16,TIDE,34,48.199999999999996
zipf_alpha_1.2,16,TIDE,35,46.5
zipf_alpha_1.2,16,TIDE,36,48.0
zipf_alpha_1.2,16,TIDE,37,46.2
zipf_alpha_1.2,16,TIDE,38,49.5
zipf_alpha_1.2,16,TIDE,39,48.9
zipf_alpha_1.2,16,TIDE,40,46.9
zipf_alpha_1.2,16,TIDE,41,48.9
zipf_alpha_1.2,16,TIDE,42,46.2
zipf_alpha_1.2,16,TIDE,43,49.7
zipf_alpha_1.2,16,TIDE,44,46.6
zipf_alpha_1.2,16,TIDE,45,46.7
zipf_alpha_1.2,16,TIDE,46,48.4
zipf_alpha_1.2,16,TIDE,47,47.5
zipf_alpha_1.2,16,TIDE,48,45.800000000000004
zipf_alpha_1.2,16,TIDE,49,47.5
zipf_alpha_1.2,16,TIDE,50,47.599999999999994
zipf_alpha_1.2,16,TIDE,51,46.9
zipf_alpha_1.2,16,TIDE,52,49.1
zipf_alpha_1.2,16,TIDE,53,47.099999999999994
zipf_alpha_1.2,16,TIDE,54,49.2
zipf_alpha_1.2,16,TIDE,55,48.5
zipf_alpha_1.2,16,TIDE,56,49.0
zipf_alpha_1.2,16,TIDE,57,48.3
zipf_alpha_1.2,16,TIDE,58,48.3
zipf_alpha_1.2,16,TIDE,59,48.9
zipf_alpha_1.2,16,TIDE,60,46.9
zipf_alpha_1.2,16,TIDE,61,47.0
zipf_alpha_1.2,16,TIDE,62,45.9
zipf_alpha_1.2,16,TIDE,63,43.8
zipf_alpha_1.2,16,TIDE,64,47.4
zipf_alpha_1.2,16,TIDE,65,45.5
zipf_alpha_1.2,16,TIDE,66,47.199999999999996
zipf_alpha_1.2,16,TIDE,67,47.599999999999994
zipf_alpha_1.2,16,TIDE,68,45.800000000000004
zipf_alpha_1.2,16,TIDE,69,50.1
zipf_alpha_1.2,16,TIDE,70,48.1
zipf_alpha_1.2,16,TIDE,71,46.9
zipf_alpha_1.2,16,TIDE,72,48.6
zipf_alpha_1.2,16,TIDE,73,44.800000000000004
zipf_alpha_1.2,16,TIDE,74,47.9
zipf_alpha_1.2,16,TIDE,75,44.0
zipf_alpha_1.2,16,TIDE,76,45.800000000000004
zipf_alpha_1.2,16,TIDE,77,47.599999999999994
zipf_alpha_1.2,16,TIDE,78,47.9
zipf_alpha_1.2,16,TIDE,79,46.1
zipf_alpha_1.2,16,TIDE,80,46.6
zipf_alpha_1.2,16,TIDE,81,46.6
zipf_alpha_1.2,16,TIDE,82,50.6
zipf_alpha_1.2,16,TIDE,83,44.800000000000004
zipf_alpha_1.2,16,TIDE,84,49.4
zipf_alpha_1.2,16,TIDE,85,48.5
zipf_alpha_1.2,16,TIDE,86,47.099999999999994
zipf_alpha_1.2,16,TIDE,87,46.300000000000004
zipf_alpha_1.2,16,TIDE,88,49.9
zipf_alpha_1.2,16,TIDE,89,50.6
zipf_alpha_1.2,16,TIDE,90,48.5
zipf_alpha_1.2,16,TIDE,91,47.3
zipf_alpha_1.2,16,TIDE,92,48.699999999999996
zipf_alpha_1.2,16,TIDE,93,48.6
zipf_alpha_1.2,16,TIDE,94,48.6
zipf_alpha_1.2,16,TIDE,95,50.0
zipf_alpha_1.2,16,TIDE,96,45.6
zipf_alpha_1.2,16,TIDE,97,49.3
zipf_alpha_1.2,16,TIDE,98,49.3
zipf_alpha_1.2,16,TIDE,99,47.599999999999994
zipf_alpha_1.2,88,ARC,0,53.800000000000004
zipf_alpha_1.2,88,ARC,1,60.4
zipf_alpha_1.2,88,ARC,2,63.9
zipf_alpha_1.2,88,ARC,3,60.199999999999996
zipf_alpha_1.2,88,ARC,4,61.3
zipf_alpha_1.2,88,ARC,5,62.1
zipf_alpha_1.2,88,ARC,6,61.4
zipf_alpha_1.2,88,ARC,7,61.1
zipf_alpha_1.2,88,ARC,8,62.8
zipf_alpha_1.2,88,ARC,9,61.0
zipf_alpha_1.2,88,ARC,10,61.5
zipf_alpha_1.2,88,ARC,11,62.7
zipf_alpha_1.2,88,ARC,12,61.5
zipf_alpha_1.2,88,ARC,13,57.699999999999996
zipf_alpha_1.2,88,ARC,14,62.8
zipf_alpha_1.2,88,ARC,15,61.1
zipf_alpha_1.2,88,ARC,16,61.8
zipf_alpha_1.2,88,ARC,17,61.0
zipf_alpha_1.2,88,ARC,18,57.599999999999994
zipf_alpha_1.2,88,ARC,19,63.0
zipf_alpha_1.2,88,ARC,20,60.199999999999996
zipf_alpha_1.2,88,ARC,21,62.3
zipf_alpha_1.2,88,ARC,22,61.9
zipf_alpha_1.2,88,ARC,23,61.199999999999996
zipf_alpha_1.2,88,ARC,24,61.5
zipf_alpha_1.2,88,ARC,25,64.0
zipf_alpha_1.2,88,ARC,26,64.8
zipf_alpha_1.2,88,ARC,27,63.800000000000004
zipf_alpha_1.2,88,ARC,28,61.9
zipf_alpha_1.2,88,ARC,29,62.8
zipf_alpha_1.2,88,ARC,30,61.8
zipf_alpha_1.2,88,ARC,31,60.099999999999994
zipf_alpha_1.2,88,ARC,32,59.0
zipf_alpha_1.2,88,ARC,33,63.0
zipf_alpha_1.2,88,ARC,34,61.4
zipf_alpha_1.2,88,ARC,35,62.2
zipf_alpha_1.2,88,ARC,36,63.2
zipf_alpha_1.2,88,ARC,37,61.8
zipf_alpha_1.2,88,ARC,38,61.7
zipf_alpha_1.2,88,ARC,39,61.7
zipf_alpha_1.2,88,ARC,40,62.2
zipf_alpha_1.2,88,ARC,41,62.8
zipf_alpha_1.2,88,ARC,42,60.3
zipf_alpha_1.2,88,ARC,43,61.4
zipf_alpha_1.2,88,ARC,44,60.199999999999996
zipf_alpha_1.2,88,ARC,45,60.4
zipf_alpha_1.2,88,ARC,46,62.5
zipf_alpha_1.2,88,ARC,47,61.6
zipf_alpha_1.2,88,ARC,48,59.199999999999996
zipf_alpha_1.2,88,ARC,49,62.6
zipf_alpha_1.2,88,ARC,50,61.1
zipf_alpha_1.2,88,ARC,51,61.6
zipf_alpha_1.2,88,ARC,52,63.0
zipf_alpha_1.2,88,ARC,53,62.2
zipf_alpha_1.2,88,ARC,54,62.6
zipf_alpha_1.2,88,ARC,55,63.9
zipf_alpha_1.2,88,ARC,56,64.0
zipf_alpha_1.2,88,ARC,57,61.8
zipf_alpha_1.2,88,ARC,58,62.5
zipf_alpha_1.2,88,ARC,59,61.0
zipf_alpha_1.2,88,ARC,60,61.5
zipf_alpha_1.2,88,ARC,61,63.0
zipf_alpha_1.2,88,ARC,62,61.7
zipf_alpha_1.2,88,ARC,63,59.8
zipf_alpha_1.2,88,ARC,64,60.699999999999996
zipf_alpha_1.2,88,ARC,65,60.0
zipf_alpha_1.2,88,ARC,66,61.1
zipf_alpha_1.2,88,ARC,67,61.4
zipf_alpha_1.2,88,ARC,68,61.0
zipf_alpha_1.2,88,ARC,69,62.6
zipf_alpha_1.2,88,ARC,70,60.0
zipf_alpha_1.2,88,ARC,71,60.199999999999996
zipf_alpha_1.2,88,ARC,72,60.9
zipf_alpha_1.2,88,ARC,73,60.699999999999996
zipf_alpha_1.2,88,ARC,74,61.3
zipf_alpha_1.2,88,ARC,75,60.9
zipf_alpha_1.2,88,ARC,76,61.1
zipf_alpha_1.2,88,ARC,77,60.6
zipf_alpha_1.2,88,ARC,78,60.6
zipf_alpha_1.2,88,ARC,79,61.4
zipf_alpha_1.2,88,ARC,80,60.9
zipf_alpha_1.2,88,ARC,81,61.9
zipf_alpha_1.2,88,ARC,82,64.8
zipf_alpha_1.2,88,ARC,83,61.3
zipf_alpha_1.2,88,ARC,84,62.7
zipf_alpha_1.2,88,ARC,85,61.1
zipf_alpha_1.2,88,ARC,86,60.4
zipf_alpha_1.2,88,ARC,87,58.4
zipf_alpha_1.2,88,ARC,88,62.9
zipf_alpha_1.2,88,ARC,89,64.7
zipf_alpha_1.2,88,ARC,90,62.2
zipf_alpha_1.2,88,ARC,91,62.1
zipf_alpha_1.2,88,ARC,92,63.3
zipf_alpha_1.2,88,ARC,93,62.2
zipf_alpha_1.2,88,ARC,94,63.3
zipf_alpha_1.2,88,ARC,95,63.4
zipf_alpha_1.2,88,ARC,96,60.6
zipf_alpha_1.2,88,ARC,97,63.1
zipf_alpha_1.2,88,ARC,98,63.2
zipf_alpha_1.2,88,ARC,99,62.1
zipf_alpha_1.2,88,TIDE,0,53.800000000000004
zipf_alpha_1.2,88,TIDE,1,60.4
zipf_alpha_1.2,88,TIDE,2,63.9
zipf_alpha_1.2,88,TIDE,3,60.199999999999996
zipf_alpha_1.2,88,TIDE,4,61.3
zipf_alpha_1.2,88,TIDE,5,62.0
zipf_alpha_1.2,88,TIDE,6,61.8
zipf_alpha_1.2,88,TIDE,7,62.3
zipf_alpha_1.2,88,TIDE,8,63.800000000000004
zipf_alpha_1.2,88,TIDE,9,62.8
zipf_alpha_1.2,88,TIDE,10,62.0
zipf_alpha_1.2,88,TIDE,11,63.2
zipf_alpha_1.2,88,TIDE,12,62.2
zipf_alpha_1.2,88,TIDE,13,57.599999999999994
zipf_alpha_1.2,88,TIDE,14,63.3
zipf_alpha_1.2,88,TIDE,15,62.1
zipf_alpha_1.2,88,TIDE,16,62.2
zipf_alpha_1.2,88,TIDE,17,61.9
zipf_alpha_1.2,88,TIDE,18,57.99999999999999
zipf_alpha_1.2,88,TIDE,19,63.6
zipf_alpha_1.2,88,TIDE,20,60.099999999999994
zipf_alpha_1.2,88,TIDE,21,63.3
zipf_alpha_1.2,88,TIDE,22,62.8
zipf_alpha_1.2,88,TIDE,23,62.3
zipf_alpha_1.2,88,TIDE,24,61.7
zipf_alpha_1.2,88,TIDE,25,63.4
zipf_alpha_1.2,88,TIDE,26,65.3
zipf_alpha_1.2,88,TIDE,27,64.60000000000001
zipf_alpha_1.2,88,TIDE,28,63.0
zipf_alpha_1.2,88,TIDE,29,64.2
zipf_alpha_1.2,88,TIDE,30,62.8
zipf_alpha_1.2,88,TIDE,31,61.199999999999996
zipf_alpha_1.2,88,TIDE,32,59.9
zipf_alpha_1.2,88,TIDE,33,64.2
zipf_alpha_1.2,88,TIDE,34,61.8
zipf_alpha_1.2,88,TIDE,35,62.8
zipf_alpha_1.2,88,TIDE,36,63.4
zipf_alpha_1.2,88,TIDE,37,62.5
zipf_alpha_1.2,88,TIDE,38,61.9
zipf_alpha_1.2,88,TIDE,39,62.3
zipf_alpha_1.2,88,TIDE,40,62.7
zipf_alpha_1.2,88,TIDE,41,63.800000000000004
zipf_alpha_1.2,88,TIDE,42,61.0
zipf_alpha_1.2,88,TIDE,43,61.9
zipf_alpha_1.2,88,TIDE,44,61.1
zipf_alpha_1.2,88,TIDE,45,61.1
zipf_alpha_1.2,88,TIDE,46,63.1
zipf_alpha_1.2,88,TIDE,47,62.6
zipf_alpha_1.2,88,TIDE,48,60.0
zipf_alpha_1.2,88,TIDE,49,63.9
zipf_alpha_1.2,88,TIDE,50,61.5
zipf_alpha_1.2,88,TIDE,51,61.4
zipf_alpha_1.2,88,TIDE,52,63.2
zipf_alpha_1.2,88,TIDE,53,61.9
zipf_alpha_1.2,88,TIDE,54,63.800000000000004
zipf_alpha_1.2,88,TIDE,55,64.1
zipf_alpha_1.2,88,TIDE,56,64.3
zipf_alpha_1.2,88,TIDE,57,63.0
zipf_alpha_1.2,88,TIDE,58,63.3
zipf_alpha_1.2,88,TIDE,59,61.4
zipf_alpha_1.2,88,TIDE,60,62.1
zipf_alpha_1.2,88,TIDE,61,63.800000000000004
zipf_alpha_1.2,88,TIDE,62,61.8
zipf_alpha_1.2,88,TIDE,63,60.5
zipf_alpha_1.2,88,TIDE,64,60.8
zipf_alpha_1.2,88,TIDE,65,60.8
zipf_alpha_1.2,88,TIDE,66,61.6
zipf_alpha_1.2,88,TIDE,67,62.7
zipf_alpha_1.2,88,TIDE,68,62.2
zipf_alpha_1.2,88,TIDE,69,63.1
zipf_alpha_1.2,88,TIDE,70,60.6
zipf_alpha_1.2,88,TIDE,71,60.8
zipf_alpha_1.2,88,TIDE,72,61.5
zipf_alpha_1.2,88,TIDE,73,61.199999999999996
zipf_alpha_1.2,88,TIDE,74,61.8
zipf_alpha_1.2,88,TIDE,75,61.5
zipf_alpha_1.2,88,TIDE,76,61.5
zipf_alpha_1.2,88,TIDE,77,61.6
zipf_alpha_1.2,88,TIDE,78,62.0
zipf_alpha_1.2,88,TIDE,79,62.3
zipf_alpha_1.2,88,TIDE,80,62.8
zipf_alpha_1.2,88,TIDE,81,62.5
zipf_alpha_1.2,88,TIDE,82,65.9
zipf_alpha_1.2,88,TIDE,83,61.7
zipf_alpha_1.2,88,TIDE,84,63.0
zipf_alpha_1.2,88,TIDE,85,62.2
zipf_alpha_1.2,88,TIDE,86,61.1
zipf_alpha_1.2,88,TIDE,87,59.8
zipf_alpha_1.2,88,TIDE,88,63.9
zipf_alpha_1.2,88,TIDE,89,64.9
zipf_alpha_1.2,88,TIDE,90,62.6
zipf_alpha_1.2,88,TIDE,91,61.5
zipf_alpha_1.2,88,TIDE,92,63.7
zipf_alpha_1.2,88,TIDE,93,63.2
zipf_alpha_1.2,88,TIDE,94,64.4
zipf_alpha_1.2,88,TIDE,95,64.2
zipf_alpha_1.2,88,TIDE,96,60.4
zipf_alpha_1.2,88,TIDE,97,62.9
zipf_alpha_1.2,88,TIDE,98,62.6
zipf_alpha_1.2,88,TIDE,99,62.4
zipf_alpha_1.2,884,ARC,0,58.9
zipf_alpha_1.2,884,ARC,1,69.89999999999999
zipf_alpha_1.2,884,ARC,2,74.4
zipf_alpha_1.2,884,ARC,3,71.39999999999999
zipf_alpha_1.2,884,ARC,4,72.39999999999999
zipf_alpha_1.2,884,ARC,5,73.6
zipf_alpha_1.2,884,ARC,6,73.1
zipf_alpha_1.2,884,ARC,7,73.1
zipf_alpha_1.2,884,ARC,8,75.4
zipf_alpha_1.2,884,ARC,9,74.1
zipf_alpha_1.2,884,ARC,10,73.9
zipf_alpha_1.2,884,ARC,11,75.2
zipf_alpha_1.2,884,ARC,12,73.8
zipf_alpha_1.2,884,ARC,13,73.2
zipf_alpha_1.2,884,ARC,14,75.5
zipf_alpha_1.2,884,ARC,15,75.4
zipf_alpha_1.2,884,ARC,16,75.0
zipf_alpha_1.2,884,ARC,17,74.5
zipf_alpha_1.2,884,ARC,18,74.4
zipf_alpha_1.2,884,ARC,19,77.10000000000001
zipf_alpha_1.2,884,ARC,20,73.9
zipf_alpha_1.2,884,ARC,21,76.7
zipf_alpha_1.2,884,ARC,22,75.5
zipf_alpha_1.2,884,ARC,23,74.8
zipf_alpha_1.2,884,ARC,24,75.4
zipf_alpha_1.2,884,ARC,25,76.9
zipf_alpha_1.2,884,ARC,26,77.5
zipf_alpha_1.2,884,ARC,27,76.9
zipf_alpha_1.2,884,ARC,28,75.4
zipf_alpha_1.2,884,ARC,29,78.4
zipf_alpha_1.2,884,ARC,30,77.0
zipf_alpha_1.2,884,ARC,31,73.8
zipf_alpha_1.2,884,ARC,32,75.6
zipf_alpha_1.2,884,ARC,33,77.2
zipf_alpha_1.2,884,ARC,34,76.6
zipf_alpha_1.2,884,ARC,35,75.6
zipf_alpha_1.2,884,ARC,36,76.8
zipf_alpha_1.2,884,ARC,37,77.4
zipf_alpha_1.2,884,ARC,38,75.6
zipf_alpha_1.2,884,ARC,39,76.0
zipf_alpha_1.2,884,ARC,40,75.9
zipf_alpha_1.2,884,ARC,41,76.7
zipf_alpha_1.2,884,ARC,42,74.5
zipf_alpha_1.2,884,ARC,43,76.0
zipf_alpha_1.2,884,ARC,44,74.7
zipf_alpha_1.2,884,ARC,45,76.1
zipf_alpha_1.2,884,ARC,46,77.0
zipf_alpha_1.2,884,ARC,47,76.2
zipf_alpha_1.2,884,ARC,48,72.0
zipf_alpha_1.2,884,ARC,49,78.3
zipf_alpha_1.2,884,ARC,50,75.6
zipf_alpha_1.2,884,ARC,51,75.5
zipf_alpha_1.2,884,ARC,52,78.0
zipf_alpha_1.2,884,ARC,53,77.0
zipf_alpha_1.2,884,ARC,54,76.3
zipf_alpha_1.2,884,ARC,55,77.8
zipf_alpha_1.2,884,ARC,56,76.1
zipf_alpha_1.2,884,ARC,57,74.2
zipf_alpha_1.2,884,ARC,58,76.1
zipf_alpha_1.2,884,ARC,59,75.7
zipf_alpha_1.2,884,ARC,60,74.9
zipf_alpha_1.2,884,ARC,61,76.0
zipf_alpha_1.2,884,ARC,62,76.0
zipf_alpha_1.2,884,ARC,63,75.0
zipf_alpha_1.2,884,ARC,64,74.1
zipf_alpha_1.2,884,ARC,65,74.5
zipf_alpha_1.2,884,ARC,66,75.4
zipf_alpha_1.2,884,ARC,67,75.7
zipf_alpha_1.2,884,ARC,68,76.0
zipf_alpha_1.2,884,ARC,69,76.2
zipf_alpha_1.2,884,ARC,70,73.7
zipf_alpha_1.2,884,ARC,71,73.0
zipf_alpha_1.2,884,ARC,72,76.3
zipf_alpha_1.2,884,ARC,73,74.7
zipf_alpha_1.2,884,ARC,74,75.5
zipf_alpha_1.2,884,ARC,75,76.9
zipf_alpha_1.2,884,ARC,76,75.3
zipf_alpha_1.2,884,ARC,77,75.0
zipf_alpha_1.2,884,ARC,78,75.8
zipf_alpha_1.2,884,ARC,79,76.4
zipf_alpha_1.2,884,ARC,80,73.9
zipf_alpha_1.2,884,ARC,81,75.1
zipf_alpha_1.2,884,ARC,82,78.0
zipf_alpha_1.2,884,ARC,83,76.1
zipf_alpha_1.2,884,ARC,84,77.10000000000001
zipf_alpha_1.2,884,ARC,85,75.2
zipf_alpha_1.2,884,ARC,86,74.2
zipf_alpha_1.2,884,ARC,87,73.6
zipf_alpha_1.2,884,ARC,88,76.5
zipf_alpha_1.2,884,ARC,89,77.8
zipf_alpha_1.2,884,ARC,90,75.9
zipf_alpha_1.2,884,ARC,91,76.0
zipf_alpha_1.2,884,ARC,92,76.5
zipf_alpha_1.2,884,ARC,93,77.0
zipf_alpha_1.2,884,ARC,94,78.2
zipf_alpha_1.2,884,ARC,95,77.7
zipf_alpha_1.2,884,ARC,96,75.2
zipf_alpha_1.2,884,ARC,97,75.9
zipf_alpha_1.2,884,ARC,98,77.5
zipf_alpha_1.2,884,ARC,99,76.0
zipf_alpha_1.2,884,TIDE,0,58.9
zipf_alpha_1.2,884,TIDE,1,69.89999999999999
zipf_alpha_1.2,884,TIDE,2,74.4
zipf_alpha_1.2,884,TIDE,3,71.39999999999999
zipf_alpha_1.2,884,TIDE,4,72.39999999999999
zipf_alpha_1.2,884,TIDE,5,73.6
zipf_alpha_1.2,884,TIDE,6,73.1
zipf_alpha_1.2,884,TIDE,7,73.1
zipf_alpha_1.2,884,TIDE,8,75.4
zipf_alpha_1.2,884,TIDE,9,74.1
zipf_alpha_1.2,884,TIDE,10,73.9
zipf_alpha_1.2,884,TIDE,11,75.2
zipf_alpha_1.2,884,TIDE,12,73.8
zipf_alpha_1.2,884,TIDE,13,73.2
zipf_alpha_1.2,884,TIDE,14,75.5
zipf_alpha_1.2,884,TIDE,15,75.4
zipf_alpha_1.2,884,TIDE,16,75.1
zipf_alpha_1.2,884,TIDE,17,74.4
zipf_alpha_1.2,884,TIDE,18,74.1
zipf_alpha_1.2,884,TIDE,19,76.7
zipf_alpha_1.2,884,TIDE,20,74.2
zipf_alpha_1.2,884,TIDE,21,76.6
zipf_alpha_1.2,884,TIDE,22,76.3
zipf_alpha_1.2,884,TIDE,23,75.7
zipf_alpha_1.2,884,TIDE,24,75.8
zipf_alpha_1.2,884,TIDE,25,77.3
zipf_alpha_1.2,884,TIDE,26,76.9
zipf_alpha_1.2,884,TIDE,27,76.9
zipf_alpha_1.2,884,TIDE,28,76.1
zipf_alpha_1.2,884,TIDE,29,76.9
zipf_alpha_1.2,884,TIDE,30,77.2
zipf_alpha_1.2,884,TIDE,31,74.0
zipf_alpha_1.2,884,TIDE,32,76.2
zipf_alpha_1.2,884,TIDE,33,77.3
zipf_alpha_1.2,884,TIDE,34,76.8
zipf_alpha_1.2,884,TIDE,35,75.4
zipf_alpha_1.2,884,TIDE,36,76.9
zipf_alpha_1.2,884,TIDE,37,77.60000000000001
zipf_alpha_1.2,884,TIDE,38,75.2
zipf_alpha_1.2,884,TIDE,39,75.2
zipf_alpha_1.2,884,TIDE,40,76.3
zipf_alpha_1.2,884,TIDE,41,77.5
zipf_alpha_1.2,884,TIDE,42,74.8
zipf_alpha_1.2,884,TIDE,43,76.9
zipf_alpha_1.2,884,TIDE,44,75.0
zipf_alpha_1.2,884,TIDE,45,75.8
zipf_alpha_1.2,884,TIDE,46,77.5
zipf_alpha_1.2,884,TIDE,47,76.4
zipf_alpha_1.2,884,TIDE,48,73.6
zipf_alpha_1.2,884,TIDE,49,78.4
zipf_alpha_1.2,884,TIDE,50,76.7
zipf_alpha_1.2,884,TIDE,51,76.2
zipf_alpha_1.2,884,TIDE,52,78.4
zipf_alpha_1.2,884,TIDE,53,77.2
zipf_alpha_1.2,884,TIDE,54,77.0
zipf_alpha_1.2,884,TIDE,55,78.7
zipf_alpha_1.2,884,TIDE,56,76.4
zipf_alpha_1.2,884,TIDE,57,73.8
zipf_alpha_1.2,884,TIDE,58,77.10000000000001
zipf_alpha_1.2,884,TIDE,59,75.9
zipf_alpha_1.2,884,TIDE,60,75.6
zipf_alpha_1.2,884,TIDE,61,75.8
zipf_alpha_1.2,884,TIDE,62,77.4
zipf_alpha_1.2,884,TIDE,63,76.1
zipf_alpha_1.2,884,TIDE,64,74.7
zipf_alpha_1.2,884,TIDE,65,75.5
zipf_alpha_1.2,884,TIDE,66,76.3
zipf_alpha_1.2,884,TIDE,67,76.4
zipf_alpha_1.2,884,TIDE,68,76.0
zipf_alpha_1.2,884,TIDE,69,76.8
zipf_alpha_1.2,884,TIDE,70,74.8
zipf_alpha_1.2,884,TIDE,71,73.4
zipf_alpha_1.2,884,TIDE,72,76.9
zipf_alpha_1.2,884,TIDE,73,75.8
zipf_alpha_1.2,884,TIDE,74,76.9
zipf_alpha_1.2,884,TIDE,75,77.10000000000001
zipf_alpha_1.2,884,TIDE,76,75.4
zipf_alpha_1.2,884,TIDE,77,75.0
zipf_alpha_1.2,884,TIDE,78,76.6
zipf_alpha_1.2,884,TIDE,79,76.0
zipf_alpha_1.2,884,TIDE,80,74.5
zipf_alpha_1.2,884,TIDE,81,74.6
zipf_alpha_1.2,884,TIDE,82,77.5
zipf_alpha_1.2,884,TIDE,83,76.0
zipf_alpha_1.2,884,TIDE,84,77.5
zipf_alpha_1.2,884,TIDE,85,75.1
zipf_alpha_1.2,884,TIDE,86,74.6
zipf_alpha_1.2,884,TIDE,87,74.1
zipf_alpha_1.2,884,TIDE,88,77.10000000000001
zipf_alpha_1.2,884,TIDE,89,78.5
zipf_alpha_1.2,884,TIDE,90,76.8
zipf_alpha_1.2,884,TIDE,91,77.0
zipf_alpha_1.2,884,TIDE,92,76.8
zipf_alpha_1.2,884,TIDE,93,77.0
zipf_alpha_1.2,884,TIDE,94,78.4
zipf_alpha_1.2,884,TIDE,95,77.7
zipf_alpha_1.2,884,TIDE,96,75.6
zipf_alpha_1.2,884,TIDE,97,76.2
zipf_alpha_1.2,884,TIDE,98,77.2
zipf_alpha_1.2,884,TIDE,99,76.2
zipf_alpha_1.5,16,ARC,0,76.6
zipf_alpha_1.5,16,ARC,1,78.2
zipf_alpha_1.5,16,ARC,2,77.7
zipf_alpha_1.5,16,ARC,3,79.60000000000001
zipf_alpha_1.5,16,ARC,4,77.7
zipf_alpha_1.5,16,ARC,5,76.7
zipf_alpha_1.5,16,ARC,6,76.7
zipf_alpha_1.5,16,ARC,7,77.2
zipf_alpha_1.5,16,ARC,8,77.5
zipf_alpha_1.5,16,ARC,9,78.4
zipf_alpha_1.5,16,ARC,10,77.5
zipf_alpha_1.5,16,ARC,11,80.2
zipf_alpha_1.5,16,ARC,12,80.10000000000001
zipf_alpha_1.5,16,ARC,13,78.8
zipf_alpha_1.5,16,ARC,14,77.60000000000001
zipf_alpha_1.5,16,ARC,15,77.8
zipf_alpha_1.5,16,ARC,16,77.3
zipf_alpha_1.5,16,ARC,17,78.3
zipf_alpha_1.5,16,ARC,18,78.8
zipf_alpha_1.5,16,ARC,19,78.60000000000001
zipf_alpha_1.5,16,ARC,20,76.9
zipf_alpha_1.5,16,ARC,21,79.0
zipf_alpha_1.5,16,ARC,22,79.80000000000001
zipf_alpha_1.5,16,ARC,23,74.7
zipf_alpha_1.5,16,ARC,24,75.1
zipf_alpha_1.5,16,ARC,25,79.7
zipf_alpha_1.5,16,ARC,26,76.1
zipf_alpha_1.5,16,ARC,27,77.3
zipf_alpha_1.5,16,ARC,28,78.10000000000001
zipf_alpha_1.5,16,ARC,29,79.5
zipf_alpha_1.5,16,ARC,30,77.0
zipf_alpha_1.5,16,ARC,31,78.7
zipf_alpha_1.5,16,ARC,32,78.9
zipf_alpha_1.5,16,ARC,33,76.9
zipf_alpha_1.5,16,ARC,34,77.7
zipf_alpha_1.5,16,ARC,35,76.7
zipf_alpha_1.5,16,ARC,36,78.10000000000001
zipf_alpha_1.5,16,ARC,37,78.3
zipf_alpha_1.5,16,ARC,38,78.7
zipf_alpha_1.5,16,ARC,39,75.4
zipf_alpha_1.5,16,ARC,40,79.2
zipf_alpha_1.5,16,ARC,41,80.10000000000001
zipf_alpha_1.5,16,ARC,42,77.10000000000001
zipf_alpha_1.5,16,ARC,43,77.8
zipf_alpha_1.5,16,ARC,44,78.5
zipf_alpha_1.5,16,ARC,45,78.8
zipf_alpha_1.5,16,ARC,46,77.2
zipf_alpha_1.5,16,ARC,47,78.2
zipf_alpha_1.5,16,ARC,48,79.0
zipf_alpha_1.5,16,ARC,49,79.3
zipf_alpha_1.5,16,ARC,50,78.5
zipf_alpha_1.5,16,ARC,51,77.3
zipf_alpha_1.5,16,ARC,52,79.2
zipf_alpha_1.5,16,ARC,53,78.3
zipf_alpha_1.5,16,ARC,54,77.10000000000001
zipf_alpha_1.5,16,ARC,55,78.60000000000001
zipf_alpha_1.5,16,ARC,56,78.7
zipf_alpha_1.5,16,ARC,57,77.8
zipf_alpha_1.5,16,ARC,58,77.5
zipf_alpha_1.5,16,ARC,59,76.3
zipf_alpha_1.5,16,ARC,60,77.10000000000001
zipf_alpha_1.5,16,ARC,61,78.4
zipf_alpha_1.5,16,ARC,62,79.5
zipf_alpha_1.5,16,ARC,63,79.3
zipf_alpha_1.5,16,ARC,64,79.0
zipf_alpha_1.5,16,ARC,65,79.10000000000001
zipf_alpha_1.5,16,ARC,66,76.7
zipf_alpha_1.5,16,ARC,67,78.0
zipf_alpha_1.5,16,ARC,68,78.60000000000001
zipf_alpha_1.5,16,ARC,69,78.2
zipf_alpha_1.5,16,ARC,70,78.9
zipf_alpha_1.5,16,ARC,71,79.9
zipf_alpha_1.5,16,ARC,72,77.5
zipf_alpha_1.5,16,ARC,73,78.3
zipf_alpha_1.5,16,ARC,74,78.0
zipf_alpha_1.5,16,ARC,75,80.2
zipf_alpha_1.5,16,ARC,76,79.5
zipf_alpha_1.5,16,ARC,77,77.7
zipf_alpha_1.5,16,ARC,78,78.9
zipf_alpha_1.5,16,ARC,79,75.8
zipf_alpha_1.5,16,ARC,80,77.3
zipf_alpha_1.5,16,ARC,81,76.9
zipf_alpha_1.5,16,ARC,82,76.6
zipf_alpha_1.5,16,ARC,83,78.10000000000001
zipf_alpha_1.5,16,ARC,84,80.5
zipf_alpha_1.5,16,ARC,85,80.7
zipf_alpha_1.5,16,ARC,86,80.30000000000001
zipf_alpha_1.5,16,ARC,87,79.9
zipf_alpha_1.5,16,ARC,88,75.3
zipf_alpha_1.5,16,ARC,89,78.2
zipf_alpha_1.5,16,ARC,90,75.1
zipf_alpha_1.5,16,ARC,91,79.5
zipf_alpha_1.5,16,ARC,92,79.4
zipf_alpha_1.5,16,ARC,93,78.7
zipf_alpha_1.5,16,ARC,94,78.9
zipf_alpha_1.5,16,ARC,95,78.0
zipf_alpha_1.5,16,ARC,96,78.4
zipf_alpha_1.5,16,ARC,97,75.7
zipf_alpha_1.5,16,ARC,98,77.9
zipf_alpha_1.5,16,ARC,99,78.60000000000001
zipf_alpha_1.5,16,TIDE,0,76.6
zipf_alpha_1.5,16,TIDE,1,78.2
zipf_alpha_1.5,16,TIDE,2,77.7
zipf_alpha_1.5,16,TIDE,3,79.60000000000001
zipf_alpha_1.5,16,TIDE,4,77.7
zipf_alpha_1.5,16,TIDE,5,76.7
zipf_alpha_1.5,16,TIDE,6,76.7
zipf_alpha_1.5,16,TIDE,7,79.4
zipf_alpha_1.5,16,TIDE,8,79.9
zipf_alpha_1.5,16,TIDE,9,79.5
zipf_alpha_1.5,16,TIDE,10,79.3
zipf_alpha_1.5,16,TIDE,11,81.2
zipf_alpha_1.5,16,TIDE,12,81.3
zipf_alpha_1.5,16,TIDE,13,80.7
zipf_alpha_1.5,16,TIDE,14,79.80000000000001
zipf_alpha_1.5,16,TIDE,15,79.9
zipf_alpha_1.5,16,TIDE,16,79.9
zipf_alpha_1.5,16,TIDE,17,80.4
zipf_alpha_1.5,16,TIDE,18,80.60000000000001
zipf_alpha_1.5,16,TIDE,19,81.2
zipf_alpha_1.5,16,TIDE,20,79.2
zipf_alpha_1.5,16,TIDE,21,81.0
zipf_alpha_1.5,16,TIDE,22,80.60000000000001
zipf_alpha_1.5,16,TIDE,23,77.5
zipf_alpha_1.5,16,TIDE,24,77.60000000000001
zipf_alpha_1.5,16,TIDE,25,81.89999999999999
zipf_alpha_1.5,16,TIDE,26,79.0
zipf_alpha_1.5,16,TIDE,27,79.80000000000001
zipf_alpha_1.5,16,TIDE,28,81.2
zipf_alpha_1.5,16,TIDE,29,81.39999999999999
zipf_alpha_1.5,16,TIDE,30,79.0
zipf_alpha_1.5,16,TIDE,31,79.9
zipf_alpha_1.5,16,TIDE,32,82.0
zipf_alpha_1.5,16,TIDE,33,79.80000000000001
zipf_alpha_1.5,16,TIDE,34,80.30000000000001
zipf_alpha_1.5,16,TIDE,35,78.7
zipf_alpha_1.5,16,TIDE,36,79.7
zipf_alpha_1.5,16,TIDE,37,81.10000000000001
zipf_alpha_1.5,16,TIDE,38,80.5
zipf_alpha_1.5,16,TIDE,39,78.3
zipf_alpha_1.5,16,TIDE,40,80.7
zipf_alpha_1.5,16,TIDE,41,81.39999999999999
zipf_alpha_1.5,16,TIDE,42,79.9
zipf_alpha_1.5,16,TIDE,43,79.9
zipf_alpha_1.5,16,TIDE,44,80.60000000000001
zipf_alpha_1.5,16,TIDE,45,81.10000000000001
zipf_alpha_1.5,16,TIDE,46,78.7
zipf_alpha_1.5,16,TIDE,47,79.9
zipf_alpha_1.5,16,TIDE,48,81.69999999999999
zipf_alpha_1.5,16,TIDE,49,80.60000000000001
zipf_alpha_1.5,16,TIDE,50,80.7
zipf_alpha_1.5,16,TIDE,51,79.5
zipf_alpha_1.5,16,TIDE,52,80.5
zipf_alpha_1.5,16,TIDE,53,81.3
zipf_alpha_1.5,16,TIDE,54,79.5
zipf_alpha_1.5,16,TIDE,55,80.10000000000001
zipf_alpha_1.5,16,TIDE,56,81.0
zipf_alpha_1.5,16,TIDE,57,79.9
zipf_alpha_1.5,16,TIDE,58,79.9
zipf_alpha_1.5,16,TIDE,59,78.7
zipf_alpha_1.5,16,TIDE,60,79.7
zipf_alpha_1.5,16,TIDE,61,80.9
zipf_alpha_1.5,16,TIDE,62,81.39999999999999
zipf_alpha_1.5,16,TIDE,63,82.1
zipf_alpha_1.5,16,TIDE,64,80.9
zipf_alpha_1.5,16,TIDE,65,80.0
zipf_alpha_1.5,16,TIDE,66,80.0
zipf_alpha_1.5,16,TIDE,67,79.60000000000001
zipf_alpha_1.5,16,TIDE,68,80.60000000000001
zipf_alpha_1.5,16,TIDE,69,81.8
zipf_alpha_1.5,16,TIDE,70,80.60000000000001
zipf_alpha_1.5,16,TIDE,71,81.2
zipf_alpha_1.5,16,TIDE,72,80.80000000000001
zipf_alpha_1.5,16,TIDE,73,80.4
zipf_alpha_1.5,16,TIDE,74,79.5
zipf_alpha_1.5,16,TIDE,75,82.19999999999999
zipf_alpha_1.5,16,TIDE,76,81.10000000000001
zipf_alpha_1.5,16,TIDE,77,80.2
zipf_alpha_1.5,16,TIDE,78,81.69999999999999
zipf_alpha_1.5,16,TIDE,79,77.2
zipf_alpha_1.5,16,TIDE,80,80.5
zipf_alpha_1.5,16,TIDE,81,79.5
zipf_alpha_1.5,16,TIDE,82,79.4
zipf_alpha_1.5,16,TIDE,83,80.5
zipf_alpha_1.5,16,TIDE,84,82.39999999999999
zipf_alpha_1.5,16,TIDE,85,82.6
zipf_alpha_1.5,16,TIDE,86,82.1
zipf_alpha_1.5,16,TIDE,87,82.6
zipf_alpha_1.5,16,TIDE,88,75.8
zipf_alpha_1.5,16,TIDE,89,81.10000000000001
zipf_alpha_1.5,16,TIDE,90,76.8
zipf_alpha_1.5,16,TIDE,91,81.6
zipf_alpha_1.5,16,TIDE,92,80.7
zipf_alpha_1.5,16,TIDE,93,80.0
zipf_alpha_1.5,16,TIDE,94,79.60000000000001
zipf_alpha_1.5,16,TIDE,95,80.30000000000001
zipf_alpha_1.5,16,TIDE,96,81.5
zipf_alpha_1.5,16,TIDE,97,76.2
zipf_alpha_1.5,16,TIDE,98,80.30000000000001
zipf_alpha_1.5,16,TIDE,99,80.5
zipf_alpha_1.5,28,ARC,0,82.1
zipf_alpha_1.5,28,ARC,1,83.7
zipf_alpha_1.5,28,ARC,2,84.2
zipf_alpha_1.5,28,ARC,3,84.3
zipf_alpha_1.5,28,ARC,4,82.6
zipf_alpha_1.5,28,ARC,5,81.6
zipf_alpha_1.5,28,ARC,6,83.39999999999999
zipf_alpha_1.5,28,ARC,7,82.1
zipf_alpha_1.5,28,ARC,8,83.89999999999999
zipf_alpha_1.5,28,ARC,9,83.1
zipf_alpha_1.5,28,ARC,10,82.69999999999999
zipf_alpha_1.5,28,ARC,11,84.1
zipf_alpha_1.5,28,ARC,12,83.7
zipf_alpha_1.5,28,ARC,13,83.1
zipf_alpha_1.5,28,ARC,14,82.19999999999999
zipf_alpha_1.5,28,ARC,15,83.1
zipf_alpha_1.5,28,ARC,16,84.1
zipf_alpha_1.5,28,ARC,17,84.5
zipf_alpha_1.5,28,ARC,18,83.0
zipf_alpha_1.5,28,ARC,19,85.1
zipf_alpha_1.5,28,ARC,20,83.6
zipf_alpha_1.5,28,ARC,21,85.2
zipf_alpha_1.5,28,ARC,22,84.7
zipf_alpha_1.5,28,ARC,23,81.89999999999999
zipf_alpha_1.5,28,ARC,24,81.6
zipf_alpha_1.5,28,ARC,25,84.39999999999999
zipf_alpha_1.5,28,ARC,26,82.3
zipf_alpha_1.5,28,ARC,27,82.8
zipf_alpha_1.5,28,ARC,28,84.8
zipf_alpha_1.5,28,ARC,29,85.39999999999999
zipf_alpha_1.5,28,ARC,30,83.3
zipf_alpha_1.5,28,ARC,31,82.0
zipf_alpha_1.5,28,ARC,32,85.6
zipf_alpha_1.5,28,ARC,33,83.0
zipf_alpha_1.5,28,ARC,34,84.0
zipf_alpha_1.5,28,ARC,35,81.5
zipf_alpha_1.5,28,ARC,36,83.89999999999999
zipf_alpha_1.5,28,ARC,37,83.89999999999999
zipf_alpha_1.5,28,ARC,38,83.2
zipf_alpha_1.5,28,ARC,39,81.6
zipf_alpha_1.5,28,ARC,40,84.5
zipf_alpha_1.5,28,ARC,41,85.39999999999999
zipf_alpha_1.5,28,ARC,42,82.69999999999999
zipf_alpha_1.5,28,ARC,43,83.1
zipf_alpha_1.5,28,ARC,44,84.1
zipf_alpha_1.5,28,ARC,45,85.3
zipf_alpha_1.5,28,ARC,46,82.6
zipf_alpha_1.5,28,ARC,47,83.6
zipf_alpha_1.5,28,ARC,48,84.3
zipf_alpha_1.5,28,ARC,49,82.8
zipf_alpha_1.5,28,ARC,50,83.5
zipf_alpha_1.5,28,ARC,51,83.1
zipf_alpha_1.5,28,ARC,52,84.2
zipf_alpha_1.5,28,ARC,53,84.39999999999999
zipf_alpha_1.5,28,ARC,54,82.1
zipf_alpha_1.5,28,ARC,55,83.8
zipf_alpha_1.5,28,ARC,56,84.39999999999999
zipf_alpha_1.5,28,ARC,57,83.7
zipf_alpha_1.5,28,ARC,58,84.0
zipf_alpha_1.5,28,ARC,59,83.5
zipf_alpha_1.5,28,ARC,60,82.8
zipf_alpha_1.5,28,ARC,61,84.5
zipf_alpha_1.5,28,ARC,62,83.0
zipf_alpha_1.5,28,ARC,63,86.2
zipf_alpha_1.5,28,ARC,64,84.7
zipf_alpha_1.5,28,ARC,65,82.19999999999999
zipf_alpha_1.5,28,ARC,66,83.89999999999999
zipf_alpha_1.5,28,ARC,67,83.8
zipf_alpha_1.5,28,ARC,68,84.1
zipf_alpha_1.5,28,ARC,69,84.3
zipf_alpha_1.5,28,ARC,70,83.89999999999999
zipf_alpha_1.5,28,ARC,71,84.8
zipf_alpha_1.5,28,ARC,72,85.0
zipf_alpha_1.5,28,ARC,73,82.1
zipf_alpha_1.5,28,ARC,74,82.6
zipf_alpha_1.5,28,ARC,75,84.3
zipf_alpha_1.5,28,ARC,76,84.39999999999999
zipf_alpha_1.5,28,ARC,77,83.2
zipf_alpha_1.5,28,ARC,78,85.3
zipf_alpha_1.5,28,ARC,79,80.9
zipf_alpha_1.5,28,ARC,80,82.0
zipf_alpha_1.5,28,ARC,81,83.0
zipf_alpha_1.5,28,ARC,82,83.3
zipf_alpha_1.5,28,ARC,83,82.69999999999999
zipf_alpha_1.5,28,ARC,84,85.5
zipf_alpha_1.5,28,ARC,85,86.3
zipf_alpha_1.5,28,ARC,86,85.39999999999999
zipf_alpha_1.5,28,ARC,87,85.7
zipf_alpha_1.5,28,ARC,88,79.7
zipf_alpha_1.5,28,ARC,89,83.2
zipf_alpha_1.5,28,ARC,90,81.0
zipf_alpha_1.5,28,ARC,91,84.2
zipf_alpha_1.5,28,ARC,92,83.89999999999999
zipf_alpha_1.5,28,ARC,93,84.5
zipf_alpha_1.5,28,ARC,94,82.39999999999999
zipf_alpha_1.5,28,ARC,95,83.1
zipf_alpha_1.5,28,ARC,96,83.8
zipf_alpha_1.5,28,ARC,97,80.30000000000001
zipf_alpha_1.5,28,ARC,98,83.7
zipf_alpha_1.5,28,ARC,99,82.6
zipf_alpha_1.5,28,TIDE,0,82.1
zipf_alpha_1.5,28,TIDE,1,83.7
zipf_alpha_1.5,28,TIDE,2,84.2
zipf_alpha_1.5,28,TIDE,3,84.3
zipf_alpha_1.5,28,TIDE,4,82.6
zipf_alpha_1.5,28,TIDE,5,81.6
zipf_alpha_1.5,28,TIDE,6,83.39999999999999
zipf_alpha_1.5,28,TIDE,7,82.1
zipf_alpha_1.5,28,TIDE,8,83.89999999999999
zipf_alpha_1.5,28,TIDE,9,83.1
zipf_alpha_1.5,28,TIDE,10,84.5
zipf_alpha_1.5,28,TIDE,11,84.2
zipf_alpha_1.5,28,TIDE,12,85.0
zipf_alpha_1.5,28,TIDE,13,84.1
zipf_alpha_1.5,28,TIDE,14,83.8
zipf_alpha_1.5,28,TIDE,15,84.5
zipf_alpha_1.5,28,TIDE,16,85.9
zipf_alpha_1.5,28,TIDE,17,84.8
zipf_alpha_1.5,28,TIDE,18,84.6
zipf_alpha_1.5,28,TIDE,19,85.9
zipf_alpha_1.5,28,TIDE,20,84.1
zipf_alpha_1.5,28,TIDE,21,86.3
zipf_alpha_1.5,28,TIDE,22,84.39999999999999
zipf_alpha_1.5,28,TIDE,23,83.1
zipf_alpha_1.5,28,TIDE,24,83.3
zipf_alpha_1.5,28,TIDE,25,86.2
zipf_alpha_1.5,28,TIDE,26,84.6
zipf_alpha_1.5,28,TIDE,27,84.1
zipf_alpha_1.5,28,TIDE,28,86.5
zipf_alpha_1.5,28,TIDE,29,86.5
zipf_alpha_1.5,28,TIDE,30,85.2
zipf_alpha_1.5,28,TIDE,31,84.3
zipf_alpha_1.5,28,TIDE,32,87.2
zipf_alpha_1.5,28,TIDE,33,84.1
zipf_alpha_1.5,28,TIDE,34,85.39999999999999
zipf_alpha_1.5,28,TIDE,35,83.2
zipf_alpha_1.5,28,TIDE,36,84.89999999999999
zipf_alpha_1.5,28,TIDE,37,84.6
zipf_alpha_1.5,28,TIDE,38,84.2
zipf_alpha_1.5,28,TIDE,39,83.3
zipf_alpha_1.5,28,TIDE,40,85.39999999999999
zipf_alpha_1.5,28,TIDE,41,86.1
zipf_alpha_1.5,28,TIDE,42,84.39999999999999
zipf_alpha_1.5,28,TIDE,43,85.2
zipf_alpha_1.5,28,TIDE,44,85.7
zipf_alpha_1.5,28,TIDE,45,86.0
zipf_alpha_1.5,28,TIDE,46,83.1
zipf_alpha_1.5,28,TIDE,47,84.1
zipf_alpha_1.5,28,TIDE,48,86.3
zipf_alpha_1.5,28,TIDE,49,84.5
zipf_alpha_1.5,28,TIDE,50,84.39999999999999
zipf_alpha_1.5,28,TIDE,51,83.5
zipf_alpha_1.5,28,TIDE,52,86.1
zipf_alpha_1.5,28,TIDE,53,86.2
zipf_alpha_1.5,28,TIDE,54,83.6
zipf_alpha_1.5,28,TIDE,55,84.0
zipf_alpha_1.5,28,TIDE,56,86.1
zipf_alpha_1.5,28,TIDE,57,84.8
zipf_alpha_1.5,28,TIDE,58,85.3
zipf_alpha_1.5,28,TIDE,59,84.39999999999999
zipf_alpha_1.5,28,TIDE,60,84.1
zipf_alpha_1.5,28,TIDE,61,84.89999999999999
zipf_alpha_1.5,28,TIDE,62,84.39999999999999
zipf_alpha_1.5,28,TIDE,63,87.1
zipf_alpha_1.5,28,TIDE,64,85.6
zipf_alpha_1.5,28,TIDE,65,83.89999999999999
zipf_alpha_1.5,28,TIDE,66,85.5
zipf_alpha_1.5,28,TIDE,67,84.7
zipf_alpha_1.5,28,TIDE,68,85.6
zipf_alpha_1.5,28,TIDE,69,85.6
zipf_alpha_1.5,28,TIDE,70,85.2
zipf_alpha_1.5,28,TIDE,71,85.39999999999999
zipf_alpha_1.5,28,TIDE,72,86.8
zipf_alpha_1.5,28,TIDE,73,83.2
zipf_alpha_1.5,28,TIDE,74,83.5
zipf_alpha_1.5,28,TIDE,75,85.3
zipf_alpha_1.5,28,TIDE,76,85.9
zipf_alpha_1.5,28,TIDE,77,84.89999999999999
zipf_alpha_1.5,28,TIDE,78,85.9
zipf_alpha_1.5,28,TIDE,79,83.2
zipf_alpha_1.5,28,TIDE,80,83.6
zipf_alpha_1.5,28,TIDE,81,84.1
zipf_alpha_1.5,28,TIDE,82,83.89999999999999
zipf_alpha_1.5,28,TIDE,83,83.1
zipf_alpha_1.5,28,TIDE,84,85.7
zipf_alpha_1.5,28,TIDE,85,86.2
zipf_alpha_1.5,28,TIDE,86,86.7
zipf_alpha_1.5,28,TIDE,87,86.7
zipf_alpha_1.5,28,TIDE,88,80.5
zipf_alpha_1.5,28,TIDE,89,84.3
zipf_alpha_1.5,28,TIDE,90,83.2
zipf_alpha_1.5,28,TIDE,91,85.2
zipf_alpha_1.5,28,TIDE,92,84.8
zipf_alpha_1.5,28,TIDE,93,83.89999999999999
zipf_alpha_1.5,28,TIDE,94,83.7
zipf_alpha_1.5,28,TIDE,95,85.0
zipf_alpha_1.5,28,TIDE,96,84.5
zipf_alpha_1.5,28,TIDE,97,81.3
zipf_alpha_1.5,28,TIDE,98,85.2
zipf_alpha_1.5,28,TIDE,99,84.2
zipf_alpha_1.5,280,ARC,0,86.3
zipf_alpha_1.5,280,ARC,1,91.9
zipf_alpha_1.5,280,ARC,2,93.7
zipf_alpha_1.5,280,ARC,3,95.0
zipf_alpha_1.5,280,ARC,4,94.19999999999999
zipf_alpha_1.5,280,ARC,5,91.8
zipf_alpha_1.5,280,ARC,6,94.1
zipf_alpha_1.5,280,ARC,7,93.89999999999999
zipf_alpha_1.5,280,ARC,8,93.8
zipf_alpha_1.5,280,ARC,9,94.69999999999999
zipf_alpha_1.5,280,ARC,10,95.1
zipf_alpha_1.5,280,ARC,11,95.39999999999999
zipf_alpha_1.5,280,ARC,12,94.39999999999999
zipf_alpha_1.5,280,ARC,13,92.9
zipf_alpha_1.5,280,ARC,14,94.5
zipf_alpha_1.5,280,ARC,15,95.39999999999999
zipf_alpha_1.5,280,ARC,16,94.5
zipf_alpha_1.5,280,ARC,17,94.1
zipf_alpha_1.5,280,ARC,18,94.39999999999999
zipf_alpha_1.5,280,ARC,19,94.89999999999999
zipf_alpha_1.5,280,ARC,20,95.1
zipf_alpha_1.5,280,ARC,21,95.7
zipf_alpha_1.5,280,ARC,22,95.7
zipf_alpha_1.5,280,ARC,23,93.8
zipf_alpha_1.5,280,ARC,24,94.8
zipf_alpha_1.5,280,ARC,25,95.39999999999999
zipf_alpha_1.5,280,ARC,26,95.0
zipf_alpha_1.5,280,ARC,27,95.1
zipf_alpha_1.5,280,ARC,28,95.5
zipf_alpha_1.5,280,ARC,29,95.89999999999999
zipf_alpha_1.5,280,ARC,30,95.3
zipf_alpha_1.5,280,ARC,31,94.69999999999999
zipf_alpha_1.5,280,ARC,32,96.0
zipf_alpha_1.5,280,ARC,33,94.3
zipf_alpha_1.5,280,ARC,34,96.5
zipf_alpha_1.5,280,ARC,35,93.5
zipf_alpha_1.5,280,ARC,36,93.7
zipf_alpha_1.5,280,ARC,37,94.89999999999999
zipf_alpha_1.5,280,ARC,38,95.1
zipf_alpha_1.5,280,ARC,39,94.3
zipf_alpha_1.5,280,ARC,40,94.8
zipf_alpha_1.5,280,ARC,41,95.7
zipf_alpha_1.5,280,ARC,42,94.1
zipf_alpha_1.5,280,ARC,43,95.5
zipf_alpha_1.5,280,ARC,44,95.5
zipf_alpha_1.5,280,ARC,45,95.5
zipf_alpha_1.5,280,ARC,46,95.7
zipf_alpha_1.5,280,ARC,47,95.6
zipf_alpha_1.5,280,ARC,48,94.5
zipf_alpha_1.5,280,ARC,49,94.89999999999999
zipf_alpha_1.5,280,ARC,50,94.8
zipf_alpha_1.5,280,ARC,51,94.1
zipf_alpha_1.5,280,ARC,52,95.8
zipf_alpha_1.5,280,ARC,53,94.19999999999999
zipf_alpha_1.5,280,ARC,54,95.1
zipf_alpha_1.5,280,ARC,55,95.3
zipf_alpha_1.5,280,ARC,56,95.19999999999999
zipf_alpha_1.5,280,ARC,57,95.19999999999999
zipf_alpha_1.5,280,ARC,58,95.6
zipf_alpha_1.5,280,ARC,59,94.19999999999999
zipf_alpha_1.5,280,ARC,60,94.19999999999999
zipf_alpha_1.5,280,ARC,61,94.39999999999999
zipf_alpha_1.5,280,ARC,62,94.19999999999999
zipf_alpha_1.5,280,ARC,63,96.1
zipf_alpha_1.5,280,ARC,64,94.19999999999999
zipf_alpha_1.5,280,ARC,65,93.8
zipf_alpha_1.5,280,ARC,66,95.6
zipf_alpha_1.5,280,ARC,67,94.39999999999999
zipf_alpha_1.5,280,ARC,68,94.8
zipf_alpha_1.5,280,ARC,69,95.1
zipf_alpha_1.5,280,ARC,70,95.19999999999999
zipf_alpha_1.5,280,ARC,71,95.19999999999999
zipf_alpha_1.5,280,ARC,72,96.1
zipf_alpha_1.5,280,ARC,73,94.19999999999999
zipf_alpha_1.5,280,ARC,74,94.69999999999999
zipf_alpha_1.5,280,ARC,75,94.69999999999999
zipf_alpha_1.5,280,ARC,76,95.0
zipf_alpha_1.5,280,ARC,77,94.6
zipf_alpha_1.5,280,ARC,78,95.1
zipf_alpha_1.5,280,ARC,79,95.5
zipf_alpha_1.5,280,ARC,80,94.5
zipf_alpha_1.5,280,ARC,81,94.69999999999999
zipf_alpha_1.5,280,ARC,82,94.39999999999999
zipf_alpha_1.5,280,ARC,83,94.39999999999999
zipf_alpha_1.5,280,ARC,84,96.3
zipf_alpha_1.5,280,ARC,85,95.1
zipf_alpha_1.5,280,ARC,86,96.2
zipf_alpha_1.5,280,ARC,87,95.19999999999999
zipf_alpha_1.5,280,ARC,88,92.80000000000001
zipf_alpha_1.5,280,ARC,89,94.5
zipf_alpha_1.5,280,ARC,90,94.19999999999999
zipf_alpha_1.5,280,ARC,91,94.39999999999999
zipf_alpha_1.5,280,ARC,92,95.5
zipf_alpha_1.5,280,ARC,93,94.3
zipf_alpha_1.5,280,ARC,94,94.69999999999999
zipf_alpha_1.5,280,ARC,95,95.0
zipf_alpha_1.5,280,ARC,96,95.8
zipf_alpha_1.5,280,ARC,97,94.19999999999999
zipf_alpha_1.5,280,ARC,98,94.19999999999999
zipf_alpha_1.5,280,ARC,99,94.5
zipf_alpha_1.5,280,TIDE,0,86.3
zipf_alpha_1.5,280,TIDE,1,91.9
zipf_alpha_1.5,280,TIDE,2,93.7
zipf_alpha_1.5,280,TIDE,3,95.0
zipf_alpha_1.5,280,TIDE,4,94.19999999999999
zipf_alpha_1.5,280,TIDE,5,91.8
zipf_alpha_1.5,280,TIDE,6,94.1
zipf_alpha_1.5,280,TIDE,7,93.89999999999999
zipf_alpha_1.5,280,TIDE,8,93.8
zipf_alpha_1.5,280,TIDE,9,94.69999999999999
zipf_alpha_1.5,280,TIDE,10,95.1
zipf_alpha_1.5,280,TIDE,11,95.39999999999999
zipf_alpha_1.5,280,TIDE,12,94.39999999999999
zipf_alpha_1.5,280,TIDE,13,92.9
zipf_alpha_1.5,280,TIDE,14,94.5
zipf_alpha_1.5,280,TIDE,15,95.39999999999999
zipf_alpha_1.5,280,TIDE,16,94.5
zipf_alpha_1.5,280,TIDE,17,94.1
zipf_alpha_1.5,280,TIDE,18,94.39999999999999
zipf_alpha_1.5,280,TIDE,19,94.89999999999999
zipf_alpha_1.5,280,TIDE,20,95.1
zipf_alpha_1.5,280,TIDE,21,95.7
zipf_alpha_1.5,280,TIDE,22,95.7
zipf_alpha_1.5,280,TIDE,23,93.8
zipf_alpha_1.5,280,TIDE,24,94.8
zipf_alpha_1.5,280,TIDE,25,95.39999999999999
zipf_alpha_1.5,280,TIDE,26,95.0
zipf_alpha_1.5,280,TIDE,27,95.1
zipf_alpha_1.5,280,TIDE,28,95.5
zipf_alpha_1.5,280,TIDE,29,95.89999999999999
zipf_alpha_1.5,280,TIDE,30,95.3
zipf_alpha_1.5,280,TIDE,31,94.69999999999999
zipf_alpha_1.5,280,TIDE,32,96.0
zipf_alpha_1.5,280,TIDE,33,94.3
zipf_alpha_1.5,280,TIDE,34,96.5
zipf_alpha_1.5,280,TIDE,35,93.5
zipf_alpha_1.5,280,TIDE,36,93.7
zipf_alpha_1.5,280,TIDE,37,95.0
zipf_alpha_1.5,280,TIDE,38,95.1
zipf_alpha_1.5,280,TIDE,39,94.5
zipf_alpha_1.5,280,TIDE,40,95.0
zipf_alpha_1.5,280,TIDE,41,95.8
zipf_alpha_1.5,280,TIDE,42,94.0
zipf_alpha_1.5,280,TIDE,43,95.6
zipf_alpha_1.5,280,TIDE,44,95.39999999999999
zipf_alpha_1.5,280,TIDE,45,95.8
zipf_alpha_1.5,280,TIDE,46,95.8
zipf_alpha_1.5,280,TIDE,47,95.7
zipf_alpha_1.5,280,TIDE,48,94.6
zipf_alpha_1.5,280,TIDE,49,95.3
zipf_alpha_1.5,280,TIDE,50,95.0
zipf_alpha_1.5,280,TIDE,51,94.3
zipf_alpha_1.5,280,TIDE,52,96.0
zipf_alpha_1.5,280,TIDE,53,94.5
zipf_alpha_1.5,280,TIDE,54,95.5
zipf_alpha_1.5,280,TIDE,55,95.39999999999999
zipf_alpha_1.5,280,TIDE,56,95.5
zipf_alpha_1.5,280,TIDE,57,95.3
zipf_alpha_1.5,280,TIDE,58,95.8
zipf_alpha_1.5,280,TIDE,59,94.39999999999999
zipf_alpha_1.5,280,TIDE,60,94.39999999999999
zipf_alpha_1.5,280,TIDE,61,94.6
zipf_alpha_1.5,280,TIDE,62,94.6
zipf_alpha_1.5,280,TIDE,63,96.1
zipf_alpha_1.5,280,TIDE,64,94.39999999999999
zipf_alpha_1.5,280,TIDE,65,94.1
zipf_alpha_1.5,280,TIDE,66,95.7
zipf_alpha_1.5,280,TIDE,67,94.5
zipf_alpha_1.5,280,TIDE,68,95.0
zipf_alpha_1.5,280,TIDE,69,95.39999999999999
zipf_alpha_1.5,280,TIDE,70,95.1
zipf_alpha_1.5,280,TIDE,71,95.1
zipf_alpha_1.5,280,TIDE,72,96.3
zipf_alpha_1.5,280,TIDE,73,94.19999999999999
zipf_alpha_1.5,280,TIDE,74,94.89999999999999
zipf_alpha_1.5,280,TIDE,75,95.0
zipf_alpha_1.5,280,TIDE,76,95.19999999999999
zipf_alpha_1.5,280,TIDE,77,94.6
zipf_alpha_1.5,280,TIDE,78,95.0
zipf_alpha_1.5,280,TIDE,79,95.8
zipf_alpha_1.5,280,TIDE,80,94.89999999999999
zipf_alpha_1.5,280,TIDE,81,94.69999999999999
zipf_alpha_1.5,280,TIDE,82,94.89999999999999
zipf_alpha_1.5,280,TIDE,83,94.6
zipf_alpha_1.5,280,TIDE,84,96.39999999999999
zipf_alpha_1.5,280,TIDE,85,95.5
zipf_alpha_1.5,280,TIDE,86,96.3
zipf_alpha_1.5,280,TIDE,87,95.3
zipf_alpha_1.5,280,TIDE,88,93.0
zipf_alpha_1.5,280,TIDE,89,94.3
zipf_alpha_1.5,280,TIDE,90,94.6
zipf_alpha_1.5,280,TIDE,91,94.6
zipf_alpha_1.5,280,TIDE,92,95.89999999999999
zipf_alpha_1.5,280,TIDE,93,94.6
zipf_alpha_1.5,280,TIDE,94,94.6
zipf_alpha_1.5,280,TIDE,95,94.89999999999999
zipf_alpha_1.5,280,TIDE,96,95.89999999999999
zipf_alpha_1.5,280,TIDE,97,94.19999999999999
zipf_alpha_1.5,280,TIDE,98,94.6
zipf_alpha_1.5,280,TIDE,99,94.6
