trace,inst,n,footprint,c,frac,policy,seed,hit,hit_1st,hit_2nd,req_per_s,p50_us,p99_us,train_share,override_pct,bypass_pct,active_pct
lifecycle,0,500000,35919,3592,0.1,LRB,0,91.4572,91.7988,91.1156,493029.44955734035,,,,,,
lifecycle,0,500000,35919,3592,0.1,Belady,0,92.81620000000001,92.7732,92.8592,,,,,,,
lifecycle,0,500000,35919,3592,0.1,TIDE-oracle,0,91.50540000000001,91.81280000000001,91.19800000000001,111411.37442081893,,,,,,
lifecycle,0,500000,35919,3592,0.1,TIDE,0,91.47619999999999,91.7676,91.1848,95525.57623920478,16.094,30.829899999999995,0.18041907960903655,96.59941902299923,0.5783119686592223,89.3766
lifecycle,0,500000,35919,3592,0.1,TIDE,1,91.4412,91.686,91.1964,102244.38786577825,15.817,31.73552000000008,0.1743899372456313,98.19270335600652,1.1889369835291472,83.6294
lifecycle,0,500000,35919,3592,0.1,TIDE,2,91.3766,91.574,91.17920000000001,98194.56779092108,16.627,30.562640000000073,0.19191668998957145,98.06732297738237,1.994031848732465,83.6294
lifecycle,1,500000,36541,3654,0.1,LRB,0,91.3568,91.1452,91.56840000000001,501993.3941826296,,,,,,
lifecycle,1,500000,36541,3654,0.1,Belady,0,92.6918,92.1744,93.20920000000001,,,,,,,
lifecycle,1,500000,36541,3654,0.1,TIDE-oracle,0,91.42,91.1916,91.6484,119854.31980695059,,,,,,
lifecycle,1,500000,36541,3654,0.1,TIDE,0,91.4122,91.1592,91.6652,113614.42784055189,15.126,29.633599999999976,0.16141488275741553,96.88873590001589,0.4421966848488058,89.734
lifecycle,1,500000,36541,3654,0.1,TIDE,1,91.183,90.7004,91.6656,102512.94698437686,16.525,30.646959999999964,0.17971034017030266,98.4026890382799,2.7779321073392964,83.8876
lifecycle,1,500000,36541,3654,0.1,TIDE,2,90.971,90.28399999999999,91.658,111818.96296634857,14.195,29.76709999999997,0.16934728381802805,98.23706231212934,5.445879708614293,83.8876
cycle,0,500000,18845,1884,0.1,LRB,0,38.4582,25.796000000000003,51.1204,14420.177466451918,,,,,,
cycle,0,500000,18845,1884,0.1,Belady,0,53.199,52.769600000000004,53.6284,,,,,,,
cycle,0,500000,18845,1884,0.1,TIDE-oracle,0,43.5506,43.322,43.7792,61685.91670015116,,,,,,
cycle,0,500000,18845,1884,0.1,TIDE,0,42.379,43.1588,41.599199999999996,50450.85787521656,10.431,22.143060000000055,0.20906604781984492,83.7309433279015,37.74615245337679,96.9856
cycle,0,500000,18845,1884,0.1,TIDE,1,43.540800000000004,45.6244,41.4572,41343.56626905488,13.6,26.571399999999908,0.231752617315706,85.86156002974022,45.87021576453442,96.9856
cycle,0,500000,18845,1884,0.1,TIDE,2,43.4088,44.833600000000004,41.984,42158.890836237704,13.348,25.002,0.22564298172499686,84.17201412540913,43.96330640846344,96.9856
cycle,1,500000,18799,1880,0.1,LRB,0,37.0084,26.1528,47.864000000000004,12063.258524658644,,,,,,
cycle,1,500000,18799,1880,0.1,Belady,0,53.2186,52.907199999999996,53.53,,,,,,,
cycle,1,500000,18799,1880,0.1,TIDE-oracle,0,43.867200000000004,43.796400000000006,43.938,56721.688827736856,,,,,,
cycle,1,500000,18799,1880,0.1,TIDE,0,41.303,42.6792,39.9268,36074.09153767559,13.932,27.667029999999972,0.2346818894655707,83.83339604825025,35.249806530397805,96.992
cycle,1,500000,18799,1880,0.1,TIDE,1,43.1534,45.3744,40.9324,47870.86862141811,11.633,24.326,0.2301213532065291,86.13560118335377,45.13224639011033,96.992
cycle,1,500000,18799,1880,0.1,TIDE,2,42.4946,43.8844,41.104800000000004,44780.78805144747,12.741,24.629269999999902,0.22476291306143115,85.45949082468992,39.8233843475738,96.992
phases,0,500000,118610,11861,0.1,LRB,0,69.414,69.3544,69.4736,476509.63553739886,,,,,,
phases,0,500000,118610,11861,0.1,Belady,0,74.5146,72.2032,76.82600000000001,,,,,,,
phases,0,500000,118610,11861,0.1,TIDE-oracle,0,70.1874,70.24080000000001,70.134,90221.62115167672,,,,,,
phases,0,500000,118610,11861,0.1,TIDE,0,68.9608,68.5808,69.3408,53577.889429615156,19.4735,34.44047,0.1895358643469265,97.52939517337423,28.06952597528514,62.0448
phases,0,500000,118610,11861,0.1,TIDE,1,68.9346,68.6128,69.2564,68121.00569613303,18.599,31.62247,0.20327064907435446,96.7361532188931,84.97292324419261,37.9552
phases,0,500000,118610,11861,0.1,TIDE,2,69.0454,68.6092,69.4816,51894.73671355839,19.412,31.71529999999993,0.18904429056544578,97.86018019535197,84.80443752105086,37.9552
phases,1,500000,118702,11870,0.1,LRB,0,69.4218,69.3164,69.5272,404807.75107099785,,,,,,
phases,1,500000,118702,11870,0.1,Belady,0,74.4906,72.1596,76.8216,,,,,,,
phases,1,500000,118702,11870,0.1,TIDE-oracle,0,70.2384,70.2136,70.2632,66451.80276322964,,,,,,
phases,1,500000,118702,11870,0.1,TIDE,0,69.0778,68.4816,69.674,52654.72960245159,19.994,33.295,0.1849336365470497,97.45615126259484,49.75565546532085,62.016
phases,1,500000,118702,11870,0.1,TIDE,1,69.0778,68.568,69.58760000000001,66108.88803198352,15.544,35.443,0.16342087610292083,97.1967347971904,85.07878250965007,37.984
phases,1,500000,118702,11870,0.1,TIDE,2,68.9528,68.5612,69.3444,61404.87834310829,19.723,34.87457000000001,0.1728142805996209,97.05342889168166,83.5365646547332,28.488
lifecycle,0,500000,35919,359,0.01,LRB,0,66.9836,68.606,65.3612,282557.76686280937,,,,,,
lifecycle,0,500000,35919,359,0.01,Belady,0,81.407,82.3828,80.4312,,,,,,,
lifecycle,0,500000,35919,359,0.01,TIDE-oracle,0,73.5952,74.7344,72.456,51320.276060632525,,,,,,
lifecycle,0,500000,35919,359,0.01,TIDE,0,69.6744,71.0384,68.3104,47788.294561140196,20.347,34.357850000000035,0.1935908834261105,96.20816259178791,38.22502131404527,94.8966
lifecycle,0,500000,35919,359,0.01,TIDE,1,69.602,70.99,68.214,44811.904410747295,20.846,34.236919999999984,0.21501859548895744,89.32071792279079,41.56946300241956,90.8966
lifecycle,0,500000,35919,359,0.01,TIDE,2,69.396,70.7564,68.0356,46793.9981094118,21.2285,35.495,0.2194508203155199,93.96073708972779,46.53298980620589,48.8966
lifecycle,1,500000,36541,365,0.01,LRB,0,66.2382,66.5092,65.9672,314502.19191328186,,,,,,
lifecycle,1,500000,36541,365,0.01,Belady,0,81.128,81.3284,80.9276,,,,,,,
lifecycle,1,500000,36541,365,0.01,TIDE-oracle,0,72.96820000000001,73.08200000000001,72.8544,64384.84544961099,,,,,,
lifecycle,1,500000,36541,365,0.01,TIDE,0,69.23519999999999,69.388,69.08239999999999,39684.8680882368,22.69,39.08716000000003,0.21922105650404125,97.46034085427944,35.718688032584815,96.3834
lifecycle,1,500000,36541,365,0.01,TIDE,1,68.75919999999999,68.91760000000001,68.60079999999999,50699.312243147455,20.654,34.19743999999994,0.20363230892854534,92.8409090909091,45.65879382055853,86.3834
lifecycle,1,500000,36541,365,0.01,TIDE,2,68.6742,68.884,68.4644,41819.1206022382,22.436,37.18967999999991,0.22040522486559147,95.08444668515251,49.670783967733804,64.3834
cycle,0,500000,18845,188,0.01,LRB,0,18.961,16.224,21.698,7448.087196378296,,,,,,
cycle,0,500000,18845,188,0.01,Belady,0,23.6766,23.5824,23.7708,,,,,,,
cycle,0,500000,18845,188,0.01,TIDE-oracle,0,22.2154,22.1492,22.281599999999997,38115.8727683901,,,,,,
cycle,0,500000,18845,188,0.01,TIDE,0,22.1782,22.0092,22.3472,25225.86955902093,20.618,32.795560000000016,0.24375387004822244,90.8120341734504,62.81089663834678,21.616
cycle,0,500000,18845,188,0.01,TIDE,1,21.5136,20.9652,22.062,24251.15732580633,20.862,33.89,0.2457723371182344,96.33017358971341,93.07995374633883,36.816
cycle,0,500000,18845,188,0.01,TIDE,2,21.9942,21.6732,22.315199999999997,26343.249552233603,20.604,32.60625999999999,0.2481360756025215,96.61566559197898,88.49959932164222,13.616
cycle,1,500000,18799,188,0.01,LRB,0,19.2588,16.4312,22.0864,6537.665499496514,,,,,,
cycle,1,500000,18799,188,0.01,Belady,0,23.7704,23.8032,23.7376,,,,,,,
cycle,1,500000,18799,188,0.01,TIDE-oracle,0,22.2852,22.3324,22.238,35723.77149326196,,,,,,
cycle,1,500000,18799,188,0.01,TIDE,0,22.1112,22.008,22.2144,24829.085011977077,19.882,32.98890000000002,0.24230436773153555,94.63112885537195,74.29669882813944,41.6136
cycle,1,500000,18799,188,0.01,TIDE,1,21.8782,21.570800000000002,22.1856,24474.05518144138,22.15,35.81228,0.24563085572824464,98.77340284724117,95.99385691047053,25.2136
cycle,1,500000,18799,188,0.01,TIDE,2,21.9086,21.8244,21.992800000000003,26363.911896714915,22.7055,35.116,0.24933617090709378,98.75052943667937,93.21867247534338,16.8136
phases,0,500000,118610,1186,0.01,LRB,0,33.239000000000004,32.6392,33.8388,43498.0933826972,,,,,,
phases,0,500000,118610,1186,0.01,Belady,0,60.4468,60.4672,60.4264,,,,,,,
phases,0,500000,118610,1186,0.01,TIDE-oracle,0,53.628,54.7548,52.501200000000004,38789.70143630112,,,,,,
phases,0,500000,118610,1186,0.01,TIDE,0,36.894,37.190400000000004,36.5976,23786.467406568278,23.474,38.04427000000002,0.2093431822612839,60.30748333743932,45.507933442974426,93.5834
phases,0,500000,118610,1186,0.01,TIDE,1,41.6638,37.0296,46.298,27447.70057944369,21.97,34.19329999999999,0.21189113331663575,61.48927813404032,46.711684152485404,87.8906
phases,0,500000,118610,1186,0.01,TIDE,2,43.6112,37.3548,49.8676,26912.1129158544,22.335,37.01998999999999,0.2143844350017243,73.31513088247614,62.88489805865911,91.6858
phases,1,500000,118702,1187,0.01,LRB,0,33.1808,32.623999999999995,33.7376,47274.636963493205,,,,,,
phases,1,500000,118702,1187,0.01,Belady,0,60.4346,60.4048,60.4644,,,,,,,
phases,1,500000,118702,1187,0.01,TIDE-oracle,0,52.6066,54.8296,50.383599999999994,38832.113137990345,,,,,,
phases,1,500000,118702,1187,0.01,TIDE,0,36.9226,37.180400000000006,36.6648,24963.534369884168,22.233,34.71754999999999,0.20926714717945633,59.943827337362485,44.45070065901261,93.5688
phases,1,500000,118702,1187,0.01,TIDE,1,45.251999999999995,37.197599999999994,53.3064,31314.0954049217,20.829,39.034599999999976,0.1967548220404563,74.87270955778358,62.30709997799918,91.6696
phases,1,500000,118702,1187,0.01,TIDE,2,40.854,37.0636,44.6444,28823.971043865276,20.976,34.089,0.21531398204762237,67.89224377661897,59.921388871262145,87.8712
lifecycle,0,500000,35919,36,0.001,LRB,0,34.1862,36.55,31.822400000000002,222797.61855973004,,,,,,
lifecycle,0,500000,35919,36,0.001,Belady,0,54.4498,56.102799999999995,52.7968,,,,,,,
lifecycle,0,500000,35919,36,0.001,TIDE-oracle,0,49.4612,51.22,47.7024,43228.15122546155,,,,,,
lifecycle,0,500000,35919,36,0.001,TIDE,0,44.973400000000005,46.7452,43.2016,32920.421016714536,17.129,39.148450000000075,0.23136554388921082,94.67492848938863,80.18845149349272,99.1114
lifecycle,0,500000,35919,36,0.001,TIDE,1,44.989200000000004,46.706399999999995,43.272,26878.895647482343,21.901,36.08452000000002,0.24499978896981237,94.52630192420978,83.62647133077455,99.1114
lifecycle,0,500000,35919,36,0.001,TIDE,2,44.9906,46.7684,43.2128,27154.25312808937,22.188,36.57902000000002,0.24294945481862606,94.53018660812295,83.5192096597146,99.1114
lifecycle,1,500000,36541,37,0.001,LRB,0,32.087199999999996,31.432,32.742399999999996,232129.65421327928,,,,,,
lifecycle,1,500000,36541,37,0.001,Belady,0,53.176199999999994,52.7976,53.5548,,,,,,,
lifecycle,1,500000,36541,37,0.001,TIDE-oracle,0,47.8936,47.3456,48.4416,33175.60881440559,,,,,,
lifecycle,1,500000,36541,37,0.001,TIDE,0,43.363600000000005,42.454,44.2732,25282.33431473949,22.592,36.135400000000025,0.24529734165676356,95.07090547949586,82.1497987073208,99.0672
lifecycle,1,500000,36541,37,0.001,TIDE,1,43.3368,42.3984,44.2752,25806.7785737993,22.164,37.13171999999997,0.2454580544681156,95.15316179212616,84.5467298847513,99.0672
lifecycle,1,500000,36541,37,0.001,TIDE,2,43.385400000000004,42.4812,44.2896,26003.47572077738,22.038,35.43336999999993,0.2451453640661321,95.61498922942394,85.5581859932746,99.0672
cycle,0,500000,18845,19,0.001,LRB,0,12.3396,8.2124,16.4668,8381.641555436101,,,,,,
cycle,0,500000,18845,19,0.001,Belady,0,17.5488,17.522399999999998,17.5752,,,,,,,
cycle,0,500000,18845,19,0.001,TIDE-oracle,0,16.9088,16.8888,16.9288,26099.52885452013,,,,,,
cycle,0,500000,18845,19,0.001,TIDE,0,16.240199999999998,16.1776,16.3028,33657.82565029156,10.14,29.259460000000022,0.22626420437289024,42.04296971573548,34.832784870589194,99.4982
cycle,0,500000,18845,19,0.001,TIDE,1,16.1294,16.0416,16.217200000000002,21098.802730365733,20.96,33.327279999999966,0.24204555361995098,97.23831599839875,96.6294558852083,99.4982
cycle,0,500000,18845,19,0.001,TIDE,2,16.24,16.1796,16.3004,22786.381806249192,16.729,32.51604999999999,0.23065831491247407,54.36224857184005,52.35658393740099,99.4982
cycle,1,500000,18799,19,0.001,LRB,0,12.4028,8.2832,16.5224,7451.758740367765,,,,,,
cycle,1,500000,18799,19,0.001,Belady,0,17.596,17.616799999999998,17.5752,,,,,,,
cycle,1,500000,18799,19,0.001,TIDE-oracle,0,16.9418,16.953599999999998,16.93,25752.632485534592,,,,,,
cycle,1,500000,18799,19,0.001,TIDE,0,16.271,16.2132,16.328799999999998,25835.147425198793,15.587,30.162349999999975,0.2408252017596237,43.102198018565744,33.71031488764989,99.4954
cycle,1,500000,18799,19,0.001,TIDE,1,16.208,16.1636,16.2524,25051.50569278687,15.833,33.82040000000002,0.23432896199616546,97.49820649213856,96.91636614912868,99.4954
cycle,1,500000,18799,19,0.001,TIDE,2,16.2822,16.2364,16.328,20949.804920792954,20.01,33.15590999999997,0.2376179426250937,79.34271511250931,78.25700631589059,99.4954
phases,0,500000,118610,119,0.001,LRB,0,20.241,19.162000000000003,21.32,45141.36810298022,,,,,,
phases,0,500000,118610,119,0.001,Belady,0,32.275999999999996,32.3152,32.2368,,,,,,,
phases,0,500000,118610,119,0.001,TIDE-oracle,0,29.155399999999997,29.2744,29.0364,27999.81737488635,,,,,,
phases,0,500000,118610,119,0.001,TIDE,0,26.4162,26.535999999999998,26.2964,28225.053729718802,18.461,34.34850999999995,0.20958130768443883,52.82132698286697,44.66522237657384,98.3706
phases,0,500000,118610,119,0.001,TIDE,1,27.4254,27.041999999999998,27.8088,22613.659263939102,20.249,35.22926000000001,0.23571686983917065,99.133970952887,96.8079348211123,96.7706
phases,0,500000,118610,119,0.001,TIDE,2,27.5368,27.3932,27.6804,23369.725295716784,18.005,35.908830000000016,0.23105171732446994,99.2038442543384,96.98596154610324,96.7706
phases,1,500000,118702,119,0.001,LRB,0,20.214,19.1832,21.2448,46437.40516640262,,,,,,
phases,1,500000,118702,119,0.001,Belady,0,32.2504,32.274,32.2268,,,,,,,
phases,1,500000,118702,119,0.001,TIDE-oracle,0,29.2442,29.2228,29.265600000000003,36507.63937712795,,,,,,
phases,1,500000,118702,119,0.001,TIDE,0,26.4722,26.641199999999998,26.3032,29606.275646749775,15.08,32.59561999999999,0.22415358074811229,56.22420831954099,41.70335429769392,98.3546
phases,1,500000,118702,119,0.001,TIDE,1,27.9718,28.019199999999998,27.9244,22061.67909906707,21.683,36.64519999999995,0.24242280073056474,98.87829164417252,95.82080087748614,96.7546
phases,1,500000,118702,119,0.001,TIDE,2,27.166800000000002,27.942800000000002,26.3908,22133.097410226565,20.318,37.316660000000034,0.23723636056061884,73.4919631569442,71.06031018602131,96.7546
lifecycle,0,500000,35919,3592,0.1,LRU,0,91.4572,91.7988,91.1156,2268734.2077061,,,,,,
lifecycle,0,500000,35919,3592,0.1,LFU,0,32.3196,43.4264,21.2128,695292.672534611,,,,,,
lifecycle,0,500000,35919,3592,0.1,LFU*,0,62.1506,71.9348,52.3664,363900.657670692,,,,,,
lifecycle,0,500000,35919,3592,0.1,ARC,0,91.4796,91.8044,91.15480000000001,1507322.3413145326,,,,,,
lifecycle,0,500000,35919,3592,0.1,S3-FIFO,0,88.7606,89.3744,88.1468,1381259.34558244,,,,,,
lifecycle,0,500000,35919,3592,0.1,SIEVE,0,88.30940000000001,89.1216,87.49719999999999,2016733.6538897364,,,,,,
lifecycle,0,500000,35919,3592,0.1,LIRS,0,86.6292,87.522,85.7364,390040.6231599483,,,,,,
lifecycle,0,500000,35919,3592,0.1,LeCaR,0,91.252,91.58,90.924,509710.5517902993,,,,,,
lifecycle,0,500000,35919,3592,0.1,Cacheus,0,90.63940000000001,91.11359999999999,90.1652,222998.62374521984,,,,,,
lifecycle,1,500000,36541,3654,0.1,LRU,0,91.3568,91.1452,91.56840000000001,2287472.6227870877,,,,,,
lifecycle,1,500000,36541,3654,0.1,LFU,0,29.9026,36.2828,23.522399999999998,710046.3107674374,,,,,,
lifecycle,1,500000,36541,3654,0.1,LFU*,0,61.401399999999995,68.658,54.144800000000004,383989.8306221631,,,,,,
lifecycle,1,500000,36541,3654,0.1,ARC,0,91.39779999999999,91.1648,91.63080000000001,1534193.346481651,,,,,,
lifecycle,1,500000,36541,3654,0.1,S3-FIFO,0,88.6838,88.586,88.78160000000001,1301557.62607482,,,,,,
lifecycle,1,500000,36541,3654,0.1,SIEVE,0,88.12339999999999,87.90440000000001,88.3424,1956569.188483156,,,,,,
lifecycle,1,500000,36541,3654,0.1,LIRS,0,86.45620000000001,86.4288,86.48360000000001,364934.0872984944,,,,,,
lifecycle,1,500000,36541,3654,0.1,LeCaR,0,91.15480000000001,90.9672,91.3424,478882.21611750085,,,,,,
lifecycle,1,500000,36541,3654,0.1,Cacheus,0,90.544,90.4308,90.6572,221192.16393596056,,,,,,
cycle,0,500000,18845,1884,0.1,LRU,0,20.8198,20.7308,20.9088,1158895.9206927572,,,,,,
cycle,0,500000,18845,1884,0.1,LFU,0,24.1004,23.5584,24.642400000000002,664765.1670647842,,,,,,
cycle,0,500000,18845,1884,0.1,LFU*,0,21.6504,21.5624,21.7384,328518.95074778964,,,,,,
cycle,0,500000,18845,1884,0.1,ARC,0,24.2454,23.666400000000003,24.8244,454314.71305877087,,,,,,
cycle,0,500000,18845,1884,0.1,S3-FIFO,0,24.1208,23.535600000000002,24.706,461716.97353820916,,,,,,
cycle,0,500000,18845,1884,0.1,SIEVE,0,24.1004,23.5584,24.642400000000002,1027712.8821609463,,,,,,
cycle,0,500000,18845,1884,0.1,LIRS,0,50.307199999999995,49.84,50.7744,329580.6967590527,,,,,,
cycle,0,500000,18845,1884,0.1,LeCaR,0,21.1024,20.968,21.2368,365069.4172158963,,,,,,
cycle,0,500000,18845,1884,0.1,Cacheus,0,41.278999999999996,31.9768,50.5812,212024.28378064957,,,,,,
cycle,1,500000,18799,1880,0.1,LRU,0,20.9158,20.97,20.8616,1054676.7637206488,,,,,,
cycle,1,500000,18799,1880,0.1,LFU,0,24.1858,23.8072,24.5644,750180.2544373596,,,,,,
cycle,1,500000,18799,1880,0.1,LFU*,0,21.811600000000002,21.8496,21.773600000000002,319651.76083597745,,,,,,
cycle,1,500000,18799,1880,0.1,ARC,0,24.3258,23.9208,24.7308,626348.7237537972,,,,,,
cycle,1,500000,18799,1880,0.1,S3-FIFO,0,24.177599999999998,23.6856,24.6696,395624.97519810573,,,,,,
cycle,1,500000,18799,1880,0.1,SIEVE,0,24.1858,23.8072,24.5644,1178510.512289934,,,,,,
cycle,1,500000,18799,1880,0.1,LIRS,0,50.4058,50.113600000000005,50.698,346955.6073179541,,,,,,
cycle,1,500000,18799,1880,0.1,LeCaR,0,21.1962,21.2684,21.124000000000002,347324.3860019328,,,,,,
cycle,1,500000,18799,1880,0.1,Cacheus,0,41.8602,32.867200000000004,50.8532,203181.27356812565,,,,,,
phases,0,500000,118610,11861,0.1,LRU,0,69.414,69.3544,69.4736,1841820.1057820404,,,,,,
phases,0,500000,118610,11861,0.1,LFU,0,70.0384,68.8652,71.2116,694403.4842829714,,,,,,
phases,0,500000,118610,11861,0.1,LFU*,0,70.3696,68.9496,71.7896,526630.739046927,,,,,,
phases,0,500000,118610,11861,0.1,ARC,0,69.2242,69.0948,69.3536,667780.8822179711,,,,,,
phases,0,500000,118610,11861,0.1,S3-FIFO,0,69.6172,68.7128,70.52159999999999,606015.8578500238,,,,,,
phases,0,500000,118610,11861,0.1,SIEVE,0,70.0384,68.8652,71.2116,1405873.4767691905,,,,,,
phases,0,500000,118610,11861,0.1,LIRS,0,68.4072,67.8716,68.9428,243558.67176082154,,,,,,
phases,0,500000,118610,11861,0.1,LeCaR,0,69.423,69.3476,69.4984,359620.8427981673,,,,,,
phases,0,500000,118610,11861,0.1,Cacheus,0,69.1946,68.884,69.5052,174221.58451112258,,,,,,
phases,1,500000,118702,11870,0.1,LRU,0,69.4218,69.3164,69.5272,2031264.6320928275,,,,,,
phases,1,500000,118702,11870,0.1,LFU,0,70.05120000000001,68.8668,71.2356,508556.16919572244,,,,,,
phases,1,500000,118702,11870,0.1,LFU*,0,70.41579999999999,68.9704,71.8612,465202.33717481594,,,,,,
phases,1,500000,118702,11870,0.1,ARC,0,69.2996,69.092,69.5072,1040838.7639970242,,,,,,
phases,1,500000,118702,11870,0.1,S3-FIFO,0,69.6024,68.64959999999999,70.5552,916018.5760434335,,,,,,
phases,1,500000,118702,11870,0.1,SIEVE,0,70.05120000000001,68.8668,71.2356,1001446.2807081752,,,,,,
phases,1,500000,118702,11870,0.1,LIRS,0,68.4986,67.88,69.1172,241330.8186449299,,,,,,
phases,1,500000,118702,11870,0.1,LeCaR,0,69.4232,69.3088,69.5376,330302.83891755115,,,,,,
phases,1,500000,118702,11870,0.1,Cacheus,0,69.07039999999999,69.0116,69.1292,195303.62962956453,,,,,,
lifecycle,0,500000,35919,359,0.01,LRU,0,66.9836,68.606,65.3612,1985223.1108850813,,,,,,
lifecycle,0,500000,35919,359,0.01,LFU,0,21.1656,27.604,14.727199999999998,779038.3029543329,,,,,,
lifecycle,0,500000,35919,359,0.01,LFU*,0,36.5152,43.9588,29.071599999999997,347586.7274922824,,,,,,
lifecycle,0,500000,35919,359,0.01,ARC,0,69.513,70.8008,68.2252,1025246.9270329248,,,,,,
lifecycle,0,500000,35919,359,0.01,S3-FIFO,0,69.1364,70.3952,67.8776,938500.400955425,,,,,,
lifecycle,0,500000,35919,359,0.01,SIEVE,0,62.791799999999995,64.2272,61.3564,2047295.6244369547,,,,,,
lifecycle,0,500000,35919,359,0.01,LIRS,0,69.19800000000001,70.4372,67.9588,335362.1216915614,,,,,,
lifecycle,0,500000,35919,359,0.01,LeCaR,0,67.5822,69.148,66.0164,357885.78867275675,,,,,,
lifecycle,0,500000,35919,359,0.01,Cacheus,0,68.58999999999999,70.0188,67.1612,189259.67657205678,,,,,,
lifecycle,1,500000,36541,365,0.01,LRU,0,66.2382,66.5092,65.9672,1695056.5242703953,,,,,,
lifecycle,1,500000,36541,365,0.01,LFU,0,17.207,20.732400000000002,13.6816,704096.2932461346,,,,,,
lifecycle,1,500000,36541,365,0.01,LFU*,0,35.1028,39.2084,30.997200000000003,328061.9860995937,,,,,,
lifecycle,1,500000,36541,365,0.01,ARC,0,68.862,68.8636,68.8604,1023606.0359514479,,,,,,
lifecycle,1,500000,36541,365,0.01,S3-FIFO,0,68.487,68.4044,68.5696,962843.3568487214,,,,,,
lifecycle,1,500000,36541,365,0.01,SIEVE,0,61.887800000000006,61.3968,62.3788,1882306.5824017164,,,,,,
lifecycle,1,500000,36541,365,0.01,LIRS,0,68.5114,68.39880000000001,68.624,358379.27511329,,,,,,
lifecycle,1,500000,36541,365,0.01,LeCaR,0,66.7864,67.11399999999999,66.4588,421718.446699751,,,,,,
lifecycle,1,500000,36541,365,0.01,Cacheus,0,67.9482,67.86720000000001,68.0292,200049.17224655632,,,,,,
cycle,0,500000,18845,188,0.01,LRU,0,14.988399999999999,14.962800000000001,15.014,1749178.9231702606,,,,,,
cycle,0,500000,18845,188,0.01,LFU,0,21.485599999999998,21.09,21.8812,793583.1979973343,,,,,,
cycle,0,500000,18845,188,0.01,LFU*,0,21.561,21.4096,21.712400000000002,380277.9897361768,,,,,,
cycle,0,500000,18845,188,0.01,ARC,0,22.016,21.642400000000002,22.3896,682317.1097670967,,,,,,
cycle,0,500000,18845,188,0.01,S3-FIFO,0,21.895400000000002,21.5008,22.29,523611.2020272951,,,,,,
cycle,0,500000,18845,188,0.01,SIEVE,0,21.485599999999998,21.09,21.8812,1886522.993277859,,,,,,
cycle,0,500000,18845,188,0.01,LIRS,0,22.155,22.0008,22.3092,313086.6082660367,,,,,,
cycle,0,500000,18845,188,0.01,LeCaR,0,15.8114,15.888399999999999,15.7344,388406.0897185689,,,,,,
cycle,0,500000,18845,188,0.01,Cacheus,0,21.1426,20.778,21.5072,185411.51172987503,,,,,,
cycle,1,500000,18799,188,0.01,LRU,0,15.062999999999999,15.079600000000001,15.046399999999998,1702204.4630402909,,,,,,
cycle,1,500000,18799,188,0.01,LFU,0,21.5254,21.2104,21.8404,911296.6944554597,,,,,,
cycle,1,500000,18799,188,0.01,LFU*,0,21.722,21.6888,21.7552,396594.45546743,,,,,,
cycle,1,500000,18799,188,0.01,ARC,0,22.0854,21.8296,22.3412,805601.7770914119,,,,,,
cycle,1,500000,18799,188,0.01,S3-FIFO,0,21.9526,21.65,22.2552,751702.792496425,,,,,,
cycle,1,500000,18799,188,0.01,SIEVE,0,21.5254,21.2104,21.8404,1715338.6224584274,,,,,,
cycle,1,500000,18799,188,0.01,LIRS,0,22.276799999999998,22.2276,22.325999999999997,295883.04648341157,,,,,,
cycle,1,500000,18799,188,0.01,LeCaR,0,15.795600000000002,15.806400000000002,15.784799999999999,378734.5148079419,,,,,,
cycle,1,500000,18799,188,0.01,Cacheus,0,21.3718,21.2748,21.468799999999998,206038.75033910535,,,,,,
phases,0,500000,118610,1186,0.01,LRU,0,32.6072,32.6392,32.575199999999995,1667370.1301249324,,,,,,
phases,0,500000,118610,1186,0.01,LFU,0,31.934600000000003,31.298399999999997,32.5708,714506.7132541721,,,,,,
phases,0,500000,118610,1186,0.01,LFU*,0,35.2442,32.1916,38.2968,342622.90516438737,,,,,,
phases,0,500000,118610,1186,0.01,ARC,0,36.7738,36.928,36.619600000000005,799627.161361273,,,,,,
phases,0,500000,118610,1186,0.01,S3-FIFO,0,36.4732,36.6444,36.302,663977.0946493498,,,,,,
phases,0,500000,118610,1186,0.01,SIEVE,0,33.622,33.0496,34.1944,1931877.8079138517,,,,,,
phases,0,500000,118610,1186,0.01,LIRS,0,36.772,36.9452,36.5988,242986.47779035883,,,,,,
phases,0,500000,118610,1186,0.01,LeCaR,0,32.835,32.891999999999996,32.778,323335.63993005804,,,,,,
phases,0,500000,118610,1186,0.01,Cacheus,0,45.7816,43.2264,48.336800000000004,189243.5436072574,,,,,,
phases,1,500000,118702,1187,0.01,LRU,0,32.539,32.623999999999995,32.454,1715033.4806433863,,,,,,
phases,1,500000,118702,1187,0.01,LFU,0,31.963599999999996,31.488,32.4392,755062.8409436,,,,,,
phases,1,500000,118702,1187,0.01,LFU*,0,35.7782,32.2928,39.2636,259665.85933390487,,,,,,
phases,1,500000,118702,1187,0.01,ARC,0,36.769,36.8936,36.6444,775479.2517608277,,,,,,
phases,1,500000,118702,1187,0.01,S3-FIFO,0,36.5222,36.686800000000005,36.3576,715430.4367120811,,,,,,
phases,1,500000,118702,1187,0.01,SIEVE,0,34.01,33.8492,34.1708,1803236.4242085563,,,,,,
phases,1,500000,118702,1187,0.01,LIRS,0,36.8056,36.9568,36.654399999999995,218907.97781540256,,,,,,
phases,1,500000,118702,1187,0.01,LeCaR,0,32.746399999999994,32.8388,32.653999999999996,345942.49684305704,,,,,,
phases,1,500000,118702,1187,0.01,Cacheus,0,47.3776,47.565200000000004,47.19,156339.09990042215,,,,,,
lifecycle,0,500000,35919,36,0.001,LRU,0,34.1862,36.55,31.822400000000002,1638391.7550463742,,,,,,
lifecycle,0,500000,35919,36,0.001,LFU,0,11.9962,15.0568,8.9356,752803.4320769844,,,,,,
lifecycle,0,500000,35919,36,0.001,LFU*,0,18.869,24.4844,13.253599999999999,305877.015135402,,,,,,
lifecycle,0,500000,35919,36,0.001,ARC,0,43.5922,45.4668,41.7176,840654.13766622,,,,,,
lifecycle,0,500000,35919,36,0.001,S3-FIFO,0,44.724799999999995,46.5128,42.936800000000005,772386.426461855,,,,,,
lifecycle,0,500000,35919,36,0.001,SIEVE,0,40.8904,42.8,38.9808,1909698.909303142,,,,,,
lifecycle,0,500000,35919,36,0.001,LIRS,0,44.1712,46.0384,42.304,297718.5531341369,,,,,,
lifecycle,0,500000,35919,36,0.001,LeCaR,0,35.333999999999996,37.7592,32.9088,422915.2089220667,,,,,,
lifecycle,0,500000,35919,36,0.001,Cacheus,0,43.8566,45.7744,41.9388,213594.79715098618,,,,,,
lifecycle,1,500000,36541,37,0.001,LRU,0,32.087199999999996,31.432,32.742399999999996,1166094.5445343081,,,,,,
lifecycle,1,500000,36541,37,0.001,LFU,0,6.718,8.4324,5.0036,646240.3866902477,,,,,,
lifecycle,1,500000,36541,37,0.001,LFU*,0,17.3104,18.6708,15.950000000000001,213381.61671101206,,,,,,
lifecycle,1,500000,36541,37,0.001,ARC,0,41.8852,40.9944,42.775999999999996,767597.682722642,,,,,,
lifecycle,1,500000,36541,37,0.001,S3-FIFO,0,43.0716,42.2348,43.9084,824490.6844840313,,,,,,
lifecycle,1,500000,36541,37,0.001,SIEVE,0,39.1978,38.0028,40.3928,1982337.3582782794,,,,,,
lifecycle,1,500000,36541,37,0.001,LIRS,0,42.4666,41.5956,43.337599999999995,269636.2080468105,,,,,,
lifecycle,1,500000,36541,37,0.001,LeCaR,0,33.494,32.711600000000004,34.2764,434646.1139417319,,,,,,
lifecycle,1,500000,36541,37,0.001,Cacheus,0,42.2738,41.376400000000004,43.1712,209085.9975353733,,,,,,
cycle,0,500000,18845,19,0.001,LRU,0,6.3014,6.2796,6.3232,1519120.1151787478,,,,,,
cycle,0,500000,18845,19,0.001,LFU,0,15.645000000000001,15.621199999999998,15.6688,771292.3518115366,,,,,,
cycle,0,500000,18845,19,0.001,LFU*,0,16.4828,16.436400000000003,16.5292,347270.4819670235,,,,,,
cycle,0,500000,18845,19,0.001,ARC,0,16.037399999999998,15.981200000000001,16.0936,665362.8234515825,,,,,,
cycle,0,500000,18845,19,0.001,S3-FIFO,0,16.298000000000002,16.23,16.366,667314.7146708599,,,,,,
cycle,0,500000,18845,19,0.001,SIEVE,0,15.9008,15.8324,15.9692,1833145.733474297,,,,,,
cycle,0,500000,18845,19,0.001,LIRS,0,16.0284,15.9652,16.0916,316744.3497387262,,,,,,
cycle,0,500000,18845,19,0.001,LeCaR,0,8.7374,8.5964,8.878400000000001,398232.7418532255,,,,,,
cycle,0,500000,18845,19,0.001,Cacheus,0,14.11,13.4852,14.7348,217132.00955028392,,,,,,
cycle,1,500000,18799,19,0.001,LRU,0,6.303599999999999,6.2924,6.3148,1538551.7117926346,,,,,,
cycle,1,500000,18799,19,0.001,LFU,0,16.0008,15.966,16.0356,678177.2230919072,,,,,,
cycle,1,500000,18799,19,0.001,LFU*,0,16.5392,16.526,16.5524,346004.2186522047,,,,,,
cycle,1,500000,18799,19,0.001,ARC,0,16.031000000000002,15.9672,16.0948,648905.1203653004,,,,,,
cycle,1,500000,18799,19,0.001,S3-FIFO,0,16.348,16.3004,16.395599999999998,648010.7129960951,,,,,,
cycle,1,500000,18799,19,0.001,SIEVE,0,16.156200000000002,15.9724,16.34,1850211.3242899426,,,,,,
cycle,1,500000,18799,19,0.001,LIRS,0,16.0292,15.973200000000002,16.0852,329577.2775461179,,,,,,
cycle,1,500000,18799,19,0.001,LeCaR,0,8.7698,8.6728,8.8668,410751.82464618294,,,,,,
cycle,1,500000,18799,19,0.001,Cacheus,0,14.7092,14.642,14.7764,200691.43900370164,,,,,,
phases,0,500000,118610,119,0.001,LRU,0,19.1674,19.162000000000003,19.172800000000002,1750781.167917881,,,,,,
phases,0,500000,118610,119,0.001,LFU,0,16.178,16.1408,16.2152,753410.9021087635,,,,,,
phases,0,500000,118610,119,0.001,LFU*,0,24.184,24.1316,24.2364,328350.5045390027,,,,,,
phases,0,500000,118610,119,0.001,ARC,0,26.1276,26.1744,26.0808,732881.3633443236,,,,,,
phases,0,500000,118610,119,0.001,S3-FIFO,0,26.374599999999997,26.438,26.3112,689219.9324037083,,,,,,
phases,0,500000,118610,119,0.001,SIEVE,0,26.0258,26.095200000000002,25.956400000000002,1906050.7290695435,,,,,,
phases,0,500000,118610,119,0.001,LIRS,0,26.267000000000003,26.3108,26.223200000000002,242532.41787981484,,,,,,
phases,0,500000,118610,119,0.001,LeCaR,0,19.8104,19.8604,19.7604,349549.8958544282,,,,,,
phases,0,500000,118610,119,0.001,Cacheus,0,27.8352,27.866000000000003,27.8044,182044.18477491708,,,,,,
phases,1,500000,118702,119,0.001,LRU,0,19.182199999999998,19.1832,19.1812,1790780.2623720346,,,,,,
phases,1,500000,118702,119,0.001,LFU,0,16.9468,16.722,17.1716,740782.2574707364,,,,,,
phases,1,500000,118702,119,0.001,LFU*,0,24.2408,24.1984,24.2832,322027.9678816335,,,,,,
phases,1,500000,118702,119,0.001,ARC,0,26.208199999999998,26.2844,26.131999999999998,819408.4052242321,,,,,,
phases,1,500000,118702,119,0.001,S3-FIFO,0,26.450200000000002,26.500400000000003,26.400000000000002,833800.8844005035,,,,,,
phases,1,500000,118702,119,0.001,SIEVE,0,26.100800000000003,26.130399999999998,26.0712,2058638.9046216107,,,,,,
phases,1,500000,118702,119,0.001,LIRS,0,26.3322,26.4084,26.256,321277.83122046123,,,,,,
phases,1,500000,118702,119,0.001,LeCaR,0,19.8002,19.7288,19.8716,386641.23867450893,,,,,,
phases,1,500000,118702,119,0.001,Cacheus,0,27.916600000000003,28.0136,27.8196,177003.4181264911,,,,,,
zipf_100k,0,100000,19354,1935,0.1,LRB,0,74.10900000000001,73.748,74.47,244007.29371963048,,,,,,
zipf_100k,0,100000,19354,1935,0.1,Belady,0,80.176,78.27199999999999,82.08,,,,,,,
zipf_100k,0,100000,19354,1935,0.1,TIDE-oracle,0,78.277,76.984,79.57,68084.54149566537,,,,,,
zipf_100k,0,100000,19354,1935,0.1,TIDE,0,77.44,75.802,79.078,62401.048122945984,23.16,37.90725999999997,0.15642035350249917,99.50171286203675,65.9171597633136,75.003
zipf_100k,0,100000,19354,1935,0.1,TIDE,1,77.229,75.71600000000001,78.742,62412.1722259659,25.01,55.17820000000004,0.12844457435462864,99.73564490347965,71.91073404647732,75.003
zipf_100k,0,100000,19354,1935,0.1,TIDE,2,77.218,75.724,78.712,61491.207116181155,23.504,39.22648,0.15804256370995695,99.72967991644651,77.76617312772623,75.003
zipf_100k,1,100000,19382,1938,0.1,LRB,0,74.051,73.846,74.256,219677.12554681077,,,,,,
zipf_100k,1,100000,19382,1938,0.1,Belady,0,80.145,78.324,81.96600000000001,,,,,,,
zipf_100k,1,100000,19382,1938,0.1,TIDE-oracle,0,78.173,76.94,79.406,66723.45246158828,,,,,,
zipf_100k,1,100000,19382,1938,0.1,TIDE,0,77.336,75.80799999999999,78.864,62674.8016277758,22.922,37.46006000000003,0.15719491877496625,99.7645600991326,66.11524163568774,74.868
zipf_100k,1,100000,19382,1938,0.1,TIDE,1,77.09899999999999,75.702,78.496,93334.59458242253,13.673,31.723479999999988,0.14596650913366624,99.57867741344569,74.89772241558283,74.868
zipf_100k,1,100000,19382,1938,0.1,TIDE,2,77.133,75.77199999999999,78.494,59064.860405494444,23.942,38.247659999999996,0.15786835158092064,99.76748454996023,79.06749066878785,74.868
web_traffic_100k,0,100000,4989,499,0.1,LRB,0,67.714,67.834,67.594,207518.94555122755,,,,,,
web_traffic_100k,0,100000,4989,499,0.1,Belady,0,78.888,78.606,79.17,,,,,,,
web_traffic_100k,0,100000,4989,499,0.1,TIDE-oracle,0,73.03699999999999,73.302,72.772,55191.38571394435,,,,,,
web_traffic_100k,0,100000,4989,499,0.1,TIDE,0,71.084,71.0,71.16799999999999,46341.25048451812,23.31,36.17712,0.1990598692971875,93.57145743262355,20.231120449311085,85.907
web_traffic_100k,0,100000,4989,499,0.1,TIDE,1,71.107,71.098,71.116,44376.014854491325,25.015,57.5371100000001,0.16616593970120125,94.91545991424643,41.942399482242536,85.907
web_traffic_100k,0,100000,4989,499,0.1,TIDE,2,71.036,71.112,70.96000000000001,46644.68510381997,22.765,36.140480000000004,0.19756418786562643,97.30073651332279,53.214051594493505,89.907
web_traffic_100k,1,100000,4996,500,0.1,LRB,0,67.772,67.4,68.144,208960.96806162884,,,,,,
web_traffic_100k,1,100000,4996,500,0.1,Belady,0,78.81,78.29599999999999,79.324,,,,,,,
web_traffic_100k,1,100000,4996,500,0.1,TIDE-oracle,0,73.053,73.1,73.006,82719.5533513733,,,,,,
web_traffic_100k,1,100000,4996,500,0.1,TIDE,0,70.993,70.718,71.268,45380.60854113659,24.348,36.529440000000015,0.17190232738745925,93.83321112954887,23.47856288349477,90.004
web_traffic_100k,1,100000,4996,500,0.1,TIDE,1,71.078,70.75200000000001,71.404,45554.21021874935,23.279,38.40792,0.20027285431992142,95.76951130561633,45.40076181214037,86.004
web_traffic_100k,1,100000,4996,500,0.1,TIDE,2,70.926,70.734,71.11800000000001,43937.97874502557,23.91,39.182840000000105,0.19986148535634904,97.23521726303368,56.26922914822776,82.004
zipf_alpha_0.5,0,100000,9987,999,0.1,LRB,0,18.104,18.078,18.13,171643.51707399345,,,,,,
zipf_alpha_0.5,0,100000,9987,999,0.1,Belady,0,48.152,47.146,49.158,,,,,,,
zipf_alpha_0.5,0,100000,9987,999,0.1,TIDE-oracle,0,32.397,32.266,32.528,27963.407702111304,,,,,,
zipf_alpha_0.5,0,100000,9987,999,0.1,TIDE,0,25.833000000000002,24.46,27.206000000000003,23791.195186047644,21.407,38.05087999999989,0.22378653282798716,97.95453199928956,73.67533005742703,91.813
zipf_alpha_0.5,0,100000,9987,999,0.1,TIDE,1,25.765,24.163999999999998,27.366,21287.883527160633,22.5015,46.17821000000002,0.19846123125805795,97.55145493257629,76.16069316299976,91.813
zipf_alpha_0.5,0,100000,9987,999,0.1,TIDE,2,25.648,24.244,27.052,21990.87111835169,22.062,36.219560000000016,0.22454543864190438,96.88556288653707,77.00777871260092,91.813
zipf_alpha_0.5,1,100000,9985,998,0.1,LRB,0,17.849999999999998,17.814,17.886,170536.12887292253,,,,,,
zipf_alpha_0.5,1,100000,9985,998,0.1,Belady,0,48.085,47.046,49.124,,,,,,,
zipf_alpha_0.5,1,100000,9985,998,0.1,TIDE-oracle,0,32.353,32.078,32.628,26393.569085269108,,,,,,
zipf_alpha_0.5,1,100000,9985,998,0.1,TIDE,0,25.66,24.246000000000002,27.073999999999998,21216.448728593987,22.398,37.46898000000001,0.22636319185407375,97.54779656012401,72.5489038163431,91.848
zipf_alpha_0.5,1,100000,9985,998,0.1,TIDE,1,25.851000000000003,24.376,27.326,28303.69674711132,15.408,33.06284999999996,0.22294942049244915,96.98714911761222,76.7899443325832,91.848
zipf_alpha_0.5,1,100000,9985,998,0.1,TIDE,2,25.855,24.332,27.378000000000004,21521.53952938505,22.5,38.12805,0.22201860639122256,96.47320106603495,77.57180929819366,91.848
zipf_alpha_0.8,0,100000,9695,970,0.1,LRB,0,43.041000000000004,42.646,43.436,197653.81560735437,,,,,,
zipf_alpha_0.8,0,100000,9695,970,0.1,Belady,0,65.752,64.7,66.804,,,,,,,
zipf_alpha_0.8,0,100000,9695,970,0.1,TIDE-oracle,0,54.144999999999996,53.513999999999996,54.776,37747.202930942476,,,,,,
zipf_alpha_0.8,0,100000,9695,970,0.1,TIDE,0,51.79899999999999,50.495999999999995,53.102000000000004,30547.903976814378,22.498,38.007759999999955,0.22629201068324645,96.5417260972245,70.61987046086936,90.087
zipf_alpha_0.8,0,100000,9695,970,0.1,TIDE,1,51.855,50.44,53.269999999999996,30561.89474705839,23.025,37.45620000000001,0.23054276917827526,95.32204818430849,71.72157055559458,90.087
zipf_alpha_0.8,0,100000,9695,970,0.1,TIDE,2,51.919000000000004,50.586,53.252,29594.547560215753,22.786,46.94462,0.2101008925899312,94.75930311628017,73.34396323305273,90.087
zipf_alpha_0.8,1,100000,9724,972,0.1,LRB,0,43.085,42.876,43.294,183817.7634812089,,,,,,
zipf_alpha_0.8,1,100000,9724,972,0.1,Belady,0,65.741,64.676,66.806,,,,,,,
zipf_alpha_0.8,1,100000,9724,972,0.1,TIDE-oracle,0,54.2,53.64,54.76,47387.926456900415,,,,,,
zipf_alpha_0.8,1,100000,9724,972,0.1,TIDE,0,51.702999999999996,50.478,52.928,30074.156051013095,23.379,37.95084,0.19982103898652886,96.78775843943464,70.0619086555309,90.134
zipf_alpha_0.8,1,100000,9724,972,0.1,TIDE,1,51.684,50.476,52.891999999999996,31067.642559439482,22.493,35.940259999999874,0.22521711682731668,95.73603586773771,70.89716047076406,90.134
zipf_alpha_0.8,1,100000,9724,972,0.1,TIDE,2,51.956,50.739999999999995,53.172,31051.34960224132,22.299,35.874959999999994,0.231293386054677,95.0014100394811,73.32440308328633,90.134
zipf_alpha_1.0,0,100000,8533,853,0.1,LRB,0,65.413,64.994,65.83200000000001,224296.4882332683,,,,,,
zipf_alpha_1.0,0,100000,8533,853,0.1,Belady,0,79.46,78.486,80.43400000000001,,,,,,,
zipf_alpha_1.0,0,100000,8533,853,0.1,TIDE-oracle,0,72.258,71.756,72.76,56240.96706447418,,,,,,
zipf_alpha_1.0,0,100000,8533,853,0.1,TIDE,0,71.339,70.38,72.298,47613.41998489667,22.431,37.88585,0.20485818408315107,97.80246513136555,69.36831008757703,88.145
zipf_alpha_1.0,0,100000,8533,853,0.1,TIDE,1,71.5,70.408,72.592,46763.65501403465,23.471,37.075799999999994,0.22095512695839534,93.82116475533608,72.50132636819981,88.145
zipf_alpha_1.0,0,100000,8533,853,0.1,TIDE,2,71.527,70.5,72.554,46951.98857688537,23.0355,37.22025,0.22172919081098022,94.41493708122242,72.33616604020264,88.145
zipf_alpha_1.0,1,100000,8545,854,0.1,LRB,0,65.242,65.046,65.438,224430.3485326812,,,,,,
zipf_alpha_1.0,1,100000,8545,854,0.1,Belady,0,79.34,78.526,80.154,,,,,,,
zipf_alpha_1.0,1,100000,8545,854,0.1,TIDE-oracle,0,72.149,71.84,72.458,56219.993453401315,,,,,,
zipf_alpha_1.0,1,100000,8545,854,0.1,TIDE,0,71.33500000000001,70.624,72.04599999999999,46919.85861057131,22.6875,36.19254,0.2124751603881152,97.59260760314501,68.40804085271947,87.991
zipf_alpha_1.0,1,100000,8545,854,0.1,TIDE,1,71.395,70.746,72.044,71182.62969750066,13.7015,31.188479999999995,0.21850880729239897,93.82871536523929,72.09718046640124,87.991
zipf_alpha_1.0,1,100000,8545,854,0.1,TIDE,2,71.458,70.63000000000001,72.286,47017.3092366876,23.196,54.158,0.18828108706762442,94.51753492729421,71.30870432976253,87.991
zipf_alpha_1.2,0,100000,8857,886,0.1,LRB,0,72.04599999999999,71.758,72.334,241861.26971542183,,,,,,
zipf_alpha_1.2,0,100000,8857,886,0.1,Belady,0,82.256,81.354,83.158,,,,,,,
zipf_alpha_1.2,0,100000,8857,886,0.1,TIDE-oracle,0,76.896,76.462,77.33,62704.13826003416,,,,,,
zipf_alpha_1.2,0,100000,8857,886,0.1,TIDE,0,75.909,75.22,76.598,56923.20885794508,23.059,35.48643999999993,0.19191807582786177,99.25962732919254,67.42857142857143,85.78
zipf_alpha_1.2,0,100000,8857,886,0.1,TIDE,1,75.927,75.18,76.67399999999999,57178.23812174339,22.226,35.90335999999994,0.1983932254138532,97.31436813050182,77.57000049733924,85.78
zipf_alpha_1.2,0,100000,8857,886,0.1,TIDE,2,75.888,75.142,76.634,56546.131088334434,22.28,36.77355,0.19350627657409536,98.232899831232,76.80929216717959,85.78
zipf_alpha_1.2,1,100000,8869,887,0.1,LRB,0,71.965,71.98,71.95,241021.82610766956,,,,,,
zipf_alpha_1.2,1,100000,8869,887,0.1,Belady,0,82.158,81.416,82.89999999999999,,,,,,,
zipf_alpha_1.2,1,100000,8869,887,0.1,TIDE-oracle,0,76.874,76.66199999999999,77.086,65705.60648615718,,,,,,
zipf_alpha_1.2,1,100000,8869,887,0.1,TIDE,0,75.791,75.224,76.358,55424.50379289691,22.966,36.80556,0.1902692582209225,99.23129989159358,66.32502217404159,85.659
zipf_alpha_1.2,1,100000,8869,887,0.1,TIDE,1,75.74300000000001,75.18,76.306,87585.16310493262,12.685500000000001,29.25534,0.19159171573799022,97.39455314128405,78.05033919968538,85.659
zipf_alpha_1.2,1,100000,8869,887,0.1,TIDE,2,75.715,75.16199999999999,76.268,57084.02351032962,21.903,34.90223000000017,0.19832311148592333,97.98232695139912,77.11340206185567,85.659
zipf_alpha_1.5,0,100000,2822,282,0.1,LRB,0,93.39699999999999,93.304,93.49,295201.7598937259,,,,,,
zipf_alpha_1.5,0,100000,2822,282,0.1,Belady,0,95.96000000000001,95.634,96.286,,,,,,,
zipf_alpha_1.5,0,100000,2822,282,0.1,TIDE-oracle,0,95.00699999999999,94.804,95.21,155745.99743475072,,,,,,
zipf_alpha_1.5,0,100000,2822,282,0.1,TIDE,0,94.76,94.42,95.1,148366.84747548818,23.069499999999998,37.63069000000001,0.1166864884850499,97.76927979604844,36.39260675589547,63.034
zipf_alpha_1.5,0,100000,2822,282,0.1,TIDE,1,94.744,94.402,95.086,154657.15813844762,22.5555,34.89729,0.11624726879961376,95.65630944831959,78.85225110970197,63.034
zipf_alpha_1.5,0,100000,2822,282,0.1,TIDE,2,94.711,94.402,95.02000000000001,143698.25513836584,25.156,52.047919999999905,0.09436294535219994,93.75588327580797,67.02227800439285,63.034
zipf_alpha_1.5,1,100000,2843,284,0.1,LRB,0,93.333,93.24799999999999,93.418,289849.6367328626,,,,,,
zipf_alpha_1.5,1,100000,2843,284,0.1,Belady,0,95.931,95.674,96.188,,,,,,,
zipf_alpha_1.5,1,100000,2843,284,0.1,TIDE-oracle,0,94.982,94.834,95.13000000000001,225618.7118810291,,,,,,
zipf_alpha_1.5,1,100000,2843,284,0.1,TIDE,0,94.748,94.472,95.024,148246.59860445943,23.768,36.499680000000005,0.11661399882086539,97.40259740259741,44.34589800443459,62.896
zipf_alpha_1.5,1,100000,2843,284,0.1,TIDE,1,94.756,94.47,95.042,144493.27342557715,23.755,40.91148,0.11703522390967994,95.30009526833915,79.23150206414735,62.896
zipf_alpha_1.5,1,100000,2843,284,0.1,TIDE,2,94.76299999999999,94.476,95.05,140820.45699002992,27.039,38.51561000000002,0.09311304345789331,94.90770210057288,67.98217695735201,62.896
uniform,0,100000,10000,1000,0.1,LRB,0,10.102,10.122,10.082,166452.62689822025,,,,,,
uniform,0,100000,10000,1000,0.1,Belady,0,40.004,39.066,40.942,,,,,,,
uniform,0,100000,10000,1000,0.1,TIDE-oracle,0,25.445,24.932000000000002,25.958,26367.04202834236,,,,,,
uniform,0,100000,10000,1000,0.1,TIDE,0,10.046,10.016,10.076,19102.849730726517,22.368,34.85576,0.20987761056783086,91.56603203384708,32.20308250226655,91.982
uniform,0,100000,10000,1000,0.1,TIDE,1,10.169,10.156,10.181999999999999,20362.90507143867,21.206,49.795950000000026,0.18609100919869848,97.26156751652502,69.9619863925813,91.982
uniform,0,100000,10000,1000,0.1,TIDE,2,10.11,10.034,10.186,32567.88453516955,11.739,25.691839999999996,0.21844097448455188,95.42087898983742,77.45816384667364,83.982
uniform,1,100000,10000,1000,0.1,LRB,0,9.969,9.896,10.042,165086.95373347448,,,,,,
uniform,1,100000,10000,1000,0.1,Belady,0,40.089000000000006,39.14,41.038000000000004,,,,,,,
uniform,1,100000,10000,1000,0.1,TIDE-oracle,0,25.394,24.836,25.951999999999998,27399.779229512842,,,,,,
uniform,1,100000,10000,1000,0.1,TIDE,0,9.916,9.948,9.884,19660.295556791814,21.843,34.09095,0.2158723114578847,94.50750742416253,32.92026310676917,80.0
uniform,1,100000,10000,1000,0.1,TIDE,1,10.066,10.074,10.058,19867.257625453003,21.61,33.589499999999944,0.2180460123345075,97.45515724770156,70.51506239567603,84.0
uniform,1,100000,10000,1000,0.1,TIDE,2,9.959,9.969999999999999,9.948,19830.794023656992,21.594,33.36352,0.22061788692043852,98.67503209837324,74.53043719969821,84.0
gaussian,0,100000,8797,880,0.1,LRB,0,14.82,14.680000000000001,14.96,174898.8014111282,,,,,,
gaussian,0,100000,8797,880,0.1,Belady,0,47.485,46.498,48.472,,,,,,,
gaussian,0,100000,8797,880,0.1,TIDE-oracle,0,32.523,32.132,32.914,29353.77695837601,,,,,,
gaussian,0,100000,8797,880,0.1,TIDE,0,17.922,16.974,18.87,21190.168648171024,21.843,33.7,0.22151709231419672,93.26401030643231,60.85133234300438,92.96
gaussian,0,100000,8797,880,0.1,TIDE,1,17.959,16.88,19.038,22012.01981354003,21.554,33.093400000000024,0.1953617225382898,95.49141832465203,64.56607747701591,85.92
gaussian,0,100000,8797,880,0.1,TIDE,2,17.838,16.84,18.836,34355.05821566231,11.782,26.115479999999994,0.22708841000802013,94.00286265806994,69.85936207372,92.96
gaussian,1,100000,8761,876,0.1,LRB,0,14.741999999999999,14.626,14.857999999999999,166325.70230336426,,,,,,
gaussian,1,100000,8761,876,0.1,Belady,0,47.613,46.768,48.458,,,,,,,
gaussian,1,100000,8761,876,0.1,TIDE-oracle,0,32.584999999999994,32.282,32.888,29347.640697905197,,,,,,
gaussian,1,100000,8761,876,0.1,TIDE,0,18.128,17.23,19.026,21141.175919839137,21.778,34.8113,0.22183144038920236,96.7167956136073,64.59253206099828,92.992
gaussian,1,100000,8761,876,0.1,TIDE,1,17.954,17.256,18.651999999999997,20338.772172943547,22.001,35.45035999999999,0.20540931005799098,92.29272141495167,59.86586889341837,92.992
gaussian,1,100000,8761,876,0.1,TIDE,2,18.007,17.116,18.898,22203.505343190736,20.718,42.62852999999994,0.20907082210314304,94.30334772081272,70.06263817243921,92.992
bursty,0,100000,8012,801,0.1,LRB,0,85.40299999999999,85.568,85.238,300093.69705479476,,,,,,
bursty,0,100000,8012,801,0.1,Belady,0,89.292,88.588,89.996,,,,,,,
bursty,0,100000,8012,801,0.1,TIDE-oracle,0,86.923,86.682,87.164,104236.24012243356,,,,,,
bursty,0,100000,8012,801,0.1,TIDE,0,85.236,85.39,85.08200000000001,88562.78567602794,22.0425,34.51701,0.1680957619841576,97.89184234647112,12.639780018331805,72.878
bursty,0,100000,8012,801,0.1,TIDE,1,84.861,85.19,84.532,87973.45231465074,22.099,34.68623000000001,0.17199540812091288,94.91601143674053,51.16154395997141,72.202
bursty,0,100000,8012,801,0.1,TIDE,2,85.003,85.256,84.75,88971.23212011917,22.391,34.845860000000016,0.17459771354479056,98.33315410259168,43.972470158081514,60.062
bursty,1,100000,7864,786,0.1,LRB,0,85.629,85.68599999999999,85.572,300076.1425205772,,,,,,
bursty,1,100000,7864,786,0.1,Belady,0,89.422,88.728,90.116,,,,,,,
bursty,1,100000,7864,786,0.1,TIDE-oracle,0,87.161,86.836,87.48599999999999,100333.3606005382,,,,,,
bursty,1,100000,7864,786,0.1,TIDE,0,85.5,85.548,85.452,139081.10670511032,12.843,31.071919999999984,0.16901507990641615,97.68200742657815,10.881062225722966,60.322
bursty,1,100000,7864,786,0.1,TIDE,1,85.243,85.31400000000001,85.172,92408.96195277717,21.8335,34.08005999999999,0.174948669878514,94.87663280116111,46.41509433962264,45.21
bursty,1,100000,7864,786,0.1,TIDE,2,85.309,85.53399999999999,85.084,92952.78627461808,21.836,33.63020000000001,0.17481244946121044,98.44707805476094,40.035417518049314,48.354
periodic,0,100000,8906,891,0.1,LRB,0,80.255,80.204,80.306,261023.9381787928,,,,,,
periodic,0,100000,8906,891,0.1,Belady,0,85.64699999999999,84.94,86.354,,,,,,,
periodic,0,100000,8906,891,0.1,TIDE-oracle,0,82.05,81.77,82.33,76264.7963362023,,,,,,
periodic,0,100000,8906,891,0.1,TIDE,0,79.918,79.828,80.008,104760.21326353685,13.871500000000001,29.61264,0.18313498704871256,94.62792642140468,7.922240802675585,47.579
periodic,0,100000,8906,891,0.1,TIDE,1,79.81700000000001,79.786,79.848,66070.33790823158,22.9175,35.41855,0.18715813927241212,97.35706580366775,36.76734987414599,54.707
periodic,0,100000,8906,891,0.1,TIDE,2,79.901,79.912,79.89,67206.36545788219,22.805,35.26969,0.187886698741236,97.88819875776397,37.88819875776397,47.579
periodic,1,100000,8916,892,0.1,LRB,0,79.965,79.81200000000001,80.118,249676.01166850977,,,,,,
periodic,1,100000,8916,892,0.1,Belady,0,85.473,84.56,86.386,,,,,,,
periodic,1,100000,8916,892,0.1,TIDE-oracle,0,81.82300000000001,81.368,82.27799999999999,76162.48652020546,,,,,,
periodic,1,100000,8916,892,0.1,TIDE,0,79.623,79.386,79.86,69235.64239214457,22.5,34.173,0.18805632521372312,96.77605898510915,11.710279022697701,33.534
periodic,1,100000,8916,892,0.1,TIDE,1,79.572,79.414,79.73,70722.07762478548,21.8675,33.99014,0.18940325791752868,92.61119081779053,59.87565758010521,19.262
periodic,1,100000,8916,892,0.1,TIDE,2,79.565,79.47,79.66,88860.84819658588,18.9025,34.64808,0.18200715120730104,97.9396262577863,54.38428366075707,19.262
adversarial,0,100000,31,16,0.1,LRB,0,0.0,0.0,0.0,164711.7986842515,,,,,,
adversarial,0,100000,31,16,0.1,Belady,0,49.989,49.980000000000004,49.998,,,,,,,
adversarial,0,100000,31,16,0.1,TIDE-oracle,0,51.6,51.583999999999996,51.61599999999999,71184.48324219322,,,,,,
adversarial,0,100000,31,16,0.1,TIDE,0,46.409,42.808,50.01,33541.00994249785,19.502,30.464879999999997,0.24565198278774425,90.06464387630307,0.0,97.922
adversarial,0,100000,31,16,0.1,TIDE,1,48.705,47.42,49.99,34319.6996448139,19.722,30.050839999999994,0.2458363098493208,98.92923176951054,0.3962045634638438,97.922
adversarial,0,100000,31,16,0.1,TIDE,2,50.537,49.464000000000006,51.61,35592.991054967024,20.161,33.889439999999965,0.2390348601266539,100.0,100.0,97.922
adversarial,1,100000,31,16,0.1,LRB,0,0.0,0.0,0.0,177415.51233343227,,,,,,
adversarial,1,100000,31,16,0.1,Belady,0,49.989,49.980000000000004,49.998,,,,,,,
adversarial,1,100000,31,16,0.1,TIDE-oracle,0,51.6,51.583999999999996,51.61599999999999,97497.3399045138,,,,,,
adversarial,1,100000,31,16,0.1,TIDE,0,46.409,42.808,50.01,33236.41655199843,20.03,30.43751999999999,0.24062331615299562,90.06464387630307,0.0,97.922
adversarial,1,100000,31,16,0.1,TIDE,1,48.705,47.42,49.99,34898.908756765784,19.153,29.410879999999974,0.24916501778401265,98.92923176951054,0.3962045634638438,97.922
adversarial,1,100000,31,16,0.1,TIDE,2,50.537,49.464000000000006,51.61,36096.80120908927,20.029,30.27716,0.2552657751012639,100.0,100.0,97.922
zipf_100k,0,100000,19354,194,0.01,LRB,0,59.509,59.419999999999995,59.598,249854.99852559602,,,,,,
zipf_100k,0,100000,19354,194,0.01,Belady,0,71.30499999999999,71.082,71.528,,,,,,,
zipf_100k,0,100000,19354,194,0.01,TIDE-oracle,0,68.214,68.11,68.318,54233.324300983375,,,,,,
zipf_100k,0,100000,19354,194,0.01,TIDE,0,67.583,67.28,67.886,44876.289033646026,21.58,34.02331999999999,0.2145896291774284,98.9794890731478,81.4126019671691,92.849
zipf_100k,0,100000,19354,194,0.01,TIDE,1,67.61399999999999,67.25999999999999,67.96799999999999,45277.13662636296,20.966,32.72816,0.20139193355306267,98.5214060084683,93.13125882115733,92.849
zipf_100k,0,100000,19354,194,0.01,TIDE,2,67.58,67.172,67.988,47994.98025491844,19.695,31.40699,0.20559403314021374,98.640574650913,93.89769065520946,92.849
zipf_100k,1,100000,19382,194,0.01,LRB,0,59.355999999999995,59.324,59.388,318129.31310731766,,,,,,
zipf_100k,1,100000,19382,194,0.01,Belady,0,71.217,71.114,71.32,,,,,,,
zipf_100k,1,100000,19382,194,0.01,TIDE-oracle,0,68.157,68.042,68.272,86595.01646066706,,,,,,
zipf_100k,1,100000,19382,194,0.01,TIDE,0,67.529,67.218,67.84,44331.93472285082,21.852,33.483439999999945,0.2170453314334586,98.56941838649156,85.71093540605736,92.694
zipf_100k,1,100000,19382,194,0.01,TIDE,1,67.568,67.254,67.882,48843.4266820859,19.214,32.14067999999999,0.19453199040480534,98.12137273977658,92.7874131973565,92.694
zipf_100k,1,100000,19382,194,0.01,TIDE,2,67.55600000000001,67.074,68.038,45760.75045857811,21.036,32.92719999999999,0.21222021831954455,98.60500989235773,93.73260454042453,92.694
web_traffic_100k,0,100000,4989,50,0.01,LRB,0,10.548,10.616,10.48,176049.07817348957,,,,,,
web_traffic_100k,0,100000,4989,50,0.01,Belady,0,39.056000000000004,39.214,38.897999999999996,,,,,,,
web_traffic_100k,0,100000,4989,50,0.01,TIDE-oracle,0,31.476,31.631999999999998,31.319999999999997,30209.52934716412,,,,,,
web_traffic_100k,0,100000,4989,50,0.01,TIDE,0,14.959,15.026,14.892,19988.457729047826,21.432,33.23689999999999,0.23286107032165598,89.81606642850247,53.15607801486917,97.515
web_traffic_100k,0,100000,4989,50,0.01,TIDE,1,14.921000000000001,14.99,14.852000000000002,20761.293043533424,21.349,32.362479999999984,0.2331007502527784,86.69082855129366,59.069515755562264,93.515
web_traffic_100k,0,100000,4989,50,0.01,TIDE,2,15.003,15.196000000000002,14.81,20689.07301328851,21.412,33.34036999999998,0.23574174754696905,92.02233594675675,66.18095646255074,93.515
web_traffic_100k,1,100000,4996,50,0.01,LRB,0,10.432,10.628,10.236,272966.39401774574,,,,,,
web_traffic_100k,1,100000,4996,50,0.01,Belady,0,38.921,39.019999999999996,38.822,,,,,,,
web_traffic_100k,1,100000,4996,50,0.01,TIDE-oracle,0,31.394,31.548,31.240000000000002,29738.130498419436,,,,,,
web_traffic_100k,1,100000,4996,50,0.01,TIDE,0,14.938,15.026,14.85,20410.748090774963,21.519,32.19996000000002,0.2339415611447023,90.56674348733665,52.3969255643906,97.472
web_traffic_100k,1,100000,4996,50,0.01,TIDE,1,14.921000000000001,14.972,14.87,21465.966855510265,20.72,45.067400000000376,0.20012452575212264,90.52865755732827,63.66664033909907,89.472
web_traffic_100k,1,100000,4996,50,0.01,TIDE,2,14.994,15.004000000000001,14.984,33547.53172907746,11.81,25.096829999999986,0.2320031538593751,92.71185159046227,62.416191964510766,93.472
zipf_alpha_0.5,0,100000,9987,100,0.01,LRB,0,2.339,2.358,2.32,176773.94563596457,,,,,,
zipf_alpha_0.5,0,100000,9987,100,0.01,Belady,0,18.27,18.192,18.348,,,,,,,
zipf_alpha_0.5,0,100000,9987,100,0.01,TIDE-oracle,0,13.033,13.006,13.059999999999999,26049.50179375949,,,,,,
zipf_alpha_0.5,0,100000,9987,100,0.01,TIDE,0,7.231999999999999,7.002,7.462000000000001,19698.384925047187,21.166,31.915039999999994,0.21409385359772645,99.1433047768259,35.28228718735069,97.121
zipf_alpha_0.5,0,100000,9987,100,0.01,TIDE,1,7.278999999999999,7.063999999999999,7.494000000000001,21094.799719424907,20.009,29.969509999999996,0.1837775998295518,97.5775430794886,94.13007226236799,97.121
zipf_alpha_0.5,0,100000,9987,100,0.01,TIDE,2,7.2669999999999995,6.909999999999999,7.6240000000000006,20535.25435780284,20.474,31.329559999999997,0.2233303659057758,98.48158111202508,95.19908405771325,97.121
zipf_alpha_0.5,1,100000,9985,100,0.01,LRB,0,2.434,2.508,2.36,259136.62016665895,,,,,,
zipf_alpha_0.5,1,100000,9985,100,0.01,Belady,0,18.246000000000002,18.156,18.336,,,,,,,
zipf_alpha_0.5,1,100000,9985,100,0.01,TIDE-oracle,0,13.053999999999998,12.995999999999999,13.111999999999998,25840.519306762082,,,,,,
zipf_alpha_0.5,1,100000,9985,100,0.01,TIDE,0,7.088,6.898,7.278,33209.81659383299,10.628,23.508620000000025,0.21643566097826739,99.27553114772286,29.753148055694236,97.118
zipf_alpha_0.5,1,100000,9985,100,0.01,TIDE,1,7.212000000000001,6.97,7.454,20120.042487146544,20.824,31.932899999999993,0.22228502058015775,95.5794291808779,91.95876059592716,97.118
zipf_alpha_0.5,1,100000,9985,100,0.01,TIDE,2,7.095,6.752,7.438000000000001,20287.16835337633,20.756,31.941189999999988,0.22360712750084016,99.10571631457482,96.1354961832061,97.118
zipf_alpha_0.8,0,100000,9695,97,0.01,LRB,0,15.567,15.373999999999999,15.76,195505.5239020133,,,,,,
zipf_alpha_0.8,0,100000,9695,97,0.01,Belady,0,36.632999999999996,36.418,36.848,,,,,,,
zipf_alpha_0.8,0,100000,9695,97,0.01,TIDE-oracle,0,30.209000000000003,29.934,30.484,30150.08710648351,,,,,,
zipf_alpha_0.8,0,100000,9695,97,0.01,TIDE,0,27.165,26.728,27.602,23086.886160485952,21.137,47.97556000000006,0.19272165873809322,98.54100834116207,77.60696899820651,96.686
zipf_alpha_0.8,0,100000,9695,97,0.01,TIDE,1,27.095000000000002,26.642,27.548000000000002,23988.279476337753,20.506,32.205,0.23405576078210472,98.13292759228713,91.8079176383596,96.686
zipf_alpha_0.8,0,100000,9695,97,0.01,TIDE,2,27.349,26.782,27.916,24471.004645884303,20.32,31.174549999999986,0.23693018648462333,98.51434280005708,93.42086484943628,96.686
zipf_alpha_0.8,1,100000,9724,97,0.01,LRB,0,15.425,15.509999999999998,15.340000000000002,198735.52337164106,,,,,,
zipf_alpha_0.8,1,100000,9724,97,0.01,Belady,0,36.623,36.518,36.728,,,,,,,
zipf_alpha_0.8,1,100000,9724,97,0.01,TIDE-oracle,0,30.145,29.998,30.292,28832.910920657785,,,,,,
zipf_alpha_0.8,1,100000,9724,97,0.01,TIDE,0,27.381,27.272000000000002,27.49,39226.436933332276,11.005,24.221640000000015,0.22977783444181646,98.67684841564373,86.54296317442193,96.636
zipf_alpha_0.8,1,100000,9724,97,0.01,TIDE,1,27.589999999999996,27.26,27.92,23647.848055546077,21.343,32.65,0.2378962142180309,98.58985554967,91.7123591645073,96.636
zipf_alpha_0.8,1,100000,9724,97,0.01,TIDE,2,27.52,27.322000000000003,27.717999999999996,24569.00633260992,20.442,31.273200000000013,0.23311335630304175,98.69996138499164,94.33646543956752,96.636
zipf_alpha_1.0,0,100000,8533,85,0.01,LRB,0,37.059999999999995,36.848,37.272,220538.99218014,,,,,,
zipf_alpha_1.0,0,100000,8533,85,0.01,Belady,0,56.469,56.274,56.664,,,,,,,
zipf_alpha_1.0,0,100000,8533,85,0.01,TIDE-oracle,0,50.946000000000005,50.760000000000005,51.132,38874.65324139213,,,,,,
zipf_alpha_1.0,0,100000,8533,85,0.01,TIDE,0,49.189,48.806,49.572,31086.9426904854,21.213,32.405,0.23620587764285442,97.79426922284065,80.24531024531025,95.683
zipf_alpha_1.0,0,100000,8533,85,0.01,TIDE,1,49.389,49.147999999999996,49.63,31145.66693095321,20.904,45.257159999999715,0.21150813705348825,97.39598426826744,88.80977023390602,95.683
zipf_alpha_1.0,0,100000,8533,85,0.01,TIDE,2,49.36,49.074,49.646,30707.095434032854,21.389,34.01,0.24724262097412958,97.34375969713895,88.93853824034423,95.683
zipf_alpha_1.0,1,100000,8545,85,0.01,LRB,0,37.173,37.056,37.29,312239.96168172464,,,,,,
zipf_alpha_1.0,1,100000,8545,85,0.01,Belady,0,56.516999999999996,56.362,56.672,,,,,,,
zipf_alpha_1.0,1,100000,8545,85,0.01,TIDE-oracle,0,51.141000000000005,50.968,51.31400000000001,38912.215248671375,,,,,,
zipf_alpha_1.0,1,100000,8545,85,0.01,TIDE,0,49.151,48.986000000000004,49.315999999999995,30720.6659430362,21.381,32.62191999999999,0.23707748573949455,97.64667092546418,79.86275681579328,95.659
zipf_alpha_1.0,1,100000,8545,85,0.01,TIDE,1,49.21,49.032,49.388,31091.13529712461,20.915,32.34598000000001,0.24239285855807607,96.92580671783445,88.64405380869852,95.659
zipf_alpha_1.0,1,100000,8545,85,0.01,TIDE,2,49.33,49.065999999999995,49.594,52437.96773129471,10.716,25.043179999999992,0.236429845377807,97.64623148837595,91.45362786464797,95.659
zipf_alpha_1.2,0,100000,8857,89,0.01,LRB,0,52.913,52.898,52.928,227013.54384627595,,,,,,
zipf_alpha_1.2,0,100000,8857,89,0.01,Belady,0,67.084,66.92399999999999,67.244,,,,,,,
zipf_alpha_1.2,0,100000,8857,89,0.01,TIDE-oracle,0,63.395,63.24999999999999,63.54,47825.38774935276,,,,,,
zipf_alpha_1.2,0,100000,8857,89,0.01,TIDE,0,62.399,62.256,62.541999999999994,39815.24238442942,21.692,33.075160000000004,0.19533546957183376,97.34508259428215,77.46578641656986,94.447
zipf_alpha_1.2,0,100000,8857,89,0.01,TIDE,1,62.383,62.151999999999994,62.614000000000004,39330.32592290942,21.676,33.21375999999999,0.2297734409738786,97.46240335325271,90.26593786286783,94.447
zipf_alpha_1.2,0,100000,8857,89,0.01,TIDE,2,62.568,62.22,62.916000000000004,40657.097108681955,20.607,32.33784999999998,0.2259851787751527,98.23197813460881,92.80548912424553,94.447
zipf_alpha_1.2,1,100000,8869,89,0.01,LRB,0,52.727999999999994,52.628,52.827999999999996,240799.65210786686,,,,,,
zipf_alpha_1.2,1,100000,8869,89,0.01,Belady,0,66.956,66.93599999999999,66.976,,,,,,,
zipf_alpha_1.2,1,100000,8869,89,0.01,TIDE-oracle,0,63.227,63.226000000000006,63.227999999999994,75097.20512766737,,,,,,
zipf_alpha_1.2,1,100000,8869,89,0.01,TIDE,0,62.275999999999996,62.192,62.36000000000001,39266.245754313764,21.253,33.013699999999986,0.2304782492515259,97.12423096461026,74.33538409437264,94.134
zipf_alpha_1.2,1,100000,8869,89,0.01,TIDE,1,62.373,62.254,62.492000000000004,39433.183306325736,20.844,45.81515999999999,0.1970408210685936,97.58609955570648,91.56974276254351,94.134
zipf_alpha_1.2,1,100000,8869,89,0.01,TIDE,2,62.498,62.336000000000006,62.660000000000004,38857.98130669731,21.55,33.494339999999994,0.2410399877529005,97.72520731568784,91.39781892536635,94.134
zipf_alpha_1.5,0,100000,2822,28,0.01,LRB,0,79.238,79.278,79.19800000000001,291612.3470632538,,,,,,
zipf_alpha_1.5,0,100000,2822,28,0.01,Belady,0,87.28099999999999,87.35199999999999,87.21,,,,,,,
zipf_alpha_1.5,0,100000,2822,28,0.01,TIDE-oracle,0,85.441,85.58200000000001,85.3,94221.30201925985,,,,,,
zipf_alpha_1.5,0,100000,2822,28,0.01,TIDE,0,84.628,84.58,84.676,76982.32607424037,21.883,33.17267999999999,0.22968815322506733,88.42028456767603,65.65487048522436,90.144
zipf_alpha_1.5,0,100000,2822,28,0.01,TIDE,1,84.65700000000001,84.598,84.71600000000001,74828.10715450007,22.513,34.0435,0.23225892811714757,90.50892073705762,74.13717461245979,90.144
zipf_alpha_1.5,0,100000,2822,28,0.01,TIDE,2,84.723,84.646,84.8,74788.62845185149,22.555,32.662819999999996,0.23291390698986256,91.6017634092579,75.97354886113152,90.144
zipf_alpha_1.5,1,100000,2843,28,0.01,LRB,0,79.134,79.242,79.026,438731.241371523,,,,,,
zipf_alpha_1.5,1,100000,2843,28,0.01,Belady,0,87.28200000000001,87.424,87.14,,,,,,,
zipf_alpha_1.5,1,100000,2843,28,0.01,TIDE-oracle,0,85.52300000000001,85.698,85.348,154281.02148907539,,,,,,
zipf_alpha_1.5,1,100000,2843,28,0.01,TIDE,0,84.56,84.642,84.478,75760.10861312939,23.208,35.0206,0.19965307644507735,88.27971824849321,67.51143707791736,89.861
zipf_alpha_1.5,1,100000,2843,28,0.01,TIDE,1,84.53699999999999,84.69,84.384,72967.67665159877,23.513,34.25542,0.23221787243087577,90.43787153835001,71.9298245614035,89.861
zipf_alpha_1.5,1,100000,2843,28,0.01,TIDE,2,84.54,84.586,84.494,72342.24891674612,23.091,34.005300000000005,0.2385214012914543,92.37183670509752,71.93096947284461,89.861
uniform,0,100000,10000,100,0.01,LRB,0,0.991,0.988,0.9939999999999999,182669.32688999886,,,,,,
uniform,0,100000,10000,100,0.01,Belady,0,13.183,13.128,13.238,,,,,,,
uniform,0,100000,10000,100,0.01,TIDE-oracle,0,8.556999999999999,8.444,8.67,25043.569412142653,,,,,,
uniform,0,100000,10000,100,0.01,TIDE,0,0.9650000000000001,0.954,0.976,30893.976368170286,10.722,24.589,0.21614666723883946,53.21430798328934,3.911624716812504,97.164
uniform,0,100000,10000,100,0.01,TIDE,1,1.0699999999999998,1.056,1.084,18995.00691625663,20.612,32.56960000000001,0.21995505202373797,75.63903829548174,72.7354064148313,97.164
uniform,0,100000,10000,100,0.01,TIDE,2,1.03,1.044,1.016,18876.7013859546,20.836,31.497399999999995,0.21809720340563607,90.5450234502553,76.00690508626158,97.164
uniform,1,100000,10000,100,0.01,LRB,0,1.035,1.04,1.03,178441.27541701545,,,,,,
uniform,1,100000,10000,100,0.01,Belady,0,13.16,13.052,13.267999999999999,,,,,,,
uniform,1,100000,10000,100,0.01,TIDE-oracle,0,8.556999999999999,8.404,8.709999999999999,24854.605973358928,,,,,,
uniform,1,100000,10000,100,0.01,TIDE,0,1.006,1.058,0.954,18569.611915046826,21.009,45.38159999999996,0.1750152291434268,74.08624400794434,2.173257494618848,97.146
uniform,1,100000,10000,100,0.01,TIDE,1,1.034,1.0699999999999998,0.9979999999999999,18895.652889963476,20.647,30.806800000000017,0.21675721850490248,22.08839100903881,19.09487107477559,97.146
uniform,1,100000,10000,100,0.01,TIDE,2,1.011,1.044,0.9780000000000001,19500.095858473327,20.942,29.924369999999996,0.1803488537067763,94.53537706418203,63.1556507632794,97.146
gaussian,0,100000,8797,88,0.01,LRB,0,1.509,1.54,1.478,188268.95820194652,,,,,,
gaussian,0,100000,8797,88,0.01,Belady,0,15.885,15.82,15.950000000000001,,,,,,,
gaussian,0,100000,8797,88,0.01,TIDE-oracle,0,10.877,10.778,10.975999999999999,25571.77842561506,,,,,,
gaussian,0,100000,8797,88,0.01,TIDE,0,1.944,1.926,1.9619999999999997,18832.157677199604,20.831,31.071429999999992,0.21540654074316296,95.35959227332788,5.923991694456679,97.238
gaussian,0,100000,8797,88,0.01,TIDE,1,1.9769999999999999,1.934,2.02,19032.8497229981,20.885,31.263759999999994,0.21354290743158813,29.307107264621035,22.795698924731184,97.238
gaussian,0,100000,8797,88,0.01,TIDE,2,1.999,1.994,2.004,33154.912558554366,10.45,23.506,0.22100415770748733,98.0903014595553,90.31824811391037,97.238
gaussian,1,100000,8761,88,0.01,LRB,0,1.4989999999999999,1.4500000000000002,1.548,187191.79666244902,,,,,,
gaussian,1,100000,8761,88,0.01,Belady,0,15.875,15.73,16.02,,,,,,,
gaussian,1,100000,8761,88,0.01,TIDE-oracle,0,10.847,10.7,10.994,25321.014472420196,,,,,,
gaussian,1,100000,8761,88,0.01,TIDE,0,1.9220000000000002,1.8519999999999999,1.992,19180.66543749458,20.709,30.805619999999994,0.18362376532240424,67.19303764286464,6.7023172905525845,97.252
gaussian,1,100000,8761,88,0.01,TIDE,1,1.902,1.8739999999999999,1.9300000000000002,19252.333643804297,20.731,31.451,0.21955264005991712,90.51158402348254,84.99108921270573,97.252
gaussian,1,100000,8761,88,0.01,TIDE,2,1.872,1.9040000000000001,1.8399999999999999,19170.750227532902,20.819,32.92581,0.21939902505892597,97.96478725634039,89.54097673443722,97.252
bursty,0,100000,8012,80,0.01,LRB,0,84.331,84.55799999999999,84.104,295339.07653453667,,,,,,
bursty,0,100000,8012,80,0.01,Belady,0,85.988,86.092,85.884,,,,,,,
bursty,0,100000,8012,80,0.01,TIDE-oracle,0,85.131,85.292,84.97,98671.30074989052,,,,,,
bursty,0,100000,8012,80,0.01,TIDE,0,84.316,84.562,84.07,82187.57058908707,21.205,49.68287999999995,0.14729466793900303,67.27537286285923,0.007275372862859221,87.283
bursty,0,100000,8012,80,0.01,TIDE,1,84.069,84.358,83.78,90635.72704697377,20.904,32.6148799999999,0.19368013860999242,70.87864288821227,50.21748586341888,27.283
bursty,0,100000,8012,80,0.01,TIDE,2,84.06099999999999,84.05,84.072,83338.45913467884,21.194,32.77095999999999,0.18079906436556414,59.61296062875361,3.8110773337287758,83.283
bursty,1,100000,7864,79,0.01,LRB,0,84.536,84.652,84.42,402658.1445202724,,,,,,
bursty,1,100000,7864,79,0.01,Belady,0,86.177,86.194,86.16,,,,,,,
bursty,1,100000,7864,79,0.01,TIDE-oracle,0,85.302,85.33800000000001,85.26599999999999,98293.23267110587,,,,,,
bursty,1,100000,7864,79,0.01,TIDE,0,84.52199999999999,84.652,84.392,135240.83937517754,11.611,29.674,0.17743317231468997,75.17829571355047,0.036762002793912216,87.873
bursty,1,100000,7864,79,0.01,TIDE,1,84.288,84.408,84.16799999999999,86249.12747042555,21.786,34.441399999999994,0.18808788218474914,46.332661076318864,24.38170045642713,59.873
bursty,1,100000,7864,79,0.01,TIDE,2,84.286,84.17,84.402,81748.25256449153,21.421,34.16065000000004,0.1848604226118132,68.55740181268882,2.9380664652567976,83.873
periodic,0,100000,8906,89,0.01,LRB,0,51.080000000000005,51.093999999999994,51.066,234129.1208894794,,,,,,
periodic,0,100000,8906,89,0.01,Belady,0,76.49000000000001,76.50200000000001,76.47800000000001,,,,,,,
periodic,0,100000,8906,89,0.01,TIDE-oracle,0,72.30799999999999,72.494,72.122,53878.4736028277,,,,,,
periodic,0,100000,8906,89,0.01,TIDE,0,67.74799999999999,67.694,67.80199999999999,41285.621709202715,22.885,35.14177,0.2515298023862689,80.8476054551221,66.69441801458927,78.428
periodic,0,100000,8906,89,0.01,TIDE,1,67.585,67.30199999999999,67.868,41675.683200723885,22.859,35.055499999999995,0.251159107022971,83.54746164400649,67.40676063365349,74.428
periodic,0,100000,8906,89,0.01,TIDE,2,67.189,67.452,66.926,69971.15381108699,12.863,28.035160000000005,0.2478788068193102,83.91264883336002,68.74365956537989,58.428
periodic,1,100000,8916,89,0.01,LRB,0,50.912,50.7,51.124,234689.752327707,,,,,,
periodic,1,100000,8916,89,0.01,Belady,0,76.235,76.058,76.412,,,,,,,
periodic,1,100000,8916,89,0.01,TIDE-oracle,0,71.917,71.71600000000001,72.11800000000001,56789.53885264682,,,,,,
periodic,1,100000,8916,89,0.01,TIDE,0,67.518,67.292,67.744,40813.73654086762,22.892,34.841999999999985,0.25177561527829584,81.47150181505184,67.25047715280117,82.525
periodic,1,100000,8916,89,0.01,TIDE,1,66.983,66.374,67.592,41600.23002464566,22.929499999999997,35.07267999999999,0.24875631972963058,84.30841924398625,67.9381443298969,70.525
periodic,1,100000,8916,89,0.01,TIDE,2,66.809,66.824,66.794,43071.38951659722,23.324,35.461710000000075,0.24568043633967449,85.40624255420539,69.15058375029783,50.525
adversarial,0,100000,31,16,0.01,LRB,0,0.0,0.0,0.0,221810.4208246196,,,,,,
adversarial,0,100000,31,16,0.01,Belady,0,49.989,49.980000000000004,49.998,,,,,,,
adversarial,0,100000,31,16,0.01,TIDE-oracle,0,51.6,51.583999999999996,51.61599999999999,51739.7157603267,,,,,,
adversarial,0,100000,31,16,0.01,TIDE,0,46.409,42.808,50.01,59408.99428694544,9.663,24.290399999999988,0.2675555871367137,90.06464387630307,0.0,97.922
adversarial,0,100000,31,16,0.01,TIDE,1,48.705,47.42,49.99,38076.87596060101,19.04,31.43451999999999,0.22294353262636707,98.92923176951054,0.3962045634638438,97.922
adversarial,0,100000,31,16,0.01,TIDE,2,50.537,49.464000000000006,51.61,35705.9091717464,20.313,30.217159999999996,0.2546244084208589,100.0,100.0,97.922
adversarial,1,100000,31,16,0.01,LRB,0,0.0,0.0,0.0,180057.88227109294,,,,,,
adversarial,1,100000,31,16,0.01,Belady,0,49.989,49.980000000000004,49.998,,,,,,,
adversarial,1,100000,31,16,0.01,TIDE-oracle,0,51.6,51.583999999999996,51.61599999999999,49121.893181410946,,,,,,
adversarial,1,100000,31,16,0.01,TIDE,0,46.409,42.808,50.01,34060.209969550124,19.47,28.821,0.24393572104633407,90.06464387630307,0.0,97.922
adversarial,1,100000,31,16,0.01,TIDE,1,48.705,47.42,49.99,34245.01796817963,19.459,30.78903999999998,0.24652577289845387,98.92923176951054,0.3962045634638438,97.922
adversarial,1,100000,31,16,0.01,TIDE,2,50.537,49.464000000000006,51.61,35635.123217123735,20.231,31.20931999999999,0.25573834535423046,100.0,100.0,97.922
zipf_100k,0,100000,19354,19,0.001,LRB,0,35.433,35.598,35.268,235430.08766276785,,,,,,
zipf_100k,0,100000,19354,19,0.001,Belady,0,53.525999999999996,53.54600000000001,53.506,,,,,,,
zipf_100k,0,100000,19354,19,0.001,TIDE-oracle,0,51.232,51.288,51.176,41133.0926787934,,,,,,
zipf_100k,0,100000,19354,19,0.001,TIDE,0,49.193999999999996,49.102000000000004,49.286,30752.592017814368,21.387,32.01539999999999,0.2512783468852482,87.42625368731564,76.44010160603081,96.266
zipf_100k,0,100000,19354,19,0.001,TIDE,1,49.322,49.297999999999995,49.346000000000004,50135.727014001925,11.595,25.629169999999977,0.2606853827527559,97.33404534998357,89.38752875451857,96.266
zipf_100k,0,100000,19354,19,0.001,TIDE,2,49.287,49.187999999999995,49.386,30360.576208385093,21.874,46.51457999999999,0.2194225775555834,97.30106931018204,88.81842251092912,96.266
zipf_100k,1,100000,19382,19,0.001,LRB,0,35.496,35.416,35.576,233436.6583119428,,,,,,
zipf_100k,1,100000,19382,19,0.001,Belady,0,53.53099999999999,53.43,53.632000000000005,,,,,,,
zipf_100k,1,100000,19382,19,0.001,TIDE-oracle,0,51.2,51.05800000000001,51.342,40731.780090068365,,,,,,
zipf_100k,1,100000,19382,19,0.001,TIDE,0,49.245,49.174,49.315999999999995,31093.018771688527,21.37,32.46834000000002,0.25311379450857674,87.34597642234752,77.49871860584315,96.236
zipf_100k,1,100000,19382,19,0.001,TIDE,1,49.193,49.238,49.147999999999996,31219.38165973166,21.661,31.716739999999998,0.22109276842012898,97.85569459520347,87.37174104491368,96.236
zipf_100k,1,100000,19382,19,0.001,TIDE,2,49.242999999999995,49.236000000000004,49.25,30303.212361059286,21.313,33.09443999999999,0.25926297579790614,96.62955901346946,89.12807265719499,96.236
web_traffic_100k,0,100000,4989,16,0.001,LRB,0,3.427,3.504,3.35,190746.05872660084,,,,,,
web_traffic_100k,0,100000,4989,16,0.001,Belady,0,21.633,21.706,21.560000000000002,,,,,,,
web_traffic_100k,0,100000,4989,16,0.001,TIDE-oracle,0,18.756,18.886,18.626,47836.72627287887,,,,,,
web_traffic_100k,0,100000,4989,16,0.001,TIDE,0,4.961,5.016,4.906,19722.079387965634,19.81,32.002509999999994,0.2313004330603754,90.96611081226466,11.017751479289942,97.834
web_traffic_100k,0,100000,4989,16,0.001,TIDE,1,4.806,4.854,4.758,20462.438857077133,20.15,29.653,0.23318300703151096,82.66448694405877,77.29542706140548,93.834
web_traffic_100k,0,100000,4989,16,0.001,TIDE,2,4.725,4.72,4.73,20463.66904651593,20.249,29.94298000000001,0.23381492839171658,80.39905554516551,72.12221806620535,89.834
web_traffic_100k,1,100000,4996,16,0.001,LRB,0,3.345,3.408,3.282,189388.96470555593,,,,,,
web_traffic_100k,1,100000,4996,16,0.001,Belady,0,21.555,21.746,21.364,,,,,,,
web_traffic_100k,1,100000,4996,16,0.001,TIDE-oracle,0,18.697,18.86,18.534,28236.205771053974,,,,,,
web_traffic_100k,1,100000,4996,16,0.001,TIDE,0,4.941,4.8660000000000005,5.016,19937.895369960635,19.969,30.382239999999992,0.23048313795269465,91.79365301272193,10.094742388884708,97.839
web_traffic_100k,1,100000,4996,16,0.001,TIDE,1,4.902,4.968,4.836,20068.510801312514,20.427,43.10839999999993,0.19224631246752444,83.56446965705125,77.14497124342746,93.839
web_traffic_100k,1,100000,4996,16,0.001,TIDE,2,4.826,4.784,4.868,20306.169874535633,20.258,30.213519999999992,0.23334278477983647,84.85466255950715,75.39960795295436,93.839
zipf_alpha_0.5,0,100000,9987,16,0.001,LRB,0,0.364,0.38,0.348,185213.4209709959,,,,,,
zipf_alpha_0.5,0,100000,9987,16,0.001,Belady,0,7.1419999999999995,7.199999999999999,7.084,,,,,,,
zipf_alpha_0.5,0,100000,9987,16,0.001,TIDE-oracle,0,6.245,6.306000000000001,6.184,25479.009545266996,,,,,,
zipf_alpha_0.5,0,100000,9987,16,0.001,TIDE,0,2.291,2.248,2.334,36452.94679908818,8.13,19.67534999999999,0.24163588904433878,74.15265769254925,5.3070111164611555,97.801
zipf_alpha_0.5,0,100000,9987,16,0.001,TIDE,1,2.241,2.166,2.316,20889.148642388205,16.715,27.54534,0.23687708264787857,19.22602109139605,18.741630398393035,97.801
zipf_alpha_0.5,0,100000,9987,16,0.001,TIDE,2,2.432,2.274,2.59,20778.924058344404,17.129,27.82308,0.23251614421349004,24.373905842147746,18.851488054679063,97.801
zipf_alpha_0.5,1,100000,9985,16,0.001,LRB,0,0.396,0.424,0.368,182495.65546273804,,,,,,
zipf_alpha_0.5,1,100000,9985,16,0.001,Belady,0,7.258000000000001,7.278,7.2379999999999995,,,,,,,
zipf_alpha_0.5,1,100000,9985,16,0.001,TIDE-oracle,0,6.275,6.3,6.25,26254.866148433506,,,,,,
zipf_alpha_0.5,1,100000,9985,16,0.001,TIDE,0,2.373,2.198,2.548,37023.02593341012,8.223,19.627479999999995,0.2429797989729803,79.93357987700753,4.079494620389092,97.799
zipf_alpha_0.5,1,100000,9985,16,0.001,TIDE,1,2.377,2.412,2.342,21721.169775579318,16.502,26.82004000000001,0.24322448738713187,92.18326017035275,91.65942021393624,97.799
zipf_alpha_0.5,1,100000,9985,16,0.001,TIDE,2,2.466,2.3539999999999996,2.5780000000000003,20934.38741136548,16.625,28.407100000000035,0.23990664216283006,31.908557046979865,25.330327181208055,97.799
zipf_alpha_0.8,0,100000,9695,16,0.001,LRB,0,4.294,4.32,4.268000000000001,192204.49882125508,,,,,,
zipf_alpha_0.8,0,100000,9695,16,0.001,Belady,0,19.924,19.774,20.074,,,,,,,
zipf_alpha_0.8,0,100000,9695,16,0.001,TIDE-oracle,0,17.923000000000002,17.748,18.098,27836.68641536035,,,,,,
zipf_alpha_0.8,0,100000,9695,16,0.001,TIDE,0,14.753,14.442,15.064,22598.271991316167,19.071,29.176399999999994,0.24193817313164476,78.70589792015012,58.83485101827237,97.604
zipf_alpha_0.8,0,100000,9695,16,0.001,TIDE,1,14.716999999999999,14.392,15.042,22300.9259960879,19.58,29.029339999999998,0.24580390370211827,97.62886721896906,95.19160243846719,97.604
zipf_alpha_0.8,0,100000,9695,16,0.001,TIDE,2,14.702000000000002,14.411999999999999,14.991999999999999,22886.62687986504,18.906,41.33838000000001,0.21024866818160196,96.72164651006227,93.91815537015219,97.604
zipf_alpha_0.8,1,100000,9724,16,0.001,LRB,0,4.29,4.29,4.29,188984.92054729324,,,,,,
zipf_alpha_0.8,1,100000,9724,16,0.001,Belady,0,19.88,19.89,19.869999999999997,,,,,,,
zipf_alpha_0.8,1,100000,9724,16,0.001,TIDE-oracle,0,17.910999999999998,17.976,17.846,27830.62584796656,,,,,,
zipf_alpha_0.8,1,100000,9724,16,0.001,TIDE,0,14.332,14.198,14.466000000000001,22875.237258698413,17.259,28.736399999999964,0.24312749993633703,73.93999593111619,49.31128157872692,97.641
zipf_alpha_0.8,1,100000,9724,16,0.001,TIDE,1,14.306,14.262,14.35,22225.492095886482,19.981,29.67828,0.24097677181282612,97.16343450536567,94.50871547010898,97.641
zipf_alpha_0.8,1,100000,9724,16,0.001,TIDE,2,14.399000000000001,14.246,14.552000000000001,39082.259761537614,9.696,21.95034999999996,0.2508934561264755,97.15189115385537,94.45469135506742,97.641
zipf_alpha_1.0,0,100000,8533,16,0.001,LRB,0,18.015,17.796,18.234,209634.51203905654,,,,,,
zipf_alpha_1.0,0,100000,8533,16,0.001,Belady,0,38.269,38.046,38.492,,,,,,,
zipf_alpha_1.0,0,100000,8533,16,0.001,TIDE-oracle,0,35.676,35.478,35.874,32890.59745222076,,,,,,
zipf_alpha_1.0,0,100000,8533,16,0.001,TIDE,0,32.567,32.162,32.972,25876.26130516661,19.959,29.976,0.2538484763249499,85.36674816625917,74.37652811735941,97.173
zipf_alpha_1.0,0,100000,8533,16,0.001,TIDE,1,32.734,32.478,32.99,24729.796457138094,20.721,32.05419999999998,0.2577627187153584,97.8582262191105,90.24864798615047,97.173
zipf_alpha_1.0,0,100000,8533,16,0.001,TIDE,2,32.582,32.25,32.914,24724.601918590935,21.284,31.700520000000004,0.2552210339765785,97.72869698127627,88.8895682078716,97.173
zipf_alpha_1.0,1,100000,8545,16,0.001,LRB,0,17.953,17.962,17.944,289379.77750284306,,,,,,
zipf_alpha_1.0,1,100000,8545,16,0.001,Belady,0,38.437,38.378,38.496,,,,,,,
zipf_alpha_1.0,1,100000,8545,16,0.001,TIDE-oracle,0,35.859,35.756,35.961999999999996,37362.734804640924,,,,,,
zipf_alpha_1.0,1,100000,8545,16,0.001,TIDE,0,32.823,32.704,32.942,26533.26620615259,18.545,42.23319999999986,0.2206041263093289,85.22575597183229,73.89883555023704,97.125
zipf_alpha_1.0,1,100000,8545,16,0.001,TIDE,1,32.891,32.784,32.998,25010.7176239768,20.584,30.71588,0.25616968840487614,97.56269869304133,89.85916790809823,97.125
zipf_alpha_1.0,1,100000,8545,16,0.001,TIDE,2,32.895,32.832,32.958,36362.34781425807,12.166,29.511759999999995,0.24933869016162136,97.40281681487966,89.92305211261116,97.125
zipf_alpha_1.2,0,100000,8857,16,0.001,LRB,0,33.274,33.39,33.158,215460.6810932615,,,,,,
zipf_alpha_1.2,0,100000,8857,16,0.001,Belady,0,51.821,51.848000000000006,51.794,,,,,,,
zipf_alpha_1.2,0,100000,8857,16,0.001,TIDE-oracle,0,49.68,49.76,49.6,39172.37563694045,,,,,,
zipf_alpha_1.2,0,100000,8857,16,0.001,TIDE,0,47.522,47.471999999999994,47.571999999999996,29950.860847602085,20.73,31.432,0.2540061812526678,88.90142517814726,81.04908946951703,96.444
zipf_alpha_1.2,0,100000,8857,16,0.001,TIDE,1,47.539,47.616,47.461999999999996,28912.260464793504,21.922,32.44791999999998,0.26179197436418644,97.75260875591549,88.3551472189771,96.444
zipf_alpha_1.2,0,100000,8857,16,0.001,TIDE,2,47.534,47.57,47.498000000000005,29300.494432278592,21.31,31.782510000000002,0.26488491289519084,97.632058287796,87.61582323592302,96.444
zipf_alpha_1.2,1,100000,8869,16,0.001,LRB,0,33.329,33.146,33.512,281486.4192119628,,,,,,
zipf_alpha_1.2,1,100000,8869,16,0.001,Belady,0,51.842,51.763999999999996,51.92,,,,,,,
zipf_alpha_1.2,1,100000,8869,16,0.001,TIDE-oracle,0,49.766,49.694,49.838,38859.06491708939,,,,,,
zipf_alpha_1.2,1,100000,8869,16,0.001,TIDE,0,47.741,47.628,47.854,32380.422581105962,19.578,31.87951999999999,0.23028972891040186,85.67368274600997,75.80943294973466,96.398
zipf_alpha_1.2,1,100000,8869,16,0.001,TIDE,1,47.573,47.46,47.686,28773.801044406573,21.554,34.044199999999954,0.2638842269761634,97.72191517600682,87.76569402349399,96.398
zipf_alpha_1.2,1,100000,8869,16,0.001,TIDE,2,47.528999999999996,47.518,47.54,28744.765965450766,22.029,32.495520000000006,0.26066247125239467,97.5813953488372,87.48738248391885,96.398
zipf_alpha_1.5,0,100000,2822,16,0.001,LRB,0,72.64699999999999,72.696,72.598,397808.151871432,,,,,,
zipf_alpha_1.5,0,100000,2822,16,0.001,Belady,0,82.93199999999999,82.974,82.89,,,,,,,
zipf_alpha_1.5,0,100000,2822,16,0.001,TIDE-oracle,0,81.26,81.2,81.32000000000001,76775.92865070519,,,,,,
zipf_alpha_1.5,0,100000,2822,16,0.001,TIDE,0,80.151,80.022,80.28,60784.10609414534,23.602,50.440149999999804,0.22445774636790847,88.20630749014455,72.00503723171266,93.072
zipf_alpha_1.5,0,100000,2822,16,0.001,TIDE,1,80.06400000000001,79.906,80.22200000000001,84200.89656947351,14.006,33.512,0.2522810540784262,91.74976840499156,73.88153234156177,93.072
zipf_alpha_1.5,0,100000,2822,16,0.001,TIDE,2,80.146,80.006,80.286,59583.83282288012,22.886,33.54928,0.25892792994376523,92.44074661995731,75.89906398817669,93.072
zipf_alpha_1.5,1,100000,2843,16,0.001,LRB,0,72.52199999999999,72.702,72.342,276012.89687923103,,,,,,
zipf_alpha_1.5,1,100000,2843,16,0.001,Belady,0,82.846,82.93599999999999,82.756,,,,,,,
zipf_alpha_1.5,1,100000,2843,16,0.001,TIDE-oracle,0,81.16499999999999,81.22399999999999,81.106,77530.59455530262,,,,,,
zipf_alpha_1.5,1,100000,2843,16,0.001,TIDE,0,79.931,79.804,80.05799999999999,91976.3824259182,13.304,29.682689999999987,0.24677376810905333,88.33676901377889,71.41152218726266,92.649
zipf_alpha_1.5,1,100000,2843,16,0.001,TIDE,1,79.824,79.768,79.88,59738.88704772125,22.683,33.4342,0.2591001873114108,91.3812631465401,72.18596623698829,92.649
zipf_alpha_1.5,1,100000,2843,16,0.001,TIDE,2,79.977,79.886,80.068,59205.89977982316,22.872,33.594260000000006,0.25894522105437634,92.45703719817273,75.10876658690451,92.649
uniform,0,100000,10000,16,0.001,LRB,0,0.13899999999999998,0.13799999999999998,0.13999999999999999,169155.27741645594,,,,,,
uniform,0,100000,10000,16,0.001,Belady,0,4.824,4.816,4.832,,,,,,,
uniform,0,100000,10000,16,0.001,TIDE-oracle,0,3.6900000000000004,3.558,3.8219999999999996,25870.842363632983,,,,,,
uniform,0,100000,10000,16,0.001,TIDE,0,0.14300000000000002,0.15,0.136,18176.46248714389,20.437,33.12776000000001,0.2386991358467107,99.2926025265658,0.0,97.823
uniform,0,100000,10000,16,0.001,TIDE,1,0.15,0.12,0.18,20083.222512305187,19.106,28.465259999999994,0.22964606488853095,38.111082672126955,37.90734578960839,97.823
uniform,0,100000,10000,16,0.001,TIDE,2,0.147,0.15,0.14400000000000002,20057.354699746065,19.672,28.273229999999995,0.17874047135164534,14.965498884088536,8.646778189561621,97.823
uniform,1,100000,10000,16,0.001,LRB,0,0.169,0.168,0.16999999999999998,246853.66002586728,,,,,,
uniform,1,100000,10000,16,0.001,Belady,0,4.822,4.802,4.842,,,,,,,
uniform,1,100000,10000,16,0.001,TIDE-oracle,0,3.819,3.696,3.9419999999999997,24630.418647027265,,,,,,
uniform,1,100000,10000,16,0.001,TIDE,0,0.186,0.20400000000000001,0.168,18541.213221018144,20.802,30.845,0.23347421438576782,99.5882834903728,0.16796394920114707,97.821
uniform,1,100000,10000,16,0.001,TIDE,1,0.166,0.16999999999999998,0.16199999999999998,19727.4636612544,19.499,30.16423000000001,0.22901978212724503,21.97419619086627,21.381322957198442,97.821
uniform,1,100000,10000,16,0.001,TIDE,2,0.174,0.18,0.168,36708.182110707225,9.619,20.399490000000004,0.22211136995339997,8.948101421373858,5.7694670872076355,97.821
gaussian,0,100000,8797,16,0.001,LRB,0,0.265,0.28800000000000003,0.242,190824.51099792655,,,,,,
gaussian,0,100000,8797,16,0.001,Belady,0,6.241,6.25,6.232,,,,,,,
gaussian,0,100000,8797,16,0.001,TIDE-oracle,0,5.172000000000001,5.12,5.224,26257.81074192983,,,,,,
gaussian,0,100000,8797,16,0.001,TIDE,0,0.518,0.48,0.5559999999999999,19217.03996395168,19.299,31.125,0.2387524259166013,88.21359203346111,0.6032453985838634,97.815
gaussian,0,100000,8797,16,0.001,TIDE,1,0.35400000000000004,0.328,0.38,19654.07761680856,19.606,29.13720000000001,0.22902042479884624,10.393860738065682,10.00502713627643,97.815
gaussian,0,100000,8797,16,0.001,TIDE,2,0.37,0.34199999999999997,0.398,36179.12261465195,9.599,20.692,0.2212929504053698,34.40972756656919,12.211790056949361,97.815
gaussian,1,100000,8761,16,0.001,LRB,0,0.261,0.258,0.264,181849.1867740173,,,,,,
gaussian,1,100000,8761,16,0.001,Belady,0,6.203,6.128,6.2780000000000005,,,,,,,
gaussian,1,100000,8761,16,0.001,TIDE-oracle,0,5.0680000000000005,4.922,5.2139999999999995,26106.205387454913,,,,,,
gaussian,1,100000,8761,16,0.001,TIDE,0,0.34099999999999997,0.344,0.338,21585.491965186604,17.279,38.42034999999994,0.20420171227744002,99.50967318384178,0.08308885378413311,97.819
gaussian,1,100000,8761,16,0.001,TIDE,1,0.404,0.344,0.464,19989.817606698136,19.141,28.325,0.23111000261871892,18.83230859242684,18.283156954723218,97.819
gaussian,1,100000,8761,16,0.001,TIDE,2,0.49899999999999994,0.424,0.5740000000000001,19726.33116719613,19.517,29.066,0.23141611086570477,15.110759493670885,9.337497945092881,97.819
bursty,0,100000,8012,16,0.001,LRB,0,84.211,84.462,83.96000000000001,271845.11678824737,,,,,,
bursty,0,100000,8012,16,0.001,Belady,0,84.932,85.124,84.74000000000001,,,,,,,
bursty,0,100000,8012,16,0.001,TIDE-oracle,0,84.67099999999999,84.89,84.452,97707.47323825829,,,,,,
bursty,0,100000,8012,16,0.001,TIDE,0,84.21,84.462,83.958,84129.04582948671,20.610500000000002,34.51106,0.16793053605999236,40.61135371179039,0.0,89.398
bursty,0,100000,8012,16,0.001,TIDE,1,83.979,84.238,83.72,82188.75188490178,20.679499999999997,37.744119999999995,0.21916616133925323,27.316640378548897,20.770899053627762,61.398
bursty,0,100000,8012,16,0.001,TIDE,2,84.20100000000001,84.446,83.956,81752.07642769963,21.056,34.27480000000001,0.2044885992203463,5.025691560498346,0.30266769902160906,89.398
bursty,1,100000,7864,16,0.001,LRB,0,84.434,84.54599999999999,84.322,297359.5651131463,,,,,,
bursty,1,100000,7864,16,0.001,Belady,0,85.15599999999999,85.24000000000001,85.072,,,,,,,
bursty,1,100000,7864,16,0.001,TIDE-oracle,0,84.856,84.93,84.782,152083.768068074,,,,,,
bursty,1,100000,7864,16,0.001,TIDE,0,84.437,84.55,84.324,88458.52558114222,17.115,30.814200000000007,0.20610438043171805,40.370131267484396,0.0,89.677
bursty,1,100000,7864,16,0.001,TIDE,1,84.288,84.306,84.27,95187.01000166645,17.124,32.452919999999985,0.22575301746466084,83.9152833428735,79.73669147109331,9.677
bursty,1,100000,7864,16,0.001,TIDE,2,84.375,84.42399999999999,84.32600000000001,84831.21571162011,20.108,32.14361,0.20998753344934087,9.486607142857142,1.3764880952380953,85.677
periodic,0,100000,8906,16,0.001,LRB,0,10.143,10.212,10.074,199496.1855501741,,,,,,
periodic,0,100000,8906,16,0.001,Belady,0,36.632,36.636,36.628,,,,,,,
periodic,0,100000,8906,16,0.001,TIDE-oracle,0,32.646,32.652,32.64,31467.999156524493,,,,,,
periodic,0,100000,8906,16,0.001,TIDE,0,12.49,12.564,12.416,33092.575908609026,11.12,26.04139,0.23649486599691635,72.68296673757041,39.391318576003364,97.775
periodic,0,100000,8906,16,0.001,TIDE,1,12.717999999999998,12.728,12.708,20853.009251033323,21.235,31.07667,0.23540782390758597,71.85412613963953,44.7324630276326,97.775
periodic,0,100000,8906,16,0.001,TIDE,2,12.518,12.531999999999998,12.504000000000001,21199.42999990077,20.574,29.746839999999995,0.24391505764614468,63.8198246533917,43.569608213732636,93.775
periodic,1,100000,8916,16,0.001,LRB,0,10.406,10.478,10.334,197689.01462837274,,,,,,
periodic,1,100000,8916,16,0.001,Belady,0,36.693999999999996,36.642,36.746,,,,,,,
periodic,1,100000,8916,16,0.001,TIDE-oracle,0,32.955,32.916000000000004,32.994,31254.031398906136,,,,,,
periodic,1,100000,8916,16,0.001,TIDE,0,12.665000000000001,12.681999999999999,12.648000000000001,20970.247348683206,20.749,30.706270000000004,0.23904575768923542,67.39171176236324,39.13486541570033,97.788
periodic,1,100000,8916,16,0.001,TIDE,1,12.613,12.659999999999998,12.565999999999999,21032.2654120216,20.704,30.287,0.2400373960352929,66.25500433123405,44.82359000772598,97.788
periodic,1,100000,8916,16,0.001,TIDE,2,12.702,12.702,12.702,22322.18865690113,19.662,29.923119999999994,0.21257253845626203,69.22671291467945,43.86725570385647,97.788
adversarial,0,100000,31,16,0.001,LRB,0,0.0,0.0,0.0,167564.94435176547,,,,,,
adversarial,0,100000,31,16,0.001,Belady,0,49.989,49.980000000000004,49.998,,,,,,,
adversarial,0,100000,31,16,0.001,TIDE-oracle,0,51.6,51.583999999999996,51.61599999999999,49964.62067664449,,,,,,
adversarial,0,100000,31,16,0.001,TIDE,0,46.409,42.808,50.01,33956.85252296697,19.374,29.42651999999999,0.24470676219007742,90.06464387630307,0.0,97.922
adversarial,0,100000,31,16,0.001,TIDE,1,48.705,47.42,49.99,66525.94893934681,8.645,23.677359999999986,0.2611456187840888,98.92923176951054,0.3962045634638438,97.922
adversarial,0,100000,31,16,0.001,TIDE,2,50.537,49.464000000000006,51.61,39731.59249583506,19.306,42.861919999999955,0.2317293588571594,100.0,100.0,97.922
adversarial,1,100000,31,16,0.001,LRB,0,0.0,0.0,0.0,172738.39952986233,,,,,,
adversarial,1,100000,31,16,0.001,Belady,0,49.989,49.980000000000004,49.998,,,,,,,
adversarial,1,100000,31,16,0.001,TIDE-oracle,0,51.6,51.583999999999996,51.61599999999999,48956.89835206798,,,,,,
adversarial,1,100000,31,16,0.001,TIDE,0,46.409,42.808,50.01,32814.15991300062,19.537,32.349,0.24650151875639287,90.06464387630307,0.0,97.922
adversarial,1,100000,31,16,0.001,TIDE,1,48.705,47.42,49.99,68433.49247540437,8.845,22.611199999999982,0.2619447624441548,98.92923176951054,0.3962045634638438,97.922
adversarial,1,100000,31,16,0.001,TIDE,2,50.537,49.464000000000006,51.61,30832.51785151878,20.717,34.49575999999996,0.2591388036841178,100.0,100.0,97.922
zipf_100k,0,100000,19354,1935,0.1,LRU,0,74.10900000000001,73.748,74.47,2788835.1216790853,,,,,,
zipf_100k,0,100000,19354,1935,0.1,LFU,0,76.618,75.41,77.826,932750.8291902433,,,,,,
zipf_100k,0,100000,19354,1935,0.1,LFU*,0,77.699,76.022,79.376,772022.3307152225,,,,,,
zipf_100k,0,100000,19354,1935,0.1,ARC,0,77.05,75.602,78.498,1613151.338895233,,,,,,
zipf_100k,0,100000,19354,1935,0.1,S3-FIFO,0,76.717,75.12,78.314,1493039.3757785226,,,,,,
zipf_100k,0,100000,19354,1935,0.1,SIEVE,0,76.618,75.41,77.826,2531684.2178419107,,,,,,
zipf_100k,0,100000,19354,1935,0.1,LIRS,0,77.154,75.632,78.676,255213.49815008466,,,,,,
zipf_100k,0,100000,19354,1935,0.1,LeCaR,0,74.465,74.148,74.78200000000001,394126.9969556727,,,,,,
zipf_100k,0,100000,19354,1935,0.1,Cacheus,0,76.851,75.41600000000001,78.286,152581.74530781398,,,,,,
zipf_100k,1,100000,19382,1938,0.1,LRU,0,74.051,73.846,74.256,2783162.9661504696,,,,,,
zipf_100k,1,100000,19382,1938,0.1,LFU,0,76.51400000000001,75.41600000000001,77.61200000000001,886335.2035341677,,,,,,
zipf_100k,1,100000,19382,1938,0.1,LFU*,0,77.613,76.064,79.162,756023.8125131159,,,,,,
zipf_100k,1,100000,19382,1938,0.1,ARC,0,76.952,75.62,78.28399999999999,1533646.478380843,,,,,,
zipf_100k,1,100000,19382,1938,0.1,S3-FIFO,0,76.58500000000001,75.09400000000001,78.07600000000001,894819.8983487845,,,,,,
zipf_100k,1,100000,19382,1938,0.1,SIEVE,0,76.51400000000001,75.41600000000001,77.61200000000001,2597101.1312900675,,,,,,
zipf_100k,1,100000,19382,1938,0.1,LIRS,0,77.137,75.7,78.574,243979.10439990248,,,,,,
zipf_100k,1,100000,19382,1938,0.1,LeCaR,0,74.185,73.88,74.49,453095.639119704,,,,,,
zipf_100k,1,100000,19382,1938,0.1,Cacheus,0,76.844,75.50200000000001,78.186,156894.76368918017,,,,,,
web_traffic_100k,0,100000,4989,499,0.1,LRU,0,67.714,67.834,67.594,2414414.1490324824,,,,,,
web_traffic_100k,0,100000,4989,499,0.1,LFU,0,32.57,49.336,15.804000000000002,540357.4411517404,,,,,,
web_traffic_100k,0,100000,4989,499,0.1,LFU*,0,53.842999999999996,64.912,42.774,400027.2546575606,,,,,,
web_traffic_100k,0,100000,4989,499,0.1,ARC,0,71.36200000000001,71.334,71.39,1266678.498291813,,,,,,
web_traffic_100k,0,100000,4989,499,0.1,S3-FIFO,0,70.782,70.71,70.854,1176653.6616980748,,,,,,
web_traffic_100k,0,100000,4989,499,0.1,SIEVE,0,67.34700000000001,67.766,66.928,2299154.1159089883,,,,,,
web_traffic_100k,0,100000,4989,499,0.1,LIRS,0,70.749,70.682,70.816,290697.042321272,,,,,,
web_traffic_100k,0,100000,4989,499,0.1,LeCaR,0,70.59,70.708,70.47200000000001,462128.47233543254,,,,,,
web_traffic_100k,0,100000,4989,499,0.1,Cacheus,0,70.464,70.42,70.50800000000001,235791.0914789136,,,,,,
web_traffic_100k,1,100000,4996,500,0.1,LRU,0,67.772,67.4,68.144,2274384.006402521,,,,,,
web_traffic_100k,1,100000,4996,500,0.1,LFU,0,32.548,49.164,15.931999999999999,620952.0061082287,,,,,,
web_traffic_100k,1,100000,4996,500,0.1,LFU*,0,53.783,64.608,42.958,424584.3077613017,,,,,,
web_traffic_100k,1,100000,4996,500,0.1,ARC,0,71.344,70.978,71.71,1051311.78426588,,,,,,
web_traffic_100k,1,100000,4996,500,0.1,S3-FIFO,0,70.8,70.5,71.1,799128.7706387063,,,,,,
web_traffic_100k,1,100000,4996,500,0.1,SIEVE,0,67.17699999999999,67.61399999999999,66.74,2256811.6725966665,,,,,,
web_traffic_100k,1,100000,4996,500,0.1,LIRS,0,70.703,70.402,71.004,257227.9391790255,,,,,,
web_traffic_100k,1,100000,4996,500,0.1,LeCaR,0,70.60300000000001,70.33,70.87599999999999,508534.4488755143,,,,,,
web_traffic_100k,1,100000,4996,500,0.1,Cacheus,0,70.423,70.084,70.762,193081.64485713007,,,,,,
zipf_alpha_0.5,0,100000,9987,999,0.1,LRU,0,18.104,18.078,18.13,2055634.0499605406,,,,,,
zipf_alpha_0.5,0,100000,9987,999,0.1,LFU,0,23.301,22.695999999999998,23.906,951992.7841215258,,,,,,
zipf_alpha_0.5,0,100000,9987,999,0.1,LFU*,0,27.927999999999997,26.282,29.574,467569.15774585324,,,,,,
zipf_alpha_0.5,0,100000,9987,999,0.1,ARC,0,23.748,23.080000000000002,24.416,864160.9501894674,,,,,,
zipf_alpha_0.5,0,100000,9987,999,0.1,S3-FIFO,0,25.104,24.012,26.196,468659.20753000927,,,,,,
zipf_alpha_0.5,0,100000,9987,999,0.1,SIEVE,0,23.361,22.695999999999998,24.026,2328252.5507317483,,,,,,
zipf_alpha_0.5,0,100000,9987,999,0.1,LIRS,0,23.864,23.214000000000002,24.514,241267.76851166727,,,,,,
zipf_alpha_0.5,0,100000,9987,999,0.1,LeCaR,0,18.115000000000002,18.084,18.146,356327.4945709422,,,,,,
zipf_alpha_0.5,0,100000,9987,999,0.1,Cacheus,0,22.051000000000002,20.57,23.532,124618.41436504528,,,,,,
zipf_alpha_0.5,1,100000,9985,998,0.1,LRU,0,17.849999999999998,17.814,17.886,2044696.2837545488,,,,,,
zipf_alpha_0.5,1,100000,9985,998,0.1,LFU,0,23.321,22.91,23.732,999610.3518834786,,,,,,
zipf_alpha_0.5,1,100000,9985,998,0.1,LFU*,0,27.996,26.194,29.798000000000002,431552.5746453451,,,,,,
zipf_alpha_0.5,1,100000,9985,998,0.1,ARC,0,23.594,23.082,24.105999999999998,735209.3144934537,,,,,,
zipf_alpha_0.5,1,100000,9985,998,0.1,S3-FIFO,0,24.990000000000002,24.034,25.946,746343.1350801486,,,,,,
zipf_alpha_0.5,1,100000,9985,998,0.1,SIEVE,0,23.426,22.91,23.942,2133327.8264992526,,,,,,
zipf_alpha_0.5,1,100000,9985,998,0.1,LIRS,0,23.733,23.314,24.152,328101.50439536123,,,,,,
zipf_alpha_0.5,1,100000,9985,998,0.1,LeCaR,0,17.854999999999997,17.822,17.888,384266.86934398924,,,,,,
zipf_alpha_0.5,1,100000,9985,998,0.1,Cacheus,0,23.47,23.044,23.896,216299.08986789957,,,,,,
zipf_alpha_0.8,0,100000,9695,970,0.1,LRU,0,43.041000000000004,42.646,43.436,2038002.0951995477,,,,,,
zipf_alpha_0.8,0,100000,9695,970,0.1,LFU,0,50.759,49.681999999999995,51.836000000000006,883624.8099351734,,,,,,
zipf_alpha_0.8,0,100000,9695,970,0.1,LFU*,0,54.238,52.418,56.058,285567.22838281735,,,,,,
zipf_alpha_0.8,0,100000,9695,970,0.1,ARC,0,50.278,49.482,51.074,975018.1721421971,,,,,,
zipf_alpha_0.8,0,100000,9695,970,0.1,S3-FIFO,0,51.488,50.31,52.666000000000004,913121.8189560827,,,,,,
zipf_alpha_0.8,0,100000,9695,970,0.1,SIEVE,0,50.76199999999999,49.681999999999995,51.842,2242988.3064302024,,,,,,
zipf_alpha_0.8,0,100000,9695,970,0.1,LIRS,0,50.346000000000004,49.588,51.104000000000006,267726.8614679407,,,,,,
zipf_alpha_0.8,0,100000,9695,970,0.1,LeCaR,0,43.191,42.774,43.608000000000004,332523.527702256,,,,,,
zipf_alpha_0.8,0,100000,9695,970,0.1,Cacheus,0,51.196,50.108,52.284,162489.85043719478,,,,,,
zipf_alpha_0.8,1,100000,9724,972,0.1,LRU,0,43.085,42.876,43.294,2011336.5768158233,,,,,,
zipf_alpha_0.8,1,100000,9724,972,0.1,LFU,0,50.949,49.95,51.94800000000001,885344.457609591,,,,,,
zipf_alpha_0.8,1,100000,9724,972,0.1,LFU*,0,54.176,52.55,55.80199999999999,488040.5516408249,,,,,,
zipf_alpha_0.8,1,100000,9724,972,0.1,ARC,0,50.405,49.744,51.066,569364.157852014,,,,,,
zipf_alpha_0.8,1,100000,9724,972,0.1,S3-FIFO,0,51.429,50.37199999999999,52.486,819499.1227865999,,,,,,
zipf_alpha_0.8,1,100000,9724,972,0.1,SIEVE,0,51.063,49.95,52.176,2254038.018960321,,,,,,
zipf_alpha_0.8,1,100000,9724,972,0.1,LIRS,0,50.480000000000004,49.818,51.141999999999996,364461.982678728,,,,,,
zipf_alpha_0.8,1,100000,9724,972,0.1,LeCaR,0,43.232,42.996,43.468,404055.8495854996,,,,,,
zipf_alpha_0.8,1,100000,9724,972,0.1,Cacheus,0,51.175000000000004,50.129999999999995,52.22,167306.03868383213,,,,,,
zipf_alpha_1.0,0,100000,8533,853,0.1,LRU,0,65.413,64.994,65.83200000000001,2326221.9719711244,,,,,,
zipf_alpha_1.0,0,100000,8533,853,0.1,LFU,0,71.11,70.028,72.19200000000001,734542.5617810407,,,,,,
zipf_alpha_1.0,0,100000,8533,853,0.1,LFU*,0,73.129,71.75,74.508,641066.9610774551,,,,,,
zipf_alpha_1.0,0,100000,8533,853,0.1,ARC,0,70.82000000000001,69.976,71.664,1343017.005235172,,,,,,
zipf_alpha_1.0,0,100000,8533,853,0.1,S3-FIFO,0,71.394,70.272,72.516,1185122.1472186316,,,,,,
zipf_alpha_1.0,0,100000,8533,853,0.1,SIEVE,0,71.138,70.028,72.248,2712589.2841753815,,,,,,
zipf_alpha_1.0,0,100000,8533,853,0.1,LIRS,0,70.918,70.088,71.748,252856.7477219029,,,,,,
zipf_alpha_1.0,0,100000,8533,853,0.1,LeCaR,0,65.759,65.396,66.122,426284.7228299171,,,,,,
zipf_alpha_1.0,0,100000,8533,853,0.1,Cacheus,0,71.507,70.426,72.588,185088.13216654977,,,,,,
zipf_alpha_1.0,1,100000,8545,854,0.1,LRU,0,65.242,65.046,65.438,2449913.178774811,,,,,,
zipf_alpha_1.0,1,100000,8545,854,0.1,LFU,0,70.643,69.872,71.414,902997.0743798303,,,,,,
zipf_alpha_1.0,1,100000,8545,854,0.1,LFU*,0,72.968,71.788,74.148,599489.5142939978,,,,,,
zipf_alpha_1.0,1,100000,8545,854,0.1,ARC,0,70.612,70.222,71.002,1363365.363785877,,,,,,
zipf_alpha_1.0,1,100000,8545,854,0.1,S3-FIFO,0,71.155,70.384,71.926,1214050.6697461114,,,,,,
zipf_alpha_1.0,1,100000,8545,854,0.1,SIEVE,0,70.648,69.872,71.42399999999999,2674142.928502554,,,,,,
zipf_alpha_1.0,1,100000,8545,854,0.1,LIRS,0,70.627,70.186,71.068,329736.30483189865,,,,,,
zipf_alpha_1.0,1,100000,8545,854,0.1,LeCaR,0,65.79899999999999,65.90599999999999,65.692,438591.15118880157,,,,,,
zipf_alpha_1.0,1,100000,8545,854,0.1,Cacheus,0,71.42500000000001,70.64,72.21,195234.3601164401,,,,,,
zipf_alpha_1.2,0,100000,8857,886,0.1,LRU,0,72.04599999999999,71.758,72.334,2635351.5919032423,,,,,,
zipf_alpha_1.2,0,100000,8857,886,0.1,LFU,0,75.36699999999999,74.59,76.144,895384.1728199332,,,,,,
zipf_alpha_1.2,0,100000,8857,886,0.1,LFU*,0,76.786,75.664,77.908,695761.7678867341,,,,,,
zipf_alpha_1.2,0,100000,8857,886,0.1,ARC,0,75.62100000000001,74.96000000000001,76.28200000000001,1074376.3570240922,,,,,,
zipf_alpha_1.2,0,100000,8857,886,0.1,S3-FIFO,0,75.909,74.89,76.928,1382579.506512052,,,,,,
zipf_alpha_1.2,0,100000,8857,886,0.1,SIEVE,0,75.36699999999999,74.59,76.144,2914876.992910245,,,,,,
zipf_alpha_1.2,0,100000,8857,886,0.1,LIRS,0,75.68599999999999,75.07000000000001,76.302,415303.8194960648,,,,,,
zipf_alpha_1.2,0,100000,8857,886,0.1,LeCaR,0,72.32,71.834,72.806,452181.3333778945,,,,,,
zipf_alpha_1.2,0,100000,8857,886,0.1,Cacheus,0,75.802,74.78200000000001,76.822,206548.79477746662,,,,,,
zipf_alpha_1.2,1,100000,8869,887,0.1,LRU,0,71.965,71.98,71.95,2858245.6499890722,,,,,,
zipf_alpha_1.2,1,100000,8869,887,0.1,LFU,0,75.447,74.708,76.18599999999999,955806.6635961314,,,,,,
zipf_alpha_1.2,1,100000,8869,887,0.1,LFU*,0,76.67,75.67399999999999,77.666,719186.6735181594,,,,,,
zipf_alpha_1.2,1,100000,8869,887,0.1,ARC,0,75.52,75.076,75.964,1523253.7943853063,,,,,,
zipf_alpha_1.2,1,100000,8869,887,0.1,S3-FIFO,0,75.764,75.0,76.52799999999999,1460894.384658611,,,,,,
zipf_alpha_1.2,1,100000,8869,887,0.1,SIEVE,0,75.447,74.708,76.18599999999999,3187077.3955148524,,,,,,
zipf_alpha_1.2,1,100000,8869,887,0.1,LIRS,0,75.586,75.128,76.044,348653.8092906072,,,,,,
zipf_alpha_1.2,1,100000,8869,887,0.1,LeCaR,0,72.256,72.178,72.334,385257.9118346103,,,,,,
zipf_alpha_1.2,1,100000,8869,887,0.1,Cacheus,0,75.738,74.982,76.494,207433.72739786116,,,,,,
zipf_alpha_1.5,0,100000,2822,282,0.1,LRU,0,93.39699999999999,93.304,93.49,4076927.0472715157,,,,,,
zipf_alpha_1.5,0,100000,2822,282,0.1,LFU,0,94.613,94.266,94.96,990151.7722440979,,,,,,
zipf_alpha_1.5,0,100000,2822,282,0.1,LFU*,0,95.02000000000001,94.62,95.42,1127023.213760631,,,,,,
zipf_alpha_1.5,0,100000,2822,282,0.1,ARC,0,94.694,94.41199999999999,94.976,2875870.939569871,,,,,,
zipf_alpha_1.5,0,100000,2822,282,0.1,S3-FIFO,0,94.70100000000001,94.394,95.00800000000001,2526904.2656044695,,,,,,
zipf_alpha_1.5,0,100000,2822,282,0.1,SIEVE,0,94.613,94.266,94.96,4385628.873104543,,,,,,
zipf_alpha_1.5,0,100000,2822,282,0.1,LIRS,0,94.718,94.42,95.016,380653.32085176266,,,,,,
zipf_alpha_1.5,0,100000,2822,282,0.1,LeCaR,0,93.53399999999999,93.39,93.678,580492.2412812692,,,,,,
zipf_alpha_1.5,0,100000,2822,282,0.1,Cacheus,0,94.651,94.182,95.12,406098.86421620403,,,,,,
zipf_alpha_1.5,1,100000,2843,284,0.1,LRU,0,93.333,93.24799999999999,93.418,3679683.411796889,,,,,,
zipf_alpha_1.5,1,100000,2843,284,0.1,LFU,0,94.768,94.432,95.104,941358.2213941216,,,,,,
zipf_alpha_1.5,1,100000,2843,284,0.1,LFU*,0,95.011,94.662,95.36,1099607.518180933,,,,,,
zipf_alpha_1.5,1,100000,2843,284,0.1,ARC,0,94.66499999999999,94.458,94.872,2740584.7689410998,,,,,,
zipf_alpha_1.5,1,100000,2843,284,0.1,S3-FIFO,0,94.675,94.388,94.962,2321375.5487607624,,,,,,
zipf_alpha_1.5,1,100000,2843,284,0.1,SIEVE,0,94.768,94.432,95.104,2462745.2521464247,,,,,,
zipf_alpha_1.5,1,100000,2843,284,0.1,LIRS,0,94.699,94.49,94.908,576259.9214399867,,,,,,
zipf_alpha_1.5,1,100000,2843,284,0.1,LeCaR,0,93.64099999999999,93.328,93.95400000000001,581386.16158403,,,,,,
zipf_alpha_1.5,1,100000,2843,284,0.1,Cacheus,0,94.838,94.46799999999999,95.208,335246.17874513834,,,,,,
uniform,0,100000,10000,1000,0.1,LRU,0,10.102,10.122,10.082,1757686.035858716,,,,,,
uniform,0,100000,10000,1000,0.1,LFU,0,10.186,10.094,10.278,580508.5949565725,,,,,,
uniform,0,100000,10000,1000,0.1,LFU*,0,9.978,10.03,9.926,480466.763082194,,,,,,
uniform,0,100000,10000,1000,0.1,ARC,0,10.091999999999999,10.13,10.054,632755.4462188308,,,,,,
uniform,0,100000,10000,1000,0.1,S3-FIFO,0,10.116,10.072000000000001,10.16,651767.6195273562,,,,,,
uniform,0,100000,10000,1000,0.1,SIEVE,0,10.189,10.094,10.284,1276784.529487344,,,,,,
uniform,0,100000,10000,1000,0.1,LIRS,0,10.152999999999999,10.084,10.222000000000001,240915.33913592182,,,,,,
uniform,0,100000,10000,1000,0.1,LeCaR,0,10.101,10.122,10.08,391259.1209938441,,,,,,
uniform,0,100000,10000,1000,0.1,Cacheus,0,9.993,10.018,9.968,140765.81688849913,,,,,,
uniform,1,100000,10000,1000,0.1,LRU,0,9.969,9.896,10.042,1840068.191452918,,,,,,
uniform,1,100000,10000,1000,0.1,LFU,0,9.978,9.894,10.062,649662.744801214,,,,,,
uniform,1,100000,10000,1000,0.1,LFU*,0,9.858,9.846,9.87,474595.6967899529,,,,,,
uniform,1,100000,10000,1000,0.1,ARC,0,10.179,10.128,10.23,492012.4485060438,,,,,,
uniform,1,100000,10000,1000,0.1,S3-FIFO,0,9.99,9.832,10.148,656039.1215551961,,,,,,
uniform,1,100000,10000,1000,0.1,SIEVE,0,9.939,9.894,9.984,1692831.1208834099,,,,,,
uniform,1,100000,10000,1000,0.1,LIRS,0,9.978,10.034,9.922,235129.5126040263,,,,,,
uniform,1,100000,10000,1000,0.1,LeCaR,0,9.969999999999999,9.898,10.042,368686.91858958476,,,,,,
uniform,1,100000,10000,1000,0.1,Cacheus,0,9.93,9.77,10.09,138814.5646791233,,,,,,
gaussian,0,100000,8797,880,0.1,LRU,0,14.82,14.680000000000001,14.96,1819167.3769062757,,,,,,
gaussian,0,100000,8797,880,0.1,LFU,0,16.799,16.524,17.074,908809.0047966008,,,,,,
gaussian,0,100000,8797,880,0.1,LFU*,0,18.762,17.965999999999998,19.558,250051.99018458548,,,,,,
gaussian,0,100000,8797,880,0.1,ARC,0,16.744999999999997,16.49,17.0,659545.7751779206,,,,,,
gaussian,0,100000,8797,880,0.1,S3-FIFO,0,17.124,16.822,17.426,670913.0723026792,,,,,,
gaussian,0,100000,8797,880,0.1,SIEVE,0,17.078,16.594,17.562,1839195.6991280634,,,,,,
gaussian,0,100000,8797,880,0.1,LIRS,0,16.895,16.654,17.136000000000003,223251.18096225115,,,,,,
gaussian,0,100000,8797,880,0.1,LeCaR,0,14.82,14.686,14.954,365822.7050286016,,,,,,
gaussian,0,100000,8797,880,0.1,Cacheus,0,16.407,15.346000000000002,17.468,151898.28294312913,,,,,,
gaussian,1,100000,8761,876,0.1,LRU,0,14.741999999999999,14.626,14.857999999999999,1746881.3320643746,,,,,,
gaussian,1,100000,8761,876,0.1,LFU,0,16.827,16.448,17.206,727974.4045928937,,,,,,
gaussian,1,100000,8761,876,0.1,LFU*,0,18.992,18.258,19.726,419834.7519505289,,,,,,
gaussian,1,100000,8761,876,0.1,ARC,0,16.828000000000003,16.554,17.102,640479.4598490519,,,,,,
gaussian,1,100000,8761,876,0.1,S3-FIFO,0,17.173,16.964000000000002,17.382,467102.76719940145,,,,,,
gaussian,1,100000,8761,876,0.1,SIEVE,0,17.043,16.476,17.61,1647258.0409847328,,,,,,
gaussian,1,100000,8761,876,0.1,LIRS,0,17.087,16.946,17.227999999999998,278790.6163425839,,,,,,
gaussian,1,100000,8761,876,0.1,LeCaR,0,14.751,14.63,14.872,364263.08157950384,,,,,,
gaussian,1,100000,8761,876,0.1,Cacheus,0,16.553,16.056,17.05,163313.42879066788,,,,,,
bursty,0,100000,8012,801,0.1,LRU,0,85.40299999999999,85.568,85.238,3644183.922501969,,,,,,
bursty,0,100000,8012,801,0.1,LFU,0,85.382,85.55199999999999,85.212,1086602.124097347,,,,,,
bursty,0,100000,8012,801,0.1,LFU*,0,85.40299999999999,85.584,85.222,328356.3356573639,,,,,,
bursty,0,100000,8012,801,0.1,ARC,0,85.42699999999999,85.59,85.264,2074290.937342546,,,,,,
bursty,0,100000,8012,801,0.1,S3-FIFO,0,85.416,85.59400000000001,85.238,1296899.551533864,,,,,,
bursty,0,100000,8012,801,0.1,SIEVE,0,85.411,85.556,85.26599999999999,3596206.821733819,,,,,,
bursty,0,100000,8012,801,0.1,LIRS,0,85.437,85.648,85.226,401476.073355329,,,,,,
bursty,0,100000,8012,801,0.1,LeCaR,0,85.40299999999999,85.568,85.238,555998.0991530478,,,,,,
bursty,0,100000,8012,801,0.1,Cacheus,0,85.371,85.492,85.25,259938.0685597983,,,,,,
bursty,1,100000,7864,786,0.1,LRU,0,85.629,85.68599999999999,85.572,3824145.30162454,,,,,,
bursty,1,100000,7864,786,0.1,LFU,0,85.589,85.69200000000001,85.48599999999999,1075120.2772003217,,,,,,
bursty,1,100000,7864,786,0.1,LFU*,0,85.598,85.722,85.474,314374.728502358,,,,,,
bursty,1,100000,7864,786,0.1,ARC,0,85.589,85.666,85.512,2164510.691368214,,,,,,
bursty,1,100000,7864,786,0.1,S3-FIFO,0,85.584,85.676,85.492,1222359.3234059839,,,,,,
bursty,1,100000,7864,786,0.1,SIEVE,0,85.61999999999999,85.668,85.572,3552302.5935655837,,,,,,
bursty,1,100000,7864,786,0.1,LIRS,0,85.574,85.672,85.476,447627.2933397132,,,,,,
bursty,1,100000,7864,786,0.1,LeCaR,0,85.628,85.68599999999999,85.57000000000001,558371.9931955884,,,,,,
bursty,1,100000,7864,786,0.1,Cacheus,0,85.56200000000001,85.652,85.47200000000001,264553.9417102287,,,,,,
periodic,0,100000,8906,891,0.1,LRU,0,80.255,80.204,80.306,2481694.771183912,,,,,,
periodic,0,100000,8906,891,0.1,LFU,0,32.198,60.414,3.982,968086.8991949952,,,,,,
periodic,0,100000,8906,891,0.1,LFU*,0,41.461,72.666,10.256,421262.0245244812,,,,,,
periodic,0,100000,8906,891,0.1,ARC,0,80.189,80.132,80.246,885434.6313020784,,,,,,
periodic,0,100000,8906,891,0.1,S3-FIFO,0,79.769,79.814,79.72399999999999,1372301.555980059,,,,,,
periodic,0,100000,8906,891,0.1,SIEVE,0,78.88199999999999,79.01599999999999,78.74799999999999,2686102.011467421,,,,,,
periodic,0,100000,8906,891,0.1,LIRS,0,78.702,78.73599999999999,78.668,343379.3447462986,,,,,,
periodic,0,100000,8906,891,0.1,LeCaR,0,80.258,80.212,80.304,371780.50076345884,,,,,,
periodic,0,100000,8906,891,0.1,Cacheus,0,80.04299999999999,79.896,80.19,193814.5876818172,,,,,,
periodic,1,100000,8916,892,0.1,LRU,0,79.965,79.81200000000001,80.118,2632522.9146671053,,,,,,
periodic,1,100000,8916,892,0.1,LFU,0,31.642,59.641999999999996,3.642,962933.8267281847,,,,,,
periodic,1,100000,8916,892,0.1,LFU*,0,41.22,72.334,10.106,408560.3442707286,,,,,,
periodic,1,100000,8916,892,0.1,ARC,0,79.879,79.692,80.066,1532269.5664381073,,,,,,
periodic,1,100000,8916,892,0.1,S3-FIFO,0,79.42399999999999,79.386,79.462,1329787.6761256512,,,,,,
periodic,1,100000,8916,892,0.1,SIEVE,0,78.41,78.816,78.00399999999999,2582219.7489188444,,,,,,
periodic,1,100000,8916,892,0.1,LIRS,0,78.387,78.27199999999999,78.50200000000001,342667.1783553351,,,,,,
periodic,1,100000,8916,892,0.1,LeCaR,0,79.96600000000001,79.814,80.118,489021.04715281056,,,,,,
periodic,1,100000,8916,892,0.1,Cacheus,0,79.72399999999999,79.412,80.036,219298.91505268414,,,,,,
adversarial,0,100000,31,16,0.1,LRU,0,0.0,0.0,0.0,2225917.3934804564,,,,,,
adversarial,0,100000,31,16,0.1,LFU,0,0.0,0.0,0.0,1092559.8932809387,,,,,,
adversarial,0,100000,31,16,0.1,LFU*,0,0.0,0.0,0.0,817370.9638904447,,,,,,
adversarial,0,100000,31,16,0.1,ARC,0,0.0,0.0,0.0,1357524.8607499476,,,,,,
adversarial,0,100000,31,16,0.1,S3-FIFO,0,0.0,0.0,0.0,414289.7088078866,,,,,,
adversarial,0,100000,31,16,0.1,SIEVE,0,0.0,0.0,0.0,2016074.0373323474,,,,,,
adversarial,0,100000,31,16,0.1,LIRS,0,48.375,48.36,48.39,633091.6512286022,,,,,,
adversarial,0,100000,31,16,0.1,LeCaR,0,0.0,0.0,0.0,827093.0472431891,,,,,,
adversarial,0,100000,31,16,0.1,Cacheus,0,0.0,0.0,0.0,397300.76403579925,,,,,,
adversarial,1,100000,31,16,0.1,LRU,0,0.0,0.0,0.0,1992120.1686722154,,,,,,
adversarial,1,100000,31,16,0.1,LFU,0,0.0,0.0,0.0,1094410.8993568763,,,,,,
adversarial,1,100000,31,16,0.1,LFU*,0,0.0,0.0,0.0,866052.1108925747,,,,,,
adversarial,1,100000,31,16,0.1,ARC,0,0.0,0.0,0.0,1388173.6131676817,,,,,,
adversarial,1,100000,31,16,0.1,S3-FIFO,0,0.0,0.0,0.0,696037.7618853892,,,,,,
adversarial,1,100000,31,16,0.1,SIEVE,0,0.0,0.0,0.0,2078150.9444193412,,,,,,
adversarial,1,100000,31,16,0.1,LIRS,0,48.375,48.36,48.39,751306.7911018291,,,,,,
adversarial,1,100000,31,16,0.1,LeCaR,0,0.0,0.0,0.0,633178.7661663349,,,,,,
adversarial,1,100000,31,16,0.1,Cacheus,0,0.0,0.0,0.0,402576.1005711098,,,,,,
zipf_100k,0,100000,19354,194,0.01,LRU,0,59.509,59.419999999999995,59.598,2604452.2747095264,,,,,,
zipf_100k,0,100000,19354,194,0.01,LFU,0,67.13,66.622,67.638,986112.7224406999,,,,,,
zipf_100k,0,100000,19354,194,0.01,LFU*,0,68.441,68.06,68.822,707341.0599650649,,,,,,
zipf_100k,0,100000,19354,194,0.01,ARC,0,67.269,66.976,67.562,1497475.2941014322,,,,,,
zipf_100k,0,100000,19354,194,0.01,S3-FIFO,0,67.30699999999999,66.948,67.666,1458902.2778627623,,,,,,
zipf_100k,0,100000,19354,194,0.01,SIEVE,0,67.172,66.622,67.72200000000001,3234512.821103625,,,,,,
zipf_100k,0,100000,19354,194,0.01,LIRS,0,67.428,67.13799999999999,67.718,246156.9018319381,,,,,,
zipf_100k,0,100000,19354,194,0.01,LeCaR,0,60.561,60.594,60.528000000000006,388775.98596720165,,,,,,
zipf_100k,0,100000,19354,194,0.01,Cacheus,0,67.38199999999999,66.82000000000001,67.944,161536.09427671146,,,,,,
zipf_100k,1,100000,19382,194,0.01,LRU,0,59.355999999999995,59.324,59.388,2762763.004981323,,,,,,
zipf_100k,1,100000,19382,194,0.01,LFU,0,66.969,66.50399999999999,67.43400000000001,974499.6251372332,,,,,,
zipf_100k,1,100000,19382,194,0.01,LFU*,0,68.45,68.13,68.77,668494.8306787654,,,,,,
zipf_100k,1,100000,19382,194,0.01,ARC,0,67.291,67.062,67.52,1521894.198222626,,,,,,
zipf_100k,1,100000,19382,194,0.01,S3-FIFO,0,67.396,67.104,67.688,1509128.9246049072,,,,,,
zipf_100k,1,100000,19382,194,0.01,SIEVE,0,66.995,66.50399999999999,67.486,2223062.144511889,,,,,,
zipf_100k,1,100000,19382,194,0.01,LIRS,0,67.46600000000001,67.252,67.67999999999999,228669.4240039415,,,,,,
zipf_100k,1,100000,19382,194,0.01,LeCaR,0,60.358000000000004,60.17400000000001,60.541999999999994,370080.96705489216,,,,,,
zipf_100k,1,100000,19382,194,0.01,Cacheus,0,67.57600000000001,67.27,67.882,157479.578650551,,,,,,
web_traffic_100k,0,100000,4989,50,0.01,LRU,0,10.548,10.616,10.48,1930377.8720477587,,,,,,
web_traffic_100k,0,100000,4989,50,0.01,LFU,0,3.302,5.3740000000000006,1.23,937408.4239833582,,,,,,
web_traffic_100k,0,100000,4989,50,0.01,LFU*,0,10.557,13.328000000000001,7.786,376859.6876162576,,,,,,
web_traffic_100k,0,100000,4989,50,0.01,ARC,0,14.302000000000001,14.39,14.213999999999999,709821.1018033645,,,,,,
web_traffic_100k,0,100000,4989,50,0.01,S3-FIFO,0,15.03,15.116,14.943999999999999,709594.8815691803,,,,,,
web_traffic_100k,0,100000,4989,50,0.01,SIEVE,0,13.923,14.046,13.8,2055032.3272041946,,,,,,
web_traffic_100k,0,100000,4989,50,0.01,LIRS,0,15.051,15.104000000000001,14.998000000000001,331972.04434211476,,,,,,
web_traffic_100k,0,100000,4989,50,0.01,LeCaR,0,10.561,10.636,10.485999999999999,491977.5460058809,,,,,,
web_traffic_100k,0,100000,4989,50,0.01,Cacheus,0,14.325,14.402000000000001,14.248,210473.77444588026,,,,,,
web_traffic_100k,1,100000,4996,50,0.01,LRU,0,10.432,10.628,10.236,1804360.1569438034,,,,,,
web_traffic_100k,1,100000,4996,50,0.01,LFU,0,4.096,6.366,1.8259999999999998,911688.0597284661,,,,,,
web_traffic_100k,1,100000,4996,50,0.01,LFU*,0,10.883,13.383999999999999,8.382000000000001,313554.1278239268,,,,,,
web_traffic_100k,1,100000,4996,50,0.01,ARC,0,14.066,14.056,14.076,389623.46830857144,,,,,,
web_traffic_100k,1,100000,4996,50,0.01,S3-FIFO,0,14.706,14.568,14.844,751547.1424656471,,,,,,
web_traffic_100k,1,100000,4996,50,0.01,SIEVE,0,13.719000000000001,13.892,13.546,1866284.7650680493,,,,,,
web_traffic_100k,1,100000,4996,50,0.01,LIRS,0,14.731,14.752,14.71,338971.6499087151,,,,,,
web_traffic_100k,1,100000,4996,50,0.01,LeCaR,0,10.456999999999999,10.654,10.26,631241.3754283121,,,,,,
web_traffic_100k,1,100000,4996,50,0.01,Cacheus,0,11.283999999999999,11.508000000000001,11.06,208622.5141275788,,,,,,
zipf_alpha_0.5,0,100000,9987,100,0.01,LRU,0,2.339,2.358,2.32,1789738.4166614637,,,,,,
zipf_alpha_0.5,0,100000,9987,100,0.01,LFU,0,5.505,5.242,5.768,975394.284370276,,,,,,
zipf_alpha_0.5,0,100000,9987,100,0.01,LFU*,0,9.024000000000001,8.716,9.332,318725.61464216973,,,,,,
zipf_alpha_0.5,0,100000,9987,100,0.01,ARC,0,6.69,6.616,6.764,398780.5561773568,,,,,,
zipf_alpha_0.5,0,100000,9987,100,0.01,S3-FIFO,0,7.477,7.1739999999999995,7.779999999999999,739388.2298837982,,,,,,
zipf_alpha_0.5,0,100000,9987,100,0.01,SIEVE,0,6.039,5.35,6.728000000000001,1866973.4377916541,,,,,,
zipf_alpha_0.5,0,100000,9987,100,0.01,LIRS,0,6.8500000000000005,6.836,6.864000000000001,336403.61172480555,,,,,,
zipf_alpha_0.5,0,100000,9987,100,0.01,LeCaR,0,2.344,2.358,2.33,378125.2872681916,,,,,,
zipf_alpha_0.5,0,100000,9987,100,0.01,Cacheus,0,2.912,2.806,3.018,170120.94032022363,,,,,,
zipf_alpha_0.5,1,100000,9985,100,0.01,LRU,0,2.434,2.508,2.36,1832124.586092357,,,,,,
zipf_alpha_0.5,1,100000,9985,100,0.01,LFU,0,5.577,5.498,5.656,949603.3805815653,,,,,,
zipf_alpha_0.5,1,100000,9985,100,0.01,LFU*,0,8.882,8.628,9.136,497289.0560602845,,,,,,
zipf_alpha_0.5,1,100000,9985,100,0.01,ARC,0,6.473,6.3839999999999995,6.561999999999999,392404.48382369214,,,,,,
zipf_alpha_0.5,1,100000,9985,100,0.01,S3-FIFO,0,7.223,6.912,7.534000000000001,414562.155701928,,,,,,
zipf_alpha_0.5,1,100000,9985,100,0.01,SIEVE,0,6.087,5.779999999999999,6.394,1961303.2899643525,,,,,,
zipf_alpha_0.5,1,100000,9985,100,0.01,LIRS,0,6.555999999999999,6.45,6.662,255501.87256828952,,,,,,
zipf_alpha_0.5,1,100000,9985,100,0.01,LeCaR,0,2.44,2.508,2.3720000000000003,397206.6663615489,,,,,,
zipf_alpha_0.5,1,100000,9985,100,0.01,Cacheus,0,3.3840000000000003,2.978,3.7900000000000005,163650.37210817938,,,,,,
zipf_alpha_0.8,0,100000,9695,97,0.01,LRU,0,15.567,15.373999999999999,15.76,1923021.4882938908,,,,,,
zipf_alpha_0.8,0,100000,9695,97,0.01,LFU,0,25.642,25.28,26.003999999999998,911847.5153155734,,,,,,
zipf_alpha_0.8,0,100000,9695,97,0.01,LFU*,0,29.223,28.693999999999996,29.752000000000002,488583.45604555146,,,,,,
zipf_alpha_0.8,0,100000,9695,97,0.01,ARC,0,26.083000000000002,25.734,26.432,838657.7055281976,,,,,,
zipf_alpha_0.8,0,100000,9695,97,0.01,S3-FIFO,0,27.083000000000002,26.640000000000004,27.526,842052.0312888118,,,,,,
zipf_alpha_0.8,0,100000,9695,97,0.01,SIEVE,0,26.539,25.430000000000003,27.648,1299778.7815513222,,,,,,
zipf_alpha_0.8,0,100000,9695,97,0.01,LIRS,0,26.342,25.985999999999997,26.698,218902.6079531362,,,,,,
zipf_alpha_0.8,0,100000,9695,97,0.01,LeCaR,0,16.108,15.844,16.372,535991.143324026,,,,,,
zipf_alpha_0.8,0,100000,9695,97,0.01,Cacheus,0,25.539,24.312,26.766000000000002,180361.03485184035,,,,,,
zipf_alpha_0.8,1,100000,9724,97,0.01,LRU,0,15.425,15.509999999999998,15.340000000000002,1090309.1869292234,,,,,,
zipf_alpha_0.8,1,100000,9724,97,0.01,LFU,0,26.511000000000003,26.198,26.823999999999998,917876.3205711477,,,,,,
zipf_alpha_0.8,1,100000,9724,97,0.01,LFU*,0,29.270000000000003,29.01,29.53,473471.1666920663,,,,,,
zipf_alpha_0.8,1,100000,9724,97,0.01,ARC,0,26.336,26.226,26.445999999999998,840771.6329645016,,,,,,
zipf_alpha_0.8,1,100000,9724,97,0.01,S3-FIFO,0,27.194000000000003,26.912000000000003,27.476,845714.380432943,,,,,,
zipf_alpha_0.8,1,100000,9724,97,0.01,SIEVE,0,27.046,26.541999999999998,27.55,1253444.6696394726,,,,,,
zipf_alpha_0.8,1,100000,9724,97,0.01,LIRS,0,26.622,26.523999999999997,26.72,271633.9180559245,,,,,,
zipf_alpha_0.8,1,100000,9724,97,0.01,LeCaR,0,15.967,15.994,15.939999999999998,381395.0549317389,,,,,,
zipf_alpha_0.8,1,100000,9724,97,0.01,Cacheus,0,26.344,26.028000000000002,26.66,180225.01951530832,,,,,,
zipf_alpha_1.0,0,100000,8533,85,0.01,LRU,0,37.059999999999995,36.848,37.272,2170190.1765759457,,,,,,
zipf_alpha_1.0,0,100000,8533,85,0.01,LFU,0,48.036,47.686,48.386,527219.8605408425,,,,,,
zipf_alpha_1.0,0,100000,8533,85,0.01,LFU*,0,51.036,50.622,51.449999999999996,516141.5501902492,,,,,,
zipf_alpha_1.0,0,100000,8533,85,0.01,ARC,0,48.166,47.932,48.4,1063573.7601384153,,,,,,
zipf_alpha_1.0,0,100000,8533,85,0.01,S3-FIFO,0,49.012,48.726,49.297999999999995,844750.302622789,,,,,,
zipf_alpha_1.0,0,100000,8533,85,0.01,SIEVE,0,48.637,48.038,49.236000000000004,2402057.891015094,,,,,,
zipf_alpha_1.0,0,100000,8533,85,0.01,LIRS,0,48.504000000000005,48.286,48.722,385521.4356107114,,,,,,
zipf_alpha_1.0,0,100000,8533,85,0.01,LeCaR,0,38.208999999999996,37.918,38.5,402358.48704043496,,,,,,
zipf_alpha_1.0,0,100000,8533,85,0.01,Cacheus,0,48.686,48.412,48.96,206464.95453501662,,,,,,
zipf_alpha_1.0,1,100000,8545,85,0.01,LRU,0,37.173,37.056,37.29,2025225.3974327696,,,,,,
zipf_alpha_1.0,1,100000,8545,85,0.01,LFU,0,47.945,47.798,48.092,889988.5270690969,,,,,,
zipf_alpha_1.0,1,100000,8545,85,0.01,LFU*,0,51.028,50.756,51.300000000000004,542621.152421395,,,,,,
zipf_alpha_1.0,1,100000,8545,85,0.01,ARC,0,48.071999999999996,48.071999999999996,48.071999999999996,1032752.6877550619,,,,,,
zipf_alpha_1.0,1,100000,8545,85,0.01,S3-FIFO,0,48.924,48.809999999999995,49.038,986034.3614790452,,,,,,
zipf_alpha_1.0,1,100000,8545,85,0.01,SIEVE,0,48.876,48.352000000000004,49.4,2425442.621418069,,,,,,
zipf_alpha_1.0,1,100000,8545,85,0.01,LIRS,0,48.393,48.346000000000004,48.44,327778.09339231555,,,,,,
zipf_alpha_1.0,1,100000,8545,85,0.01,LeCaR,0,38.599,38.396,38.802,459924.1398360831,,,,,,
zipf_alpha_1.0,1,100000,8545,85,0.01,Cacheus,0,48.615,48.396,48.834,192866.88424666732,,,,,,
zipf_alpha_1.2,0,100000,8857,89,0.01,LRU,0,52.913,52.898,52.928,2676952.947638402,,,,,,
zipf_alpha_1.2,0,100000,8857,89,0.01,LFU,0,61.73800000000001,61.562,61.914,930715.9936684344,,,,,,
zipf_alpha_1.2,0,100000,8857,89,0.01,LFU*,0,63.654999999999994,63.43,63.88,652070.137500194,,,,,,
zipf_alpha_1.2,0,100000,8857,89,0.01,ARC,0,61.751,61.617999999999995,61.88399999999999,773039.4692838229,,,,,,
zipf_alpha_1.2,0,100000,8857,89,0.01,S3-FIFO,0,62.368,62.16199999999999,62.574,1283833.2426018703,,,,,,
zipf_alpha_1.2,0,100000,8857,89,0.01,SIEVE,0,61.89,61.55199999999999,62.22800000000001,2980846.807386438,,,,,,
zipf_alpha_1.2,0,100000,8857,89,0.01,LIRS,0,61.976,61.824,62.12800000000001,331044.2604819844,,,,,,
zipf_alpha_1.2,0,100000,8857,89,0.01,LeCaR,0,54.123,54.188,54.05799999999999,564477.8110046464,,,,,,
zipf_alpha_1.2,0,100000,8857,89,0.01,Cacheus,0,62.212,61.980000000000004,62.444,206731.0261831829,,,,,,
zipf_alpha_1.2,1,100000,8869,89,0.01,LRU,0,52.727999999999994,52.628,52.827999999999996,2512234.519272196,,,,,,
zipf_alpha_1.2,1,100000,8869,89,0.01,LFU,0,61.80799999999999,61.706,61.91,535272.2492885868,,,,,,
zipf_alpha_1.2,1,100000,8869,89,0.01,LFU*,0,63.512,63.38,63.644,629128.3164200191,,,,,,
zipf_alpha_1.2,1,100000,8869,89,0.01,ARC,0,61.726000000000006,61.687999999999995,61.763999999999996,1249783.6936883258,,,,,,
zipf_alpha_1.2,1,100000,8869,89,0.01,S3-FIFO,0,62.229,62.129999999999995,62.327999999999996,1216360.6047961728,,,,,,
zipf_alpha_1.2,1,100000,8869,89,0.01,SIEVE,0,62.17399999999999,62.064,62.28399999999999,2974537.306293254,,,,,,
zipf_alpha_1.2,1,100000,8869,89,0.01,LIRS,0,61.94,61.904,61.976,336513.19004508655,,,,,,
zipf_alpha_1.2,1,100000,8869,89,0.01,LeCaR,0,54.093,53.944,54.242000000000004,447148.86437093676,,,,,,
zipf_alpha_1.2,1,100000,8869,89,0.01,Cacheus,0,62.16199999999999,61.936,62.388,217107.43071875768,,,,,,
zipf_alpha_1.5,0,100000,2822,28,0.01,LRU,0,79.238,79.278,79.19800000000001,3501412.942739632,,,,,,
zipf_alpha_1.5,0,100000,2822,28,0.01,LFU,0,84.127,84.214,84.04,630702.2539746634,,,,,,
zipf_alpha_1.5,0,100000,2822,28,0.01,LFU*,0,85.56200000000001,85.626,85.49799999999999,829002.2044114865,,,,,,
zipf_alpha_1.5,0,100000,2822,28,0.01,ARC,0,83.463,83.604,83.322,1953502.270131324,,,,,,
zipf_alpha_1.5,0,100000,2822,28,0.01,S3-FIFO,0,84.503,84.552,84.454,1886585.853868766,,,,,,
zipf_alpha_1.5,0,100000,2822,28,0.01,SIEVE,0,84.852,85.11,84.59400000000001,3810440.4926617783,,,,,,
zipf_alpha_1.5,0,100000,2822,28,0.01,LIRS,0,83.933,84.04,83.826,709526.2778975421,,,,,,
zipf_alpha_1.5,0,100000,2822,28,0.01,LeCaR,0,80.926,80.882,80.97,581562.0542768444,,,,,,
zipf_alpha_1.5,0,100000,2822,28,0.01,Cacheus,0,84.394,84.468,84.32,342230.79557584634,,,,,,
zipf_alpha_1.5,1,100000,2843,28,0.01,LRU,0,79.134,79.242,79.026,3421767.6638869555,,,,,,
zipf_alpha_1.5,1,100000,2843,28,0.01,LFU,0,83.841,84.06,83.622,682563.9263430935,,,,,,
zipf_alpha_1.5,1,100000,2843,28,0.01,LFU*,0,85.497,85.67,85.324,881693.5485048966,,,,,,
zipf_alpha_1.5,1,100000,2843,28,0.01,ARC,0,83.332,83.592,83.072,2055261.585781856,,,,,,
zipf_alpha_1.5,1,100000,2843,28,0.01,S3-FIFO,0,84.418,84.64,84.196,1925449.891963109,,,,,,
zipf_alpha_1.5,1,100000,2843,28,0.01,SIEVE,0,84.56,84.666,84.454,2862589.1375120743,,,,,,
zipf_alpha_1.5,1,100000,2843,28,0.01,LIRS,0,83.779,84.02199999999999,83.536,586788.759726844,,,,,,
zipf_alpha_1.5,1,100000,2843,28,0.01,LeCaR,0,80.592,80.888,80.296,587437.2882079359,,,,,,
zipf_alpha_1.5,1,100000,2843,28,0.01,Cacheus,0,84.179,84.15,84.208,332977.8273357645,,,,,,
uniform,0,100000,10000,100,0.01,LRU,0,0.991,0.988,0.9939999999999999,1382205.2545714246,,,,,,
uniform,0,100000,10000,100,0.01,LFU,0,1.038,0.976,1.0999999999999999,1010379.7013972347,,,,,,
uniform,0,100000,10000,100,0.01,LFU*,0,1.056,1.06,1.052,359904.3129595504,,,,,,
uniform,0,100000,10000,100,0.01,ARC,0,0.9860000000000001,1.002,0.97,707083.2081597741,,,,,,
uniform,0,100000,10000,100,0.01,S3-FIFO,0,0.997,1.02,0.9740000000000001,412738.25661543856,,,,,,
uniform,0,100000,10000,100,0.01,SIEVE,0,1.015,0.976,1.054,1981137.1572693617,,,,,,
uniform,0,100000,10000,100,0.01,LIRS,0,1.031,1.022,1.04,260633.81535882407,,,,,,
uniform,0,100000,10000,100,0.01,LeCaR,0,0.991,0.988,0.9939999999999999,526186.832157197,,,,,,
uniform,0,100000,10000,100,0.01,Cacheus,0,0.996,1.0,0.992,165315.84527112957,,,,,,
uniform,1,100000,10000,100,0.01,LRU,0,1.035,1.04,1.03,1917358.1810606793,,,,,,
uniform,1,100000,10000,100,0.01,LFU,0,0.971,1.002,0.9400000000000001,1010246.7305364578,,,,,,
uniform,1,100000,10000,100,0.01,LFU*,0,1.0030000000000001,0.962,1.044,610582.919909355,,,,,,
uniform,1,100000,10000,100,0.01,ARC,0,1.02,1.058,0.9820000000000001,382618.51770282525,,,,,,
uniform,1,100000,10000,100,0.01,S3-FIFO,0,1.0330000000000001,0.9979999999999999,1.068,738678.1598114267,,,,,,
uniform,1,100000,10000,100,0.01,SIEVE,0,0.975,1.002,0.9480000000000001,1159349.0083715026,,,,,,
uniform,1,100000,10000,100,0.01,LIRS,0,1.028,1.036,1.02,251537.34468542825,,,,,,
uniform,1,100000,10000,100,0.01,LeCaR,0,1.035,1.04,1.03,382283.5256839383,,,,,,
uniform,1,100000,10000,100,0.01,Cacheus,0,0.9740000000000001,0.9900000000000001,0.958,221137.69906174904,,,,,,
gaussian,0,100000,8797,88,0.01,LRU,0,1.509,1.54,1.478,1970323.1891614685,,,,,,
gaussian,0,100000,8797,88,0.01,LFU,0,1.925,1.9060000000000001,1.944,993987.3308786275,,,,,,
gaussian,0,100000,8797,88,0.01,LFU*,0,2.214,2.128,2.3,353325.2435035987,,,,,,
gaussian,0,100000,8797,88,0.01,ARC,0,1.9959999999999998,1.9480000000000002,2.044,679555.8015538985,,,,,,
gaussian,0,100000,8797,88,0.01,S3-FIFO,0,2.0420000000000003,1.958,2.1260000000000003,720170.0851615111,,,,,,
gaussian,0,100000,8797,88,0.01,SIEVE,0,1.9900000000000002,1.9539999999999997,2.026,1892025.1518492796,,,,,,
gaussian,0,100000,8797,88,0.01,LIRS,0,2.0389999999999997,1.966,2.112,223211.1039595322,,,,,,
gaussian,0,100000,8797,88,0.01,LeCaR,0,1.51,1.54,1.48,385146.2924847579,,,,,,
gaussian,0,100000,8797,88,0.01,Cacheus,0,1.924,1.836,2.012,183314.07600650308,,,,,,
gaussian,1,100000,8761,88,0.01,LRU,0,1.4989999999999999,1.4500000000000002,1.548,1832393.9657278082,,,,,,
gaussian,1,100000,8761,88,0.01,LFU,0,1.831,1.77,1.892,977536.8484021445,,,,,,
gaussian,1,100000,8761,88,0.01,LFU*,0,2.249,2.17,2.328,559005.2608710814,,,,,,
gaussian,1,100000,8761,88,0.01,ARC,0,1.9369999999999998,1.8739999999999999,2.0,674154.7688508452,,,,,,
gaussian,1,100000,8761,88,0.01,S3-FIFO,0,2.051,1.9720000000000002,2.13,710313.8926823455,,,,,,
gaussian,1,100000,8761,88,0.01,SIEVE,0,1.907,1.82,1.994,1122235.0793021452,,,,,,
gaussian,1,100000,8761,88,0.01,LIRS,0,1.986,1.9300000000000002,2.0420000000000003,265495.58687258395,,,,,,
gaussian,1,100000,8761,88,0.01,LeCaR,0,1.4989999999999999,1.4500000000000002,1.548,380618.3517360533,,,,,,
gaussian,1,100000,8761,88,0.01,Cacheus,0,1.521,1.51,1.532,173142.62234459215,,,,,,
bursty,0,100000,8012,80,0.01,LRU,0,84.331,84.55799999999999,84.104,3856021.405001213,,,,,,
bursty,0,100000,8012,80,0.01,LFU,0,84.315,84.576,84.054,1102780.9488841936,,,,,,
bursty,0,100000,8012,80,0.01,LFU*,0,84.314,84.572,84.056,656913.1443758161,,,,,,
bursty,0,100000,8012,80,0.01,ARC,0,84.316,84.564,84.068,2345809.364043978,,,,,,
bursty,0,100000,8012,80,0.01,S3-FIFO,0,84.32,84.566,84.074,2154770.1126419893,,,,,,
bursty,0,100000,8012,80,0.01,SIEVE,0,84.325,84.578,84.072,3819019.2736533117,,,,,,
bursty,0,100000,8012,80,0.01,LIRS,0,84.318,84.552,84.084,405691.6230387262,,,,,,
bursty,0,100000,8012,80,0.01,LeCaR,0,84.331,84.55799999999999,84.104,754431.8229827144,,,,,,
bursty,0,100000,8012,80,0.01,Cacheus,0,84.325,84.566,84.084,235256.75776662436,,,,,,
bursty,1,100000,7864,79,0.01,LRU,0,84.536,84.652,84.42,3599696.9919020142,,,,,,
bursty,1,100000,7864,79,0.01,LFU,0,84.527,84.64399999999999,84.41,1153414.3776201531,,,,,,
bursty,1,100000,7864,79,0.01,LFU*,0,84.536,84.65,84.422,663320.2293766087,,,,,,
bursty,1,100000,7864,79,0.01,ARC,0,84.52300000000001,84.646,84.39999999999999,2351416.4627046105,,,,,,
bursty,1,100000,7864,79,0.01,S3-FIFO,0,84.521,84.648,84.394,2073689.7686819392,,,,,,
bursty,1,100000,7864,79,0.01,SIEVE,0,84.529,84.65599999999999,84.402,2479551.018761365,,,,,,
bursty,1,100000,7864,79,0.01,LIRS,0,84.526,84.652,84.39999999999999,393881.20670318726,,,,,,
bursty,1,100000,7864,79,0.01,LeCaR,0,84.536,84.652,84.42,670980.6742869073,,,,,,
bursty,1,100000,7864,79,0.01,Cacheus,0,84.539,84.638,84.44,262423.79249137454,,,,,,
periodic,0,100000,8906,89,0.01,LRU,0,51.080000000000005,51.093999999999994,51.066,2475534.784864134,,,,,,
periodic,0,100000,8906,89,0.01,LFU,0,4.2250000000000005,7.688000000000001,0.762,963035.1756186615,,,,,,
periodic,0,100000,8906,89,0.01,LFU*,0,5.425,9.6,1.25,352484.03536386136,,,,,,
periodic,0,100000,8906,89,0.01,ARC,0,66.89,67.30199999999999,66.47800000000001,1331163.270958847,,,,,,
periodic,0,100000,8906,89,0.01,S3-FIFO,0,63.866,63.870000000000005,63.861999999999995,1039486.3764792016,,,,,,
periodic,0,100000,8906,89,0.01,SIEVE,0,61.48400000000001,61.650000000000006,61.318,2550663.055044819,,,,,,
periodic,0,100000,8906,89,0.01,LIRS,0,67.887,68.134,67.64,334513.79012685845,,,,,,
periodic,0,100000,8906,89,0.01,LeCaR,0,56.849000000000004,57.202,56.496,457239.92160022154,,,,,,
periodic,0,100000,8906,89,0.01,Cacheus,0,67.503,67.472,67.534,212707.8479256931,,,,,,
periodic,1,100000,8916,89,0.01,LRU,0,50.912,50.7,51.124,2374549.2393439207,,,,,,
periodic,1,100000,8916,89,0.01,LFU,0,4.213,7.55,0.876,955061.3456910406,,,,,,
periodic,1,100000,8916,89,0.01,LFU*,0,5.325,9.364,1.286,595021.1498188484,,,,,,
periodic,1,100000,8916,89,0.01,ARC,0,66.70700000000001,66.56800000000001,66.846,1304832.4181659797,,,,,,
periodic,1,100000,8916,89,0.01,S3-FIFO,0,63.715999999999994,63.708,63.724000000000004,748031.2639993328,,,,,,
periodic,1,100000,8916,89,0.01,SIEVE,0,62.366,62.326,62.40599999999999,2519932.8579284973,,,,,,
periodic,1,100000,8916,89,0.01,LIRS,0,67.795,67.622,67.96799999999999,339237.68840633234,,,,,,
periodic,1,100000,8916,89,0.01,LeCaR,0,56.894,56.21000000000001,57.577999999999996,463828.59811521263,,,,,,
periodic,1,100000,8916,89,0.01,Cacheus,0,66.554,66.24,66.86800000000001,220112.99337632704,,,,,,
adversarial,0,100000,31,16,0.01,LRU,0,0.0,0.0,0.0,2404623.610282471,,,,,,
adversarial,0,100000,31,16,0.01,LFU,0,0.0,0.0,0.0,1100659.432590568,,,,,,
adversarial,0,100000,31,16,0.01,LFU*,0,0.0,0.0,0.0,924452.1437736328,,,,,,
adversarial,0,100000,31,16,0.01,ARC,0,0.0,0.0,0.0,955378.8219412274,,,,,,
adversarial,0,100000,31,16,0.01,S3-FIFO,0,0.0,0.0,0.0,699516.1160242363,,,,,,
adversarial,0,100000,31,16,0.01,SIEVE,0,0.0,0.0,0.0,1888507.7523811464,,,,,,
adversarial,0,100000,31,16,0.01,LIRS,0,48.375,48.36,48.39,660567.510327127,,,,,,
adversarial,0,100000,31,16,0.01,LeCaR,0,0.0,0.0,0.0,653246.7828358039,,,,,,
adversarial,0,100000,31,16,0.01,Cacheus,0,0.0,0.0,0.0,600201.6593548455,,,,,,
adversarial,1,100000,31,16,0.01,LRU,0,0.0,0.0,0.0,2046236.4309905695,,,,,,
adversarial,1,100000,31,16,0.01,LFU,0,0.0,0.0,0.0,1072342.6592900716,,,,,,
adversarial,1,100000,31,16,0.01,LFU*,0,0.0,0.0,0.0,884294.1671414694,,,,,,
adversarial,1,100000,31,16,0.01,ARC,0,0.0,0.0,0.0,1417862.0330670292,,,,,,
adversarial,1,100000,31,16,0.01,S3-FIFO,0,0.0,0.0,0.0,472018.7854042731,,,,,,
adversarial,1,100000,31,16,0.01,SIEVE,0,0.0,0.0,0.0,2117453.4936855067,,,,,,
adversarial,1,100000,31,16,0.01,LIRS,0,48.375,48.36,48.39,648786.7778077935,,,,,,
adversarial,1,100000,31,16,0.01,LeCaR,0,0.0,0.0,0.0,660863.7629506823,,,,,,
adversarial,1,100000,31,16,0.01,Cacheus,0,0.0,0.0,0.0,452055.96999048867,,,,,,
zipf_100k,0,100000,19354,19,0.001,LRU,0,35.433,35.598,35.268,2249183.8892515255,,,,,,
zipf_100k,0,100000,19354,19,0.001,LFU,0,49.129,49.158,49.1,537337.7346150924,,,,,,
zipf_100k,0,100000,19354,19,0.001,LFU*,0,50.159,50.134,50.184,569196.6667328125,,,,,,
zipf_100k,0,100000,19354,19,0.001,ARC,0,47.629,47.486,47.772,1108581.611180661,,,,,,
zipf_100k,0,100000,19354,19,0.001,S3-FIFO,0,49.221,49.088,49.354,681138.6376665165,,,,,,
zipf_100k,0,100000,19354,19,0.001,SIEVE,0,48.807,48.66,48.954,2633715.514459322,,,,,,
zipf_100k,0,100000,19354,19,0.001,LIRS,0,48.152,48.036,48.268,235374.83515419136,,,,,,
zipf_100k,0,100000,19354,19,0.001,LeCaR,0,38.605000000000004,38.668,38.542,394409.38578842086,,,,,,
zipf_100k,0,100000,19354,19,0.001,Cacheus,0,47.485,46.94,48.03,155026.31215868116,,,,,,
zipf_100k,1,100000,19382,19,0.001,LRU,0,35.496,35.416,35.576,2218873.1537091266,,,,,,
zipf_100k,1,100000,19382,19,0.001,LFU,0,48.796,48.815999999999995,48.776,559575.8531437225,,,,,,
zipf_100k,1,100000,19382,19,0.001,LFU*,0,50.185,50.132,50.23800000000001,544931.9943143578,,,,,,
zipf_100k,1,100000,19382,19,0.001,ARC,0,47.704,47.748000000000005,47.660000000000004,1108453.0530043035,,,,,,
zipf_100k,1,100000,19382,19,0.001,S3-FIFO,0,49.326,49.322,49.33,1030643.6005451476,,,,,,
zipf_100k,1,100000,19382,19,0.001,SIEVE,0,49.327,49.184,49.47,1534207.1584145105,,,,,,
zipf_100k,1,100000,19382,19,0.001,LIRS,0,48.207,48.199999999999996,48.214,227254.74367509136,,,,,,
zipf_100k,1,100000,19382,19,0.001,LeCaR,0,39.07,39.013999999999996,39.126,353805.3919266101,,,,,,
zipf_100k,1,100000,19382,19,0.001,Cacheus,0,47.692,47.434,47.949999999999996,142605.55020026857,,,,,,
web_traffic_100k,0,100000,4989,16,0.001,LRU,0,3.427,3.504,3.35,1847763.265037924,,,,,,
web_traffic_100k,0,100000,4989,16,0.001,LFU,0,0.853,1.256,0.44999999999999996,930840.5312206299,,,,,,
web_traffic_100k,0,100000,4989,16,0.001,LFU*,0,4.05,4.864,3.2359999999999998,343918.5253444314,,,,,,
web_traffic_100k,0,100000,4989,16,0.001,ARC,0,4.5280000000000005,4.569999999999999,4.486,661946.0469745541,,,,,,
web_traffic_100k,0,100000,4989,16,0.001,S3-FIFO,0,5.176,5.196,5.156000000000001,691733.5454842922,,,,,,
web_traffic_100k,0,100000,4989,16,0.001,SIEVE,0,4.614999999999999,4.6899999999999995,4.54,1877350.0550736953,,,,,,
web_traffic_100k,0,100000,4989,16,0.001,LIRS,0,4.888,4.896,4.88,420751.6515350766,,,,,,
web_traffic_100k,0,100000,4989,16,0.001,LeCaR,0,3.431,3.508,3.354,386054.1445650493,,,,,,
web_traffic_100k,0,100000,4989,16,0.001,Cacheus,0,3.7800000000000002,3.884,3.676,217539.57317299375,,,,,,
web_traffic_100k,1,100000,4996,16,0.001,LRU,0,3.345,3.408,3.282,1754203.12770034,,,,,,
web_traffic_100k,1,100000,4996,16,0.001,LFU,0,1.687,2.324,1.05,923352.474182462,,,,,,
web_traffic_100k,1,100000,4996,16,0.001,LFU*,0,4.154999999999999,4.802,3.508,586116.8162586766,,,,,,
web_traffic_100k,1,100000,4996,16,0.001,ARC,0,4.516,4.412,4.62,690093.7579320836,,,,,,
web_traffic_100k,1,100000,4996,16,0.001,S3-FIFO,0,5.183999999999999,4.9799999999999995,5.388,419959.19752122497,,,,,,
web_traffic_100k,1,100000,4996,16,0.001,SIEVE,0,4.74,4.754,4.726,1814289.5074526763,,,,,,
web_traffic_100k,1,100000,4996,16,0.001,LIRS,0,4.862,4.712000000000001,5.012,340110.4952337863,,,,,,
web_traffic_100k,1,100000,4996,16,0.001,LeCaR,0,3.3459999999999996,3.404,3.288,466327.7051821182,,,,,,
web_traffic_100k,1,100000,4996,16,0.001,Cacheus,0,4.0809999999999995,4.0,4.162,224188.60187168227,,,,,,
zipf_alpha_0.5,0,100000,9987,16,0.001,LRU,0,0.364,0.38,0.348,1746327.887206398,,,,,,
zipf_alpha_0.5,0,100000,9987,16,0.001,LFU,0,1.649,1.6179999999999999,1.68,879749.387552092,,,,,,
zipf_alpha_0.5,0,100000,9987,16,0.001,LFU*,0,3.114,3.074,3.154,345926.69671524654,,,,,,
zipf_alpha_0.5,0,100000,9987,16,0.001,ARC,0,2.108,1.992,2.2239999999999998,639050.7693233144,,,,,,
zipf_alpha_0.5,0,100000,9987,16,0.001,S3-FIFO,0,2.598,2.4219999999999997,2.774,683217.2585920375,,,,,,
zipf_alpha_0.5,0,100000,9987,16,0.001,SIEVE,0,1.672,1.608,1.736,1811278.6072911646,,,,,,
zipf_alpha_0.5,0,100000,9987,16,0.001,LIRS,0,2.144,2.0740000000000003,2.214,240798.7272596351,,,,,,
zipf_alpha_0.5,0,100000,9987,16,0.001,LeCaR,0,0.364,0.38,0.348,398169.97733796184,,,,,,
zipf_alpha_0.5,0,100000,9987,16,0.001,Cacheus,0,0.8580000000000001,0.652,1.064,178094.53529346522,,,,,,
zipf_alpha_0.5,1,100000,9985,16,0.001,LRU,0,0.396,0.424,0.368,1814023.7459514083,,,,,,
zipf_alpha_0.5,1,100000,9985,16,0.001,LFU,0,1.7319999999999998,1.72,1.744,895580.7237813551,,,,,,
zipf_alpha_0.5,1,100000,9985,16,0.001,LFU*,0,3.145,3.084,3.206,549803.2331193209,,,,,,
zipf_alpha_0.5,1,100000,9985,16,0.001,ARC,0,2.299,2.222,2.376,732936.8150056747,,,,,,
zipf_alpha_0.5,1,100000,9985,16,0.001,S3-FIFO,0,2.723,2.5860000000000003,2.86,471024.92970953265,,,,,,
zipf_alpha_0.5,1,100000,9985,16,0.001,SIEVE,0,1.879,1.7680000000000002,1.9900000000000002,2251047.9922733116,,,,,,
zipf_alpha_0.5,1,100000,9985,16,0.001,LIRS,0,2.299,2.254,2.344,310867.2069110428,,,,,,
zipf_alpha_0.5,1,100000,9985,16,0.001,LeCaR,0,0.4,0.43,0.37,371554.04384962376,,,,,,
zipf_alpha_0.5,1,100000,9985,16,0.001,Cacheus,0,0.502,0.526,0.47800000000000004,170173.8991077684,,,,,,
zipf_alpha_0.8,0,100000,9695,16,0.001,LRU,0,4.294,4.32,4.268000000000001,1783818.8507799897,,,,,,
zipf_alpha_0.8,0,100000,9695,16,0.001,LFU,0,14.163,13.958,14.368,897718.0697961042,,,,,,
zipf_alpha_0.8,0,100000,9695,16,0.001,LFU*,0,15.695,15.472,15.918,474198.06527698337,,,,,,
zipf_alpha_0.8,0,100000,9695,16,0.001,ARC,0,13.778000000000002,13.602,13.954,771601.6160993766,,,,,,
zipf_alpha_0.8,0,100000,9695,16,0.001,S3-FIFO,0,14.999,14.846,15.152,460646.37659917894,,,,,,
zipf_alpha_0.8,0,100000,9695,16,0.001,SIEVE,0,13.950000000000001,14.228,13.672,1104839.8437416053,,,,,,
zipf_alpha_0.8,0,100000,9695,16,0.001,LIRS,0,13.926,13.748,14.104,265091.0060208083,,,,,,
zipf_alpha_0.8,0,100000,9695,16,0.001,LeCaR,0,4.935,4.956,4.914000000000001,389515.21789048915,,,,,,
zipf_alpha_0.8,0,100000,9695,16,0.001,Cacheus,0,12.302,11.834,12.770000000000001,165732.83671156625,,,,,,
zipf_alpha_0.8,1,100000,9724,16,0.001,LRU,0,4.29,4.29,4.29,1751715.2138548854,,,,,,
zipf_alpha_0.8,1,100000,9724,16,0.001,LFU,0,11.124,11.196,11.052,884793.3965412038,,,,,,
zipf_alpha_0.8,1,100000,9724,16,0.001,LFU*,0,15.55,15.506,15.594,475666.56797104643,,,,,,
zipf_alpha_0.8,1,100000,9724,16,0.001,ARC,0,13.472999999999999,13.462,13.483999999999998,756506.4242827578,,,,,,
zipf_alpha_0.8,1,100000,9724,16,0.001,S3-FIFO,0,14.749,14.677999999999999,14.82,458751.69251317484,,,,,,
zipf_alpha_0.8,1,100000,9724,16,0.001,SIEVE,0,13.506000000000002,13.094,13.918,1945704.4934715163,,,,,,
zipf_alpha_0.8,1,100000,9724,16,0.001,LIRS,0,13.645,13.697999999999999,13.592,271616.7309306951,,,,,,
zipf_alpha_0.8,1,100000,9724,16,0.001,LeCaR,0,4.942,4.83,5.054,398919.25115680124,,,,,,
zipf_alpha_0.8,1,100000,9724,16,0.001,Cacheus,0,11.741999999999999,11.486,11.998000000000001,179462.52216505026,,,,,,
zipf_alpha_1.0,0,100000,8533,16,0.001,LRU,0,18.015,17.796,18.234,1886212.9939451234,,,,,,
zipf_alpha_1.0,0,100000,8533,16,0.001,LFU,0,31.497000000000003,31.338,31.656000000000002,805303.1856191502,,,,,,
zipf_alpha_1.0,0,100000,8533,16,0.001,LFU*,0,33.761,33.501999999999995,34.02,489645.63033684104,,,,,,
zipf_alpha_1.0,0,100000,8533,16,0.001,ARC,0,30.585,30.275999999999996,30.894,501898.81370598706,,,,,,
zipf_alpha_1.0,0,100000,8533,16,0.001,S3-FIFO,0,32.601,32.318000000000005,32.884,880201.1935697489,,,,,,
zipf_alpha_1.0,0,100000,8533,16,0.001,SIEVE,0,32.157000000000004,31.462,32.852,2135690.2697239695,,,,,,
zipf_alpha_1.0,0,100000,8533,16,0.001,LIRS,0,31.019999999999996,30.786,31.253999999999998,375390.73764917435,,,,,,
zipf_alpha_1.0,0,100000,8533,16,0.001,LeCaR,0,20.958,20.626,21.29,427829.3384137119,,,,,,
zipf_alpha_1.0,0,100000,8533,16,0.001,Cacheus,0,30.003999999999998,29.812,30.196,208673.09922077684,,,,,,
zipf_alpha_1.0,1,100000,8545,16,0.001,LRU,0,17.953,17.962,17.944,1866175.5091632062,,,,,,
zipf_alpha_1.0,1,100000,8545,16,0.001,LFU,0,30.692000000000004,30.584,30.8,897618.6974844175,,,,,,
zipf_alpha_1.0,1,100000,8545,16,0.001,LFU*,0,34.066,33.966,34.166000000000004,479549.5886129152,,,,,,
zipf_alpha_1.0,1,100000,8545,16,0.001,ARC,0,30.912,30.947999999999997,30.875999999999998,573432.3472094308,,,,,,
zipf_alpha_1.0,1,100000,8545,16,0.001,S3-FIFO,0,32.891999999999996,32.79,32.994,882061.598820316,,,,,,
zipf_alpha_1.0,1,100000,8545,16,0.001,SIEVE,0,32.074999999999996,31.668000000000003,32.482,2149973.601546243,,,,,,
zipf_alpha_1.0,1,100000,8545,16,0.001,LIRS,0,31.385999999999996,31.412000000000003,31.36,317063.6406496831,,,,,,
zipf_alpha_1.0,1,100000,8545,16,0.001,LeCaR,0,21.211,21.157999999999998,21.264,444996.36849623645,,,,,,
zipf_alpha_1.0,1,100000,8545,16,0.001,Cacheus,0,30.291,30.116,30.465999999999998,209577.0996309346,,,,,,
zipf_alpha_1.2,0,100000,8857,16,0.001,LRU,0,33.274,33.39,33.158,2230849.1140423925,,,,,,
zipf_alpha_1.2,0,100000,8857,16,0.001,LFU,0,47.71,47.662,47.758,626957.2822658799,,,,,,
zipf_alpha_1.2,0,100000,8857,16,0.001,LFU*,0,48.385,48.338,48.431999999999995,546883.2421295717,,,,,,
zipf_alpha_1.2,0,100000,8857,16,0.001,ARC,0,45.629,45.498,45.76,1099734.5042925966,,,,,,
zipf_alpha_1.2,0,100000,8857,16,0.001,S3-FIFO,0,47.368,47.282000000000004,47.454,1100241.289513195,,,,,,
zipf_alpha_1.2,0,100000,8857,16,0.001,SIEVE,0,47.28,47.254000000000005,47.306,2593849.629738481,,,,,,
zipf_alpha_1.2,0,100000,8857,16,0.001,LIRS,0,46.117000000000004,46.038000000000004,46.196,391232.46022130817,,,,,,
zipf_alpha_1.2,0,100000,8857,16,0.001,LeCaR,0,36.428,36.672,36.184,376907.8041255457,,,,,,
zipf_alpha_1.2,0,100000,8857,16,0.001,Cacheus,0,45.623999999999995,45.494,45.754,215286.53633685465,,,,,,
zipf_alpha_1.2,1,100000,8869,16,0.001,LRU,0,33.329,33.146,33.512,2131262.3601283715,,,,,,
zipf_alpha_1.2,1,100000,8869,16,0.001,LFU,0,47.373,47.406,47.339999999999996,895317.755838838,,,,,,
zipf_alpha_1.2,1,100000,8869,16,0.001,LFU*,0,48.55,48.449999999999996,48.65,538266.0493425573,,,,,,
zipf_alpha_1.2,1,100000,8869,16,0.001,ARC,0,45.762,45.862,45.662000000000006,568275.4770832657,,,,,,
zipf_alpha_1.2,1,100000,8869,16,0.001,S3-FIFO,0,47.644,47.660000000000004,47.628,1050988.4194029327,,,,,,
zipf_alpha_1.2,1,100000,8869,16,0.001,SIEVE,0,47.217,47.158,47.276,2482872.5862526027,,,,,,
zipf_alpha_1.2,1,100000,8869,16,0.001,LIRS,0,46.245000000000005,46.33,46.160000000000004,330329.82699921407,,,,,,
zipf_alpha_1.2,1,100000,8869,16,0.001,LeCaR,0,37.13,36.892,37.368,452048.5724733381,,,,,,
zipf_alpha_1.2,1,100000,8869,16,0.001,Cacheus,0,45.757999999999996,45.848,45.668,219538.66693365603,,,,,,
zipf_alpha_1.5,0,100000,2822,16,0.001,LRU,0,72.64699999999999,72.696,72.598,3163101.5349984895,,,,,,
zipf_alpha_1.5,0,100000,2822,16,0.001,LFU,0,80.247,80.30000000000001,80.194,1019243.1579356606,,,,,,
zipf_alpha_1.5,0,100000,2822,16,0.001,LFU*,0,80.79899999999999,80.80000000000001,80.798,550763.5910361657,,,,,,
zipf_alpha_1.5,0,100000,2822,16,0.001,ARC,0,78.081,78.032,78.13,1877686.9112647937,,,,,,
zipf_alpha_1.5,0,100000,2822,16,0.001,S3-FIFO,0,79.874,79.92399999999999,79.824,1078573.729484205,,,,,,
zipf_alpha_1.5,0,100000,2822,16,0.001,SIEVE,0,79.937,79.894,79.97999999999999,3746364.6681394377,,,,,,
zipf_alpha_1.5,0,100000,2822,16,0.001,LIRS,0,78.759,78.724,78.794,549590.8702665704,,,,,,
zipf_alpha_1.5,0,100000,2822,16,0.001,LeCaR,0,75.08200000000001,75.16000000000001,75.004,566612.940995778,,,,,,
zipf_alpha_1.5,0,100000,2822,16,0.001,Cacheus,0,79.086,79.054,79.118,328890.84030733886,,,,,,
zipf_alpha_1.5,1,100000,2843,16,0.001,LRU,0,72.52199999999999,72.702,72.342,1959256.5162450636,,,,,,
zipf_alpha_1.5,1,100000,2843,16,0.001,LFU,0,79.696,79.902,79.49000000000001,938838.3169591834,,,,,,
zipf_alpha_1.5,1,100000,2843,16,0.001,LFU*,0,80.78699999999999,80.904,80.67,508640.16882078646,,,,,,
zipf_alpha_1.5,1,100000,2843,16,0.001,ARC,0,77.83200000000001,77.95400000000001,77.71000000000001,1758770.6727629472,,,,,,
zipf_alpha_1.5,1,100000,2843,16,0.001,S3-FIFO,0,79.762,79.898,79.62599999999999,1015300.8683726129,,,,,,
zipf_alpha_1.5,1,100000,2843,16,0.001,SIEVE,0,79.796,79.956,79.636,3486229.845365721,,,,,,
zipf_alpha_1.5,1,100000,2843,16,0.001,LIRS,0,78.507,78.63799999999999,78.376,665845.1336234447,,,,,,
zipf_alpha_1.5,1,100000,2843,16,0.001,LeCaR,0,75.169,75.16000000000001,75.178,560668.123083582,,,,,,
zipf_alpha_1.5,1,100000,2843,16,0.001,Cacheus,0,79.01599999999999,79.182,78.85,320620.2652957408,,,,,,
uniform,0,100000,10000,16,0.001,LRU,0,0.13899999999999998,0.13799999999999998,0.13999999999999999,1802966.453164709,,,,,,
uniform,0,100000,10000,16,0.001,LFU,0,0.169,0.158,0.18,533684.0676567456,,,,,,
uniform,0,100000,10000,16,0.001,LFU*,0,0.164,0.156,0.172,428788.9133712446,,,,,,
uniform,0,100000,10000,16,0.001,ARC,0,0.149,0.152,0.146,713543.3386984995,,,,,,
uniform,0,100000,10000,16,0.001,S3-FIFO,0,0.17500000000000002,0.172,0.178,753462.1396964894,,,,,,
uniform,0,100000,10000,16,0.001,SIEVE,0,0.163,0.16,0.166,1908786.4992943327,,,,,,
uniform,0,100000,10000,16,0.001,LIRS,0,0.169,0.184,0.154,257964.31546566373,,,,,,
uniform,0,100000,10000,16,0.001,LeCaR,0,0.13899999999999998,0.13799999999999998,0.13999999999999999,404168.84154901665,,,,,,
uniform,0,100000,10000,16,0.001,Cacheus,0,0.131,0.13,0.132,166708.03109688632,,,,,,
uniform,1,100000,10000,16,0.001,LRU,0,0.169,0.168,0.16999999999999998,1880933.2393169736,,,,,,
uniform,1,100000,10000,16,0.001,LFU,0,0.164,0.178,0.15,1003609.803808128,,,,,,
uniform,1,100000,10000,16,0.001,LFU*,0,0.179,0.172,0.186,737830.5457825515,,,,,,
uniform,1,100000,10000,16,0.001,ARC,0,0.187,0.198,0.17600000000000002,721067.8570772266,,,,,,
uniform,1,100000,10000,16,0.001,S3-FIFO,0,0.165,0.166,0.164,445487.7033882947,,,,,,
uniform,1,100000,10000,16,0.001,SIEVE,0,0.169,0.18,0.158,1883941.2321805216,,,,,,
uniform,1,100000,10000,16,0.001,LIRS,0,0.173,0.178,0.168,315867.7982584418,,,,,,
uniform,1,100000,10000,16,0.001,LeCaR,0,0.169,0.168,0.16999999999999998,390084.42831433093,,,,,,
uniform,1,100000,10000,16,0.001,Cacheus,0,0.152,0.15,0.154,176278.24440636655,,,,,,
gaussian,0,100000,8797,16,0.001,LRU,0,0.265,0.28800000000000003,0.242,1862751.0497265984,,,,,,
gaussian,0,100000,8797,16,0.001,LFU,0,0.43,0.402,0.45799999999999996,981258.3097224358,,,,,,
gaussian,0,100000,8797,16,0.001,LFU*,0,0.615,0.59,0.64,641611.9880113353,,,,,,
gaussian,0,100000,8797,16,0.001,ARC,0,0.44200000000000006,0.398,0.486,700028.3812507088,,,,,,
gaussian,0,100000,8797,16,0.001,S3-FIFO,0,0.498,0.428,0.5680000000000001,749392.1960923679,,,,,,
gaussian,0,100000,8797,16,0.001,SIEVE,0,0.416,0.392,0.44,1892671.4832549652,,,,,,
gaussian,0,100000,8797,16,0.001,LIRS,0,0.416,0.336,0.496,247484.2208084413,,,,,,
gaussian,0,100000,8797,16,0.001,LeCaR,0,0.265,0.28800000000000003,0.242,393642.6879112529,,,,,,
gaussian,0,100000,8797,16,0.001,Cacheus,0,0.271,0.29,0.252,183312.54065018313,,,,,,
gaussian,1,100000,8761,16,0.001,LRU,0,0.261,0.258,0.264,1834034.8822344432,,,,,,
gaussian,1,100000,8761,16,0.001,LFU,0,0.345,0.322,0.368,972077.7566169252,,,,,,
gaussian,1,100000,8761,16,0.001,LFU*,0,0.573,0.5740000000000001,0.5720000000000001,616712.5512094087,,,,,,
gaussian,1,100000,8761,16,0.001,ARC,0,0.439,0.328,0.5499999999999999,690359.2865156867,,,,,,
gaussian,1,100000,8761,16,0.001,S3-FIFO,0,0.47000000000000003,0.374,0.5660000000000001,724818.2869646713,,,,,,
gaussian,1,100000,8761,16,0.001,SIEVE,0,0.297,0.26,0.334,1863125.034904323,,,,,,
gaussian,1,100000,8761,16,0.001,LIRS,0,0.47600000000000003,0.378,0.5740000000000001,272782.55260776856,,,,,,
gaussian,1,100000,8761,16,0.001,LeCaR,0,0.261,0.258,0.264,398379.3085159126,,,,,,
gaussian,1,100000,8761,16,0.001,Cacheus,0,0.268,0.24,0.296,188555.94392608083,,,,,,
bursty,0,100000,8012,16,0.001,LRU,0,84.211,84.462,83.96000000000001,4141347.5033316957,,,,,,
bursty,0,100000,8012,16,0.001,LFU,0,84.21499999999999,84.458,83.97200000000001,1138869.6802720183,,,,,,
bursty,0,100000,8012,16,0.001,LFU*,0,84.21499999999999,84.466,83.964,836428.4951567117,,,,,,
bursty,0,100000,8012,16,0.001,ARC,0,84.212,84.462,83.962,2365979.2250544173,,,,,,
bursty,0,100000,8012,16,0.001,S3-FIFO,0,84.207,84.454,83.96000000000001,2320210.0551063456,,,,,,
bursty,0,100000,8012,16,0.001,SIEVE,0,84.212,84.464,83.96000000000001,3853089.1101632765,,,,,,
bursty,0,100000,8012,16,0.001,LIRS,0,84.207,84.454,83.96000000000001,530154.324425753,,,,,,
bursty,0,100000,8012,16,0.001,LeCaR,0,84.211,84.462,83.96000000000001,598618.5547896931,,,,,,
bursty,0,100000,8012,16,0.001,Cacheus,0,84.214,84.454,83.974,283229.4979534164,,,,,,
bursty,1,100000,7864,16,0.001,LRU,0,84.434,84.54599999999999,84.322,4130500.861576909,,,,,,
bursty,1,100000,7864,16,0.001,LFU,0,84.434,84.54599999999999,84.322,612752.9001253675,,,,,,
bursty,1,100000,7864,16,0.001,LFU*,0,84.435,84.55,84.32,748982.6231990526,,,,,,
bursty,1,100000,7864,16,0.001,ARC,0,84.435,84.55,84.32,1384339.3154060182,,,,,,
bursty,1,100000,7864,16,0.001,S3-FIFO,0,84.441,84.554,84.328,2303731.8382191053,,,,,,
bursty,1,100000,7864,16,0.001,SIEVE,0,84.442,84.55799999999999,84.32600000000001,3909944.7450905205,,,,,,
bursty,1,100000,7864,16,0.001,LIRS,0,84.443,84.55799999999999,84.328,296411.84158400533,,,,,,
bursty,1,100000,7864,16,0.001,LeCaR,0,84.435,84.548,84.322,577655.9901787131,,,,,,
bursty,1,100000,7864,16,0.001,Cacheus,0,84.439,84.552,84.32600000000001,277308.8662020677,,,,,,
periodic,0,100000,8906,16,0.001,LRU,0,10.143,10.212,10.074,1956988.3319586392,,,,,,
periodic,0,100000,8906,16,0.001,LFU,0,1.314,1.982,0.6459999999999999,527934.1967607464,,,,,,
periodic,0,100000,8906,16,0.001,LFU*,0,1.428,2.116,0.74,745868.915507418,,,,,,
periodic,0,100000,8906,16,0.001,ARC,0,11.627,11.677999999999999,11.576,728736.8098755638,,,,,,
periodic,0,100000,8906,16,0.001,S3-FIFO,0,12.399000000000001,12.418,12.379999999999999,839592.2627694682,,,,,,
periodic,0,100000,8906,16,0.001,SIEVE,0,11.547,11.594,11.5,2055270.9210829898,,,,,,
periodic,0,100000,8906,16,0.001,LIRS,0,12.449,12.528,12.370000000000001,382442.6016944887,,,,,,
periodic,0,100000,8906,16,0.001,LeCaR,0,10.201,10.314,10.088,437986.81358409405,,,,,,
periodic,0,100000,8906,16,0.001,Cacheus,0,11.245,11.132,11.358,201641.60910428248,,,,,,
periodic,1,100000,8916,16,0.001,LRU,0,10.406,10.478,10.334,1916028.1502770882,,,,,,
periodic,1,100000,8916,16,0.001,LFU,0,1.2970000000000002,1.854,0.74,958921.9048144826,,,,,,
periodic,1,100000,8916,16,0.001,LFU*,0,1.447,2.102,0.792,431275.143583782,,,,,,
periodic,1,100000,8916,16,0.001,ARC,0,11.662,11.784,11.540000000000001,720999.3512468577,,,,,,
periodic,1,100000,8916,16,0.001,S3-FIFO,0,12.386999999999999,12.434000000000001,12.34,809538.5859196148,,,,,,
periodic,1,100000,8916,16,0.001,SIEVE,0,11.445,11.524,11.366,1937281.2555379178,,,,,,
periodic,1,100000,8916,16,0.001,LIRS,0,12.459000000000001,12.498,12.42,309315.01231642347,,,,,,
periodic,1,100000,8916,16,0.001,LeCaR,0,10.412,10.488,10.335999999999999,442210.8903027655,,,,,,
periodic,1,100000,8916,16,0.001,Cacheus,0,11.308,11.288,11.328000000000001,200823.8723049134,,,,,,
adversarial,0,100000,31,16,0.001,LRU,0,0.0,0.0,0.0,2091534.501545313,,,,,,
adversarial,0,100000,31,16,0.001,LFU,0,0.0,0.0,0.0,1161445.6221014143,,,,,,
adversarial,0,100000,31,16,0.001,LFU*,0,0.0,0.0,0.0,894944.1606333018,,,,,,
adversarial,0,100000,31,16,0.001,ARC,0,0.0,0.0,0.0,991563.7754034828,,,,,,
adversarial,0,100000,31,16,0.001,S3-FIFO,0,0.0,0.0,0.0,721780.7318051552,,,,,,
adversarial,0,100000,31,16,0.001,SIEVE,0,0.0,0.0,0.0,2070023.299166209,,,,,,
adversarial,0,100000,31,16,0.001,LIRS,0,48.375,48.36,48.39,638078.8334558323,,,,,,
adversarial,0,100000,31,16,0.001,LeCaR,0,0.0,0.0,0.0,602818.356663269,,,,,,
adversarial,0,100000,31,16,0.001,Cacheus,0,0.0,0.0,0.0,440292.70535773714,,,,,,
adversarial,1,100000,31,16,0.001,LRU,0,0.0,0.0,0.0,2181682.7271016445,,,,,,
adversarial,1,100000,31,16,0.001,LFU,0,0.0,0.0,0.0,1102158.7167202341,,,,,,
adversarial,1,100000,31,16,0.001,LFU*,0,0.0,0.0,0.0,894958.1289821696,,,,,,
adversarial,1,100000,31,16,0.001,ARC,0,0.0,0.0,0.0,1411435.791528799,,,,,,
adversarial,1,100000,31,16,0.001,S3-FIFO,0,0.0,0.0,0.0,657802.1122472618,,,,,,
adversarial,1,100000,31,16,0.001,SIEVE,0,0.0,0.0,0.0,1921920.7029607035,,,,,,
adversarial,1,100000,31,16,0.001,LIRS,0,48.375,48.36,48.39,649907.620180735,,,,,,
adversarial,1,100000,31,16,0.001,LeCaR,0,0.0,0.0,0.0,648028.8598374348,,,,,,
adversarial,1,100000,31,16,0.001,Cacheus,0,0.0,0.0,0.0,590237.7067882876,,,,,,
