State Construction,Inference,Eviction Choice,Algorithm,LRU Total Time (s),RL Total Time (s)
5.0258311493467795,10.798043372713943,1.3177868202501974,RL-Hybrid,0.01984827200021755,1.2412585040001431
